FID,timestamp,long,lat,sensor_typ,individual,tag_ident,ind_ident,study_name,utm_east,utm_north,utm_zone,study_tz,study_ts,date,time
0,2003-01-09 12:00:00,143.2432672,-12.74131486,radio-transmitter, ,#1006146607,1,"Green python Morelia viridis, Cape York Australia",743569,8590419,54S,Australian Eastern Standard Time (Queensland),2003-01-09 22:00:00,2020-07-15, 
1,2003-01-15 01:50:00,143.243543,-12.74126734,radio-transmitter, ,#1006146607,1,"Green python Morelia viridis, Cape York Australia",743599,8590424,54S,Australian Eastern Standard Time (Queensland),2003-01-15 11:50:00,2020-07-15, 
2,2003-01-15 22:49:00,143.2437437,-12.74105779,radio-transmitter, ,#1006146607,1,"Green python Morelia viridis, Cape York Australia",743621,8590447,54S,Australian Eastern Standard Time (Queensland),2003-01-16 08:49:00,2020-07-15, 
3,2003-01-22 07:50:00,143.2432184,-12.7451739,radio-transmitter, ,#1006146607,1,"Green python Morelia viridis, Cape York Australia",743560,8589992,54S,Australian Eastern Standard Time (Queensland),2003-01-22 17:50:00,2020-07-15, 
4,2003-01-24 02:43:00,143.2431004,-12.74537371,radio-transmitter, ,#1006146607,1,"Green python Morelia viridis, Cape York Australia",743547,8589970,54S,Australian Eastern Standard Time (Queensland),2003-01-24 12:43:00,2020-07-15, 
5,2003-01-25 01:26:00,143.2432213,-12.74550823,radio-transmitter, ,#1006146607,1,"Green python Morelia viridis, Cape York Australia",743560,8589955,54S,Australian Eastern Standard Time (Queensland),2003-01-25 11:26:00,2020-07-15, 
6,2003-01-27 06:40:00,143.2431852,-12.74558987,radio-transmitter, ,#1006146607,1,"Green python Morelia viridis, Cape York Australia",743556,8589946,54S,Australian Eastern Standard Time (Queensland),2003-01-27 16:40:00,2020-07-15, 
7,2003-01-29 02:30:00,143.2432684,-12.74563434,radio-transmitter, ,#1006146607,1,"Green python Morelia viridis, Cape York Australia",743565,8589941,54S,Australian Eastern Standard Time (Queensland),2003-01-29 12:30:00,2020-07-15, 
8,2003-01-31 05:00:00,143.2433432,-12.74576022,radio-transmitter, ,#1006146607,1,"Green python Morelia viridis, Cape York Australia",743573,8589927,54S,Australian Eastern Standard Time (Queensland),2003-01-31 15:00:00,2020-07-15, 
9,2003-02-02 06:36:00,143.2431966,-12.74584279,radio-transmitter, ,#1006146607,1,"Green python Morelia viridis, Cape York Australia",743557,8589918,54S,Australian Eastern Standard Time (Queensland),2003-02-02 16:36:00,2020-07-15, 
10,2003-02-04 00:37:00,143.2431508,-12.74586126,radio-transmitter, ,#1006146607,1,"Green python Morelia viridis, Cape York Australia",743552,8589916,54S,Australian Eastern Standard Time (Queensland),2003-02-04 10:37:00,2020-07-15, 
11,2003-02-06 02:16:00,143.243137,-12.74534629,radio-transmitter, ,#1006146607,1,"Green python Morelia viridis, Cape York Australia",743551,8589973,54S,Australian Eastern Standard Time (Queensland),2003-02-06 12:16:00,2020-07-15, 
12,2003-02-08 04:50:00,143.2428609,-12.74534863,radio-transmitter, ,#1006146607,1,"Green python Morelia viridis, Cape York Australia",743521,8589973,54S,Australian Eastern Standard Time (Queensland),2003-02-08 14:50:00,2020-07-15, 
13,2003-02-10 04:52:00,143.2425013,-12.74528842,radio-transmitter, ,#1006146607,1,"Green python Morelia viridis, Cape York Australia",743482,8589980,54S,Australian Eastern Standard Time (Queensland),2003-02-10 14:52:00,2020-07-15, 
14,2003-02-12 06:35:00,143.2425013,-12.74528842,radio-transmitter, ,#1006146607,1,"Green python Morelia viridis, Cape York Australia",743482,8589980,54S,Australian Eastern Standard Time (Queensland),2003-02-12 16:35:00,2020-07-15, 
15,2003-02-14 02:17:00,143.242453,-12.74502677,radio-transmitter, ,#1006146607,1,"Green python Morelia viridis, Cape York Australia",743477,8590009,54S,Australian Eastern Standard Time (Queensland),2003-02-14 12:17:00,2020-07-15, 
16,2003-02-16 03:05:00,143.2425908,-12.74185376,radio-transmitter, ,#1006146607,1,"Green python Morelia viridis, Cape York Australia",743495,8590360,54S,Australian Eastern Standard Time (Queensland),2003-02-16 13:05:00,2020-07-15, 
17,2003-02-18 03:30:00,143.2431039,-12.74158734,radio-transmitter, ,#1006146607,1,"Green python Morelia viridis, Cape York Australia",743551,8590389,54S,Australian Eastern Standard Time (Queensland),2003-02-18 13:30:00,2020-07-15, 
18,2003-02-26 22:35:00,143.2431316,-12.74158711,radio-transmitter, ,#1006146607,1,"Green python Morelia viridis, Cape York Australia",743554,8590389,54S,Australian Eastern Standard Time (Queensland),2003-02-27 08:35:00,2020-07-15, 
19,2003-03-02 05:19:00,143.2431315,-12.74157807,radio-transmitter, ,#1006146607,1,"Green python Morelia viridis, Cape York Australia",743554,8590390,54S,Australian Eastern Standard Time (Queensland),2003-03-02 15:19:00,2020-07-15, 
20,2003-03-14 06:08:00,143.2433184,-12.74189277,radio-transmitter, ,#1006146607,1,"Green python Morelia viridis, Cape York Australia",743574,8590355,54S,Australian Eastern Standard Time (Queensland),2003-03-14 16:08:00,2020-07-15, 
21,2003-03-16 06:12:00,143.2437765,-12.74165393,radio-transmitter, ,#1006146607,1,"Green python Morelia viridis, Cape York Australia",743624,8590381,54S,Australian Eastern Standard Time (Queensland),2003-03-16 16:12:00,2020-07-15, 
22,2003-03-25 03:58:00,143.2437679,-12.74171726,radio-transmitter, ,#1006146607,1,"Green python Morelia viridis, Cape York Australia",743623,8590374,54S,Australian Eastern Standard Time (Queensland),2003-03-25 13:58:00,2020-07-15, 
23,2003-03-26 00:37:00,143.2437765,-12.74165393,radio-transmitter, ,#1006146607,1,"Green python Morelia viridis, Cape York Australia",743624,8590381,54S,Australian Eastern Standard Time (Queensland),2003-03-26 10:37:00,2020-07-15, 
24,2003-03-28 00:24:00,143.2437679,-12.74171726,radio-transmitter, ,#1006146607,1,"Green python Morelia viridis, Cape York Australia",743623,8590374,54S,Australian Eastern Standard Time (Queensland),2003-03-28 10:24:00,2020-07-15, 
25,2003-03-31 00:35:00,143.2437853,-12.74159964,radio-transmitter, ,#1006146607,1,"Green python Morelia viridis, Cape York Australia",743625,8590387,54S,Australian Eastern Standard Time (Queensland),2003-03-31 10:35:00,2020-07-15, 
26,2003-04-02 04:16:00,143.2437036,-12.74173588,radio-transmitter, ,#1006146607,1,"Green python Morelia viridis, Cape York Australia",743616,8590372,54S,Australian Eastern Standard Time (Queensland),2003-04-02 14:16:00,2020-07-15, 
27,2003-04-06 06:00:00,143.2437183,-12.74131103,radio-transmitter, ,#1006146607,1,"Green python Morelia viridis, Cape York Australia",743618,8590419,54S,Australian Eastern Standard Time (Queensland),2003-04-06 16:00:00,2020-07-15, 
28,2003-04-08 03:47:00,143.2436892,-12.74114862,radio-transmitter, ,#1006146607,1,"Green python Morelia viridis, Cape York Australia",743615,8590437,54S,Australian Eastern Standard Time (Queensland),2003-04-08 13:47:00,2020-07-15, 
29,2003-04-10 05:35:00,143.2448069,-12.7415729,radio-transmitter, ,#1006146607,1,"Green python Morelia viridis, Cape York Australia",743736,8590389,54S,Australian Eastern Standard Time (Queensland),2003-04-10 15:35:00,2020-07-15, 
30,2003-04-11 04:42:00,143.2448068,-12.74156386,radio-transmitter, ,#1006146607,1,"Green python Morelia viridis, Cape York Australia",743736,8590390,54S,Australian Eastern Standard Time (Queensland),2003-04-11 14:42:00,2020-07-15, 
31,2003-04-12 02:15:00,143.2448087,-12.74178072,radio-transmitter, ,#1006146607,1,"Green python Morelia viridis, Cape York Australia",743736,8590366,54S,Australian Eastern Standard Time (Queensland),2003-04-12 12:15:00,2020-07-15, 
32,2003-05-26 04:48:00,143.2454832,-12.74206417,radio-transmitter, ,#1006146607,1,"Green python Morelia viridis, Cape York Australia",743809,8590334,54S,Australian Eastern Standard Time (Queensland),2003-05-26 14:48:00,2020-07-15, 
33,2003-05-27 02:42:00,143.2456118,-12.74203597,radio-transmitter, ,#1006146607,1,"Green python Morelia viridis, Cape York Australia",743823,8590337,54S,Australian Eastern Standard Time (Queensland),2003-05-27 12:42:00,2020-07-15, 
34,2003-05-28 02:20:00,143.2450134,-12.74203201,radio-transmitter, ,#1006146607,1,"Green python Morelia viridis, Cape York Australia",743758,8590338,54S,Australian Eastern Standard Time (Queensland),2003-05-28 12:20:00,2020-07-15, 
35,2003-05-29 01:22:00,143.2448103,-12.74196144,radio-transmitter, ,#1006146607,1,"Green python Morelia viridis, Cape York Australia",743736,8590346,54S,Australian Eastern Standard Time (Queensland),2003-05-29 11:22:00,2020-07-15, 
36,2003-05-30 06:50:00,143.2447547,-12.74191673,radio-transmitter, ,#1006146607,1,"Green python Morelia viridis, Cape York Australia",743730,8590351,54S,Australian Eastern Standard Time (Queensland),2003-05-30 16:50:00,2020-07-15, 
37,2003-05-31 02:50:00,143.2447276,-12.74198022,radio-transmitter, ,#1006146607,1,"Green python Morelia viridis, Cape York Australia",743727,8590344,54S,Australian Eastern Standard Time (Queensland),2003-05-31 12:50:00,2020-07-15, 
38,2003-06-01 02:40:00,143.2447732,-12.74192561,radio-transmitter, ,#1006146607,1,"Green python Morelia viridis, Cape York Australia",743732,8590350,54S,Australian Eastern Standard Time (Queensland),2003-06-01 12:40:00,2020-07-15, 
39,2003-06-02 00:55:00,143.2447267,-12.74187178,radio-transmitter, ,#1006146607,1,"Green python Morelia viridis, Cape York Australia",743727,8590356,54S,Australian Eastern Standard Time (Queensland),2003-06-02 10:55:00,2020-07-15, 
40,2003-06-03 02:15:00,143.2445879,-12.74179163,radio-transmitter, ,#1006146607,1,"Green python Morelia viridis, Cape York Australia",743712,8590365,54S,Australian Eastern Standard Time (Queensland),2003-06-03 12:15:00,2020-07-15, 
41,2003-06-04 04:26:00,143.2444596,-12.74186501,radio-transmitter, ,#1006146607,1,"Green python Morelia viridis, Cape York Australia",743698,8590357,54S,Australian Eastern Standard Time (Queensland),2003-06-04 14:26:00,2020-07-15, 
42,2003-09-10 04:58:00,143.2449786,-12.74225822,radio-transmitter, ,#1006146607,1,"Green python Morelia viridis, Cape York Australia",743754,8590313,54S,Australian Eastern Standard Time (Queensland),2003-09-10 14:58:00,2020-07-15, 
43,2003-09-11 23:03:00,143.2446447,-12.74092364,radio-transmitter, ,#1006146607,1,"Green python Morelia viridis, Cape York Australia",743719,8590461,54S,Australian Eastern Standard Time (Queensland),2003-09-12 09:03:00,2020-07-15, 
44,2003-09-12 23:34:00,143.2443301,-12.74074558,radio-transmitter, ,#1006146607,1,"Green python Morelia viridis, Cape York Australia",743685,8590481,54S,Australian Eastern Standard Time (Queensland),2003-09-13 09:34:00,2020-07-15, 
45,2003-09-14 06:55:00,143.2443301,-12.74074558,radio-transmitter, ,#1006146607,1,"Green python Morelia viridis, Cape York Australia",743685,8590481,54S,Australian Eastern Standard Time (Queensland),2003-09-14 16:55:00,2020-07-15, 
46,2003-09-14 22:42:00,143.2443301,-12.74074558,radio-transmitter, ,#1006146607,1,"Green python Morelia viridis, Cape York Australia",743685,8590481,54S,Australian Eastern Standard Time (Queensland),2003-09-15 08:42:00,2020-07-15, 
47,2003-09-15 22:36:00,143.2442569,-12.74080042,radio-transmitter, ,#1006146607,1,"Green python Morelia viridis, Cape York Australia",743677,8590475,54S,Australian Eastern Standard Time (Queensland),2003-09-16 08:36:00,2020-07-15, 
48,2003-09-16 23:07:00,143.2442569,-12.74079138,radio-transmitter, ,#1006146607,1,"Green python Morelia viridis, Cape York Australia",743677,8590476,54S,Australian Eastern Standard Time (Queensland),2003-09-17 09:07:00,2020-07-15, 
49,2003-09-17 06:44:00,143.2442569,-12.74079138,radio-transmitter, ,#1006146607,1,"Green python Morelia viridis, Cape York Australia",743677,8590476,54S,Australian Eastern Standard Time (Queensland),2003-09-17 16:44:00,2020-07-15, 
50,2003-09-20 02:36:00,143.2442569,-12.74079138,radio-transmitter, ,#1006146607,1,"Green python Morelia viridis, Cape York Australia",743677,8590476,54S,Australian Eastern Standard Time (Queensland),2003-09-20 12:36:00,2020-07-15, 
51,2003-09-20 22:52:00,143.2442904,-12.7414598,radio-transmitter, ,#1006146607,1,"Green python Morelia viridis, Cape York Australia",743680,8590402,54S,Australian Eastern Standard Time (Queensland),2003-09-21 08:52:00,2020-07-15, 
52,2003-09-22 04:50:00,143.2442904,-12.7414598,radio-transmitter, ,#1006146607,1,"Green python Morelia viridis, Cape York Australia",743680,8590402,54S,Australian Eastern Standard Time (Queensland),2003-09-22 14:50:00,2020-07-15, 
53,2003-09-22 23:30:00,143.2442904,-12.7414598,radio-transmitter, ,#1006146607,1,"Green python Morelia viridis, Cape York Australia",743680,8590402,54S,Australian Eastern Standard Time (Queensland),2003-09-23 09:30:00,2020-07-15, 
54,2003-09-24 07:00:00,143.2448274,-12.74181671,radio-transmitter, ,#1006146607,1,"Green python Morelia viridis, Cape York Australia",743738,8590362,54S,Australian Eastern Standard Time (Queensland),2003-09-24 17:00:00,2020-07-15, 
55,2003-09-24 23:32:00,143.2453043,-12.74161386,radio-transmitter, ,#1006146607,1,"Green python Morelia viridis, Cape York Australia",743790,8590384,54S,Australian Eastern Standard Time (Queensland),2003-09-25 09:32:00,2020-07-15, 
56,2003-09-26 02:24:00,143.2454516,-12.74161261,radio-transmitter, ,#1006146607,1,"Green python Morelia viridis, Cape York Australia",743806,8590384,54S,Australian Eastern Standard Time (Queensland),2003-09-26 12:24:00,2020-07-15, 
57,2003-09-26 23:15:00,143.2454698,-12.74158534,radio-transmitter, ,#1006146607,1,"Green python Morelia viridis, Cape York Australia",743808,8590387,54S,Australian Eastern Standard Time (Queensland),2003-09-27 09:15:00,2020-07-15, 
58,2003-09-28 02:57:00,143.245497,-12.74153993,radio-transmitter, ,#1006146607,1,"Green python Morelia viridis, Cape York Australia",743811,8590392,54S,Australian Eastern Standard Time (Queensland),2003-09-28 12:57:00,2020-07-15, 
59,2003-09-29 07:44:00,143.2455514,-12.7414491,radio-transmitter, ,#1006146607,1,"Green python Morelia viridis, Cape York Australia",743817,8590402,54S,Australian Eastern Standard Time (Queensland),2003-09-29 17:44:00,2020-07-15, 
60,2003-10-02 02:58:00,143.2455972,-12.7414216,radio-transmitter, ,#1006146607,1,"Green python Morelia viridis, Cape York Australia",743822,8590405,54S,Australian Eastern Standard Time (Queensland),2003-10-02 12:58:00,2020-07-15, 
61,2003-10-04 00:49:00,143.24557,-12.74146702,radio-transmitter, ,#1006146607,1,"Green python Morelia viridis, Cape York Australia",743819,8590400,54S,Australian Eastern Standard Time (Queensland),2003-10-04 10:49:00,2020-07-15, 
62,2003-10-04 22:13:00,143.24557,-12.74146702,radio-transmitter, ,#1006146607,1,"Green python Morelia viridis, Cape York Australia",743819,8590400,54S,Australian Eastern Standard Time (Queensland),2003-10-05 08:13:00,2020-07-15, 
63,2003-11-06 07:05:00,143.24557,-12.74146702,radio-transmitter, ,#1006146607,1,"Green python Morelia viridis, Cape York Australia",743819,8590400,54S,Australian Eastern Standard Time (Queensland),2003-11-06 17:05:00,2020-07-15, 
64,2003-11-07 23:32:00,143.2455284,-12.74092517,radio-transmitter, ,#1006146607,1,"Green python Morelia viridis, Cape York Australia",743815,8590460,54S,Australian Eastern Standard Time (Queensland),2003-11-08 09:32:00,2020-07-15, 
65,2003-11-10 05:53:00,143.2453983,-12.74078169,radio-transmitter, ,#1006146607,1,"Green python Morelia viridis, Cape York Australia",743801,8590476,54S,Australian Eastern Standard Time (Queensland),2003-11-10 15:53:00,2020-07-15, 
66,2003-11-11 23:35:00,143.2453983,-12.74078169,radio-transmitter, ,#1006146607,1,"Green python Morelia viridis, Cape York Australia",743801,8590476,54S,Australian Eastern Standard Time (Queensland),2003-11-12 09:35:00,2020-07-15, 
67,2003-11-13 23:31:00,143.2453983,-12.74078169,radio-transmitter, ,#1006146607,1,"Green python Morelia viridis, Cape York Australia",743801,8590476,54S,Australian Eastern Standard Time (Queensland),2003-11-14 09:31:00,2020-07-15, 
68,2003-11-15 23:45:00,143.2453983,-12.74078169,radio-transmitter, ,#1006146607,1,"Green python Morelia viridis, Cape York Australia",743801,8590476,54S,Australian Eastern Standard Time (Queensland),2003-11-16 09:45:00,2020-07-15, 
69,2003-11-17 23:40:00,143.2453983,-12.74078169,radio-transmitter, ,#1006146607,1,"Green python Morelia viridis, Cape York Australia",743801,8590476,54S,Australian Eastern Standard Time (Queensland),2003-11-18 09:40:00,2020-07-15, 
70,2003-11-19 22:20:00,143.2451577,-12.74064819,radio-transmitter, ,#1006146607,1,"Green python Morelia viridis, Cape York Australia",743775,8590491,54S,Australian Eastern Standard Time (Queensland),2003-11-20 08:20:00,2020-07-15, 
71,2003-11-21 23:54:00,143.2448068,-12.74052465,radio-transmitter, ,#1006146607,1,"Green python Morelia viridis, Cape York Australia",743737,8590505,54S,Australian Eastern Standard Time (Queensland),2003-11-22 09:54:00,2020-07-15, 
72,2003-11-24 00:00:00,143.2443764,-12.74078133,radio-transmitter, ,#1006146607,1,"Green python Morelia viridis, Cape York Australia",743690,8590477,54S,Australian Eastern Standard Time (Queensland),2003-11-24 10:00:00,2020-07-15, 
73,2003-11-25 23:06:00,143.2444325,-12.74088026,radio-transmitter, ,#1006146607,1,"Green python Morelia viridis, Cape York Australia",743696,8590466,54S,Australian Eastern Standard Time (Queensland),2003-11-26 09:06:00,2020-07-15, 
74,2003-11-27 23:44:00,143.2443509,-12.7410165,radio-transmitter, ,#1006146607,1,"Green python Morelia viridis, Cape York Australia",743687,8590451,54S,Australian Eastern Standard Time (Queensland),2003-11-28 09:44:00,2020-07-15, 
75,2003-11-29 23:23:00,143.2443509,-12.7410165,radio-transmitter, ,#1006146607,1,"Green python Morelia viridis, Cape York Australia",743687,8590451,54S,Australian Eastern Standard Time (Queensland),2003-11-30 09:23:00,2020-07-15, 
76,2003-12-02 01:30:00,143.2444048,-12.74087145,radio-transmitter, ,#1006146607,1,"Green python Morelia viridis, Cape York Australia",743693,8590467,54S,Australian Eastern Standard Time (Queensland),2003-12-02 11:30:00,2020-07-15, 
77,2003-12-03 23:52:00,143.2444048,-12.74087145,radio-transmitter, ,#1006146607,1,"Green python Morelia viridis, Cape York Australia",743693,8590467,54S,Australian Eastern Standard Time (Queensland),2003-12-04 09:52:00,2020-07-15, 
78,2003-12-05 23:52:00,143.2444048,-12.74087145,radio-transmitter, ,#1006146607,1,"Green python Morelia viridis, Cape York Australia",743693,8590467,54S,Australian Eastern Standard Time (Queensland),2003-12-06 09:52:00,2020-07-15, 
79,2003-12-19 01:37:00,143.2444233,-12.74088033,radio-transmitter, ,#1006146607,1,"Green python Morelia viridis, Cape York Australia",743695,8590466,54S,Australian Eastern Standard Time (Queensland),2003-12-19 11:37:00,2020-07-15, 
80,2003-12-22 00:23:00,143.2433285,-12.74200112,radio-transmitter, ,#1006146607,1,"Green python Morelia viridis, Cape York Australia",743575,8590343,54S,Australian Eastern Standard Time (Queensland),2003-12-22 10:23:00,2020-07-15, 
81,2003-12-24 00:06:00,143.2433288,-12.74203727,radio-transmitter, ,#1006146607,1,"Green python Morelia viridis, Cape York Australia",743575,8590339,54S,Australian Eastern Standard Time (Queensland),2003-12-24 10:06:00,2020-07-15, 
82,2003-12-26 00:56:00,143.2430741,-12.74238282,radio-transmitter, ,#1006146607,1,"Green python Morelia viridis, Cape York Australia",743547,8590301,54S,Australian Eastern Standard Time (Queensland),2003-12-26 10:56:00,2020-07-15, 
83,2003-12-28 00:37:00,143.2429906,-12.74231123,radio-transmitter, ,#1006146607,1,"Green python Morelia viridis, Cape York Australia",743538,8590309,54S,Australian Eastern Standard Time (Queensland),2003-12-28 10:37:00,2020-07-15, 
84,2003-12-29 23:46:00,143.2436372,-12.74151053,radio-transmitter, ,#1006146607,1,"Green python Morelia viridis, Cape York Australia",743609,8590397,54S,Australian Eastern Standard Time (Queensland),2003-12-30 09:46:00,2020-07-15, 
85,2004-01-01 01:08:00,143.2436001,-12.74148373,radio-transmitter, ,#1006146607,1,"Green python Morelia viridis, Cape York Australia",743605,8590400,54S,Australian Eastern Standard Time (Queensland),2004-01-01 11:08:00,2020-07-15, 
86,2004-01-03 00:02:00,143.2435357,-12.74148428,radio-transmitter, ,#1006146607,1,"Green python Morelia viridis, Cape York Australia",743598,8590400,54S,Australian Eastern Standard Time (Queensland),2004-01-03 10:02:00,2020-07-15, 
87,2004-01-05 01:09:00,143.2435087,-12.7415568,radio-transmitter, ,#1006146607,1,"Green python Morelia viridis, Cape York Australia",743595,8590392,54S,Australian Eastern Standard Time (Queensland),2004-01-05 11:09:00,2020-07-15, 
88,2004-01-07 22:53:00,143.2435087,-12.7415568,radio-transmitter, ,#1006146607,1,"Green python Morelia viridis, Cape York Australia",743595,8590392,54S,Australian Eastern Standard Time (Queensland),2004-01-08 08:53:00,2020-07-15, 
89,2004-01-09 22:58:00,143.2435087,-12.7415568,radio-transmitter, ,#1006146607,1,"Green python Morelia viridis, Cape York Australia",743595,8590392,54S,Australian Eastern Standard Time (Queensland),2004-01-10 08:58:00,2020-07-15, 
90,2004-01-11 23:09:00,143.2436176,-12.74137514,radio-transmitter, ,#1006146607,1,"Green python Morelia viridis, Cape York Australia",743607,8590412,54S,Australian Eastern Standard Time (Queensland),2004-01-12 09:09:00,2020-07-15, 
91,2004-01-13 22:05:00,143.2438557,-12.74123758,radio-transmitter, ,#1006146607,1,"Green python Morelia viridis, Cape York Australia",743633,8590427,54S,Australian Eastern Standard Time (Queensland),2004-01-14 08:05:00,2020-07-15, 
92,2004-01-16 03:07:00,143.2438557,-12.74123758,radio-transmitter, ,#1006146607,1,"Green python Morelia viridis, Cape York Australia",743633,8590427,54S,Australian Eastern Standard Time (Queensland),2004-01-16 13:07:00,2020-07-15, 
93,2004-01-17 22:32:00,143.2438373,-12.74123773,radio-transmitter, ,#1006146607,1,"Green python Morelia viridis, Cape York Australia",743631,8590427,54S,Australian Eastern Standard Time (Queensland),2004-01-18 08:32:00,2020-07-15, 
94,2004-01-19 00:36:00,143.2439393,-12.7413182,radio-transmitter, ,#1006146607,1,"Green python Morelia viridis, Cape York Australia",743642,8590418,54S,Australian Eastern Standard Time (Queensland),2004-01-19 10:36:00,2020-07-15, 
95,2004-01-20 22:50:00,143.2439041,-12.74149923,radio-transmitter, ,#1006146607,1,"Green python Morelia viridis, Cape York Australia",743638,8590398,54S,Australian Eastern Standard Time (Queensland),2004-01-21 08:50:00,2020-07-15, 
96,2004-01-23 00:29:00,143.2439587,-12.74143551,radio-transmitter, ,#1006146607,1,"Green python Morelia viridis, Cape York Australia",743644,8590405,54S,Australian Eastern Standard Time (Queensland),2004-01-23 10:29:00,2020-07-15, 
97,2004-01-24 22:53:00,143.2439395,-12.7413453,radio-transmitter, ,#1006146607,1,"Green python Morelia viridis, Cape York Australia",743642,8590415,54S,Australian Eastern Standard Time (Queensland),2004-01-25 08:53:00,2020-07-15, 
98,2004-01-26 22:37:00,143.2439395,-12.7413453,radio-transmitter, ,#1006146607,1,"Green python Morelia viridis, Cape York Australia",743642,8590415,54S,Australian Eastern Standard Time (Queensland),2004-01-27 08:37:00,2020-07-15, 
99,2004-01-28 23:28:00,143.2440306,-12.74123609,radio-transmitter, ,#1006146607,1,"Green python Morelia viridis, Cape York Australia",743652,8590427,54S,Australian Eastern Standard Time (Queensland),2004-01-29 09:28:00,2020-07-15, 
100,2004-01-30 23:42:00,143.2444256,-12.74218158,radio-transmitter, ,#1006146607,1,"Green python Morelia viridis, Cape York Australia",743694,8590322,54S,Australian Eastern Standard Time (Queensland),2004-01-31 09:42:00,2020-07-15, 
101,2004-01-31 02:24:00,143.2438562,-12.74129179,radio-transmitter, ,#1006146607,1,"Green python Morelia viridis, Cape York Australia",743633,8590421,54S,Australian Eastern Standard Time (Queensland),2004-01-31 12:24:00,2020-07-15, 
102,2004-02-01 22:10:00,143.244792,-12.74197967,radio-transmitter, ,#1006146607,1,"Green python Morelia viridis, Cape York Australia",743734,8590344,54S,Australian Eastern Standard Time (Queensland),2004-02-02 08:10:00,2020-07-15, 
103,2004-02-04 05:52:00,143.2451775,-12.74184085,radio-transmitter, ,#1006146607,1,"Green python Morelia viridis, Cape York Australia",743776,8590359,54S,Australian Eastern Standard Time (Queensland),2004-02-04 15:52:00,2020-07-15, 
104,2004-02-05 23:44:00,143.2451482,-12.74165133,radio-transmitter, ,#1006146607,1,"Green python Morelia viridis, Cape York Australia",743773,8590380,54S,Australian Eastern Standard Time (Queensland),2004-02-06 09:44:00,2020-07-15, 
105,2004-02-08 03:42:00,143.2451482,-12.74165133,radio-transmitter, ,#1006146607,1,"Green python Morelia viridis, Cape York Australia",743773,8590380,54S,Australian Eastern Standard Time (Queensland),2004-02-08 13:42:00,2020-07-15, 
106,2004-02-09 22:54:00,143.2450377,-12.74165227,radio-transmitter, ,#1006146607,1,"Green python Morelia viridis, Cape York Australia",743761,8590380,54S,Australian Eastern Standard Time (Queensland),2004-02-10 08:54:00,2020-07-15, 
107,2004-02-11 23:15:00,143.2449993,-12.74147186,radio-transmitter, ,#1006146607,1,"Green python Morelia viridis, Cape York Australia",743757,8590400,54S,Australian Eastern Standard Time (Queensland),2004-02-12 09:15:00,2020-07-15, 
108,2004-02-13 23:05:00,143.2448946,-12.74108418,radio-transmitter, ,#1006146607,1,"Green python Morelia viridis, Cape York Australia",743746,8590443,54S,Australian Eastern Standard Time (Queensland),2004-02-14 09:05:00,2020-07-15, 
109,2004-02-15 23:42:00,143.2447834,-12.74099475,radio-transmitter, ,#1006146607,1,"Green python Morelia viridis, Cape York Australia",743734,8590453,54S,Australian Eastern Standard Time (Queensland),2004-02-16 09:42:00,2020-07-15, 
110,2004-02-18 23:02:00,143.2445891,-12.74088796,radio-transmitter, ,#1006146607,1,"Green python Morelia viridis, Cape York Australia",743713,8590465,54S,Australian Eastern Standard Time (Queensland),2004-02-19 09:02:00,2020-07-15, 
111,2004-02-20 22:44:00,143.2445891,-12.74088796,radio-transmitter, ,#1006146607,1,"Green python Morelia viridis, Cape York Australia",743713,8590465,54S,Australian Eastern Standard Time (Queensland),2004-02-21 08:44:00,2020-07-15, 
112,2004-02-22 22:56:00,143.2443115,-12.74072766,radio-transmitter, ,#1006146607,1,"Green python Morelia viridis, Cape York Australia",743683,8590483,54S,Australian Eastern Standard Time (Queensland),2004-02-23 08:56:00,2020-07-15, 
113,2004-02-24 22:38:00,143.2442201,-12.74080073,radio-transmitter, ,#1006146607,1,"Green python Morelia viridis, Cape York Australia",743673,8590475,54S,Australian Eastern Standard Time (Queensland),2004-02-25 08:38:00,2020-07-15, 
114,2004-02-27 23:47:00,143.2439632,-12.74089327,radio-transmitter, ,#1006146607,1,"Green python Morelia viridis, Cape York Australia",743645,8590465,54S,Australian Eastern Standard Time (Queensland),2004-02-28 09:47:00,2020-07-15, 
115,2004-03-01 01:54:00,143.2439632,-12.74089327,radio-transmitter, ,#1006146607,1,"Green python Morelia viridis, Cape York Australia",743645,8590465,54S,Australian Eastern Standard Time (Queensland),2004-03-01 11:54:00,2020-07-15, 
116,2004-03-03 00:17:00,143.2439632,-12.74089327,radio-transmitter, ,#1006146607,1,"Green python Morelia viridis, Cape York Australia",743645,8590465,54S,Australian Eastern Standard Time (Queensland),2004-03-03 10:17:00,2020-07-15, 
117,2004-03-06 00:27:00,143.2439632,-12.74089327,radio-transmitter, ,#1006146607,1,"Green python Morelia viridis, Cape York Australia",743645,8590465,54S,Australian Eastern Standard Time (Queensland),2004-03-06 10:27:00,2020-07-15, 
118,2004-03-08 00:34:00,143.2439632,-12.74089327,radio-transmitter, ,#1006146607,1,"Green python Morelia viridis, Cape York Australia",743645,8590465,54S,Australian Eastern Standard Time (Queensland),2004-03-08 10:34:00,2020-07-15, 
119,2004-03-10 00:34:00,143.2439632,-12.74089327,radio-transmitter, ,#1006146607,1,"Green python Morelia viridis, Cape York Australia",743645,8590465,54S,Australian Eastern Standard Time (Queensland),2004-03-10 10:34:00,2020-07-15, 
120,2004-03-14 06:07:00,143.2436596,-12.74091392,radio-transmitter, ,#1006146607,1,"Green python Morelia viridis, Cape York Australia",743612,8590463,54S,Australian Eastern Standard Time (Queensland),2004-03-14 16:07:00,2020-07-15, 
121,2004-03-16 02:51:00,143.2434745,-12.74080705,radio-transmitter, ,#1006146607,1,"Green python Morelia viridis, Cape York Australia",743592,8590475,54S,Australian Eastern Standard Time (Queensland),2004-03-16 12:51:00,2020-07-15, 
122,2004-03-19 03:15:00,143.2435839,-12.74067961,radio-transmitter, ,#1006146607,1,"Green python Morelia viridis, Cape York Australia",743604,8590489,54S,Australian Eastern Standard Time (Queensland),2004-03-19 13:15:00,2020-07-15, 
123,2004-03-21 03:34:00,143.243875,-12.74133681,radio-transmitter, ,#1006146607,1,"Green python Morelia viridis, Cape York Australia",743635,8590416,54S,Australian Eastern Standard Time (Queensland),2004-03-21 13:34:00,2020-07-15, 
124,2004-03-23 03:23:00,143.2438195,-12.74131018,radio-transmitter, ,#1006146607,1,"Green python Morelia viridis, Cape York Australia",743629,8590419,54S,Australian Eastern Standard Time (Queensland),2004-03-23 13:23:00,2020-07-15, 
125,2004-03-25 02:45:00,143.2437656,-12.74145522,radio-transmitter, ,#1006146607,1,"Green python Morelia viridis, Cape York Australia",743623,8590403,54S,Australian Eastern Standard Time (Queensland),2004-03-25 12:45:00,2020-07-15, 
126,2004-03-27 02:52:00,143.2438195,-12.74131018,radio-transmitter, ,#1006146607,1,"Green python Morelia viridis, Cape York Australia",743629,8590419,54S,Australian Eastern Standard Time (Queensland),2004-03-27 12:52:00,2020-07-15, 
127,2004-03-29 02:42:00,143.2438195,-12.74131018,radio-transmitter, ,#1006146607,1,"Green python Morelia viridis, Cape York Australia",743629,8590419,54S,Australian Eastern Standard Time (Queensland),2004-03-29 12:42:00,2020-07-15, 
128,2004-04-01 06:29:00,143.2439844,-12.74121841,radio-transmitter, ,#1006146607,1,"Green python Morelia viridis, Cape York Australia",743647,8590429,54S,Australian Eastern Standard Time (Queensland),2004-04-01 16:29:00,2020-07-15, 
129,2003-01-09 13:17:00,143.2837765,-12.74286584,radio-transmitter, ,#1006146617,2,"Green python Morelia viridis, Cape York Australia",747968,8590209,54S,Australian Eastern Standard Time (Queensland),2003-01-09 23:17:00,2020-07-15, 
130,2003-01-14 02:07:00,143.2837584,-12.74289311,radio-transmitter, ,#1006146617,2,"Green python Morelia viridis, Cape York Australia",747966,8590206,54S,Australian Eastern Standard Time (Queensland),2003-01-14 12:07:00,2020-07-15, 
131,2003-01-16 05:00:00,143.2836854,-12.74296603,radio-transmitter, ,#1006146617,2,"Green python Morelia viridis, Cape York Australia",747958,8590198,54S,Australian Eastern Standard Time (Queensland),2003-01-16 15:00:00,2020-07-15, 
132,2003-01-17 01:10:00,143.2835195,-12.74294035,radio-transmitter, ,#1006146617,2,"Green python Morelia viridis, Cape York Australia",747940,8590201,54S,Australian Eastern Standard Time (Queensland),2003-01-17 11:10:00,2020-07-15, 
133,2003-01-18 00:18:00,143.2835829,-12.74283137,radio-transmitter, ,#1006146617,2,"Green python Morelia viridis, Cape York Australia",747947,8590213,54S,Australian Eastern Standard Time (Queensland),2003-01-18 10:18:00,2020-07-15, 
134,2003-01-19 00:48:00,143.2835255,-12.74258788,radio-transmitter, ,#1006146617,2,"Green python Morelia viridis, Cape York Australia",747941,8590240,54S,Australian Eastern Standard Time (Queensland),2003-01-19 10:48:00,2020-07-15, 
135,2003-01-21 01:20:00,143.2836238,-12.74225269,radio-transmitter, ,#1006146617,2,"Green python Morelia viridis, Cape York Australia",747952,8590277,54S,Australian Eastern Standard Time (Queensland),2003-01-21 11:20:00,2020-07-15, 
136,2003-01-23 05:23:00,143.2837619,-12.74226053,radio-transmitter, ,#1006146617,2,"Green python Morelia viridis, Cape York Australia",747967,8590276,54S,Australian Eastern Standard Time (Queensland),2003-01-23 15:23:00,2020-07-15, 
137,2003-01-24 07:00:00,143.2837619,-12.74226053,radio-transmitter, ,#1006146617,2,"Green python Morelia viridis, Cape York Australia",747967,8590276,54S,Australian Eastern Standard Time (Queensland),2003-01-24 17:00:00,2020-07-15, 
138,2003-01-25 06:48:00,143.2837619,-12.74226053,radio-transmitter, ,#1006146617,2,"Green python Morelia viridis, Cape York Australia",747967,8590276,54S,Australian Eastern Standard Time (Queensland),2003-01-25 16:48:00,2020-07-15, 
139,2003-01-26 05:35:00,143.2837619,-12.74226053,radio-transmitter, ,#1006146617,2,"Green python Morelia viridis, Cape York Australia",747967,8590276,54S,Australian Eastern Standard Time (Queensland),2003-01-26 15:35:00,2020-07-15, 
140,2003-01-27 01:14:00,143.2837619,-12.74226053,radio-transmitter, ,#1006146617,2,"Green python Morelia viridis, Cape York Australia",747967,8590276,54S,Australian Eastern Standard Time (Queensland),2003-01-27 11:14:00,2020-07-15, 
141,2003-01-27 12:27:00,143.2837619,-12.74226053,radio-transmitter, ,#1006146617,2,"Green python Morelia viridis, Cape York Australia",747967,8590276,54S,Australian Eastern Standard Time (Queensland),2003-01-27 22:27:00,2020-07-15, 
142,2003-01-28 06:14:00,143.2837619,-12.74226053,radio-transmitter, ,#1006146617,2,"Green python Morelia viridis, Cape York Australia",747967,8590276,54S,Australian Eastern Standard Time (Queensland),2003-01-28 16:14:00,2020-07-15, 
143,2003-01-28 13:18:00,143.2837803,-12.74226037,radio-transmitter, ,#1006146617,2,"Green python Morelia viridis, Cape York Australia",747969,8590276,54S,Australian Eastern Standard Time (Queensland),2003-01-28 23:18:00,2020-07-15, 
144,2003-01-29 06:59:00,143.283973,-12.74218642,radio-transmitter, ,#1006146617,2,"Green python Morelia viridis, Cape York Australia",747990,8590284,54S,Australian Eastern Standard Time (Queensland),2003-01-29 16:59:00,2020-07-15, 
145,2003-01-29 13:40:00,143.283973,-12.74218642,radio-transmitter, ,#1006146617,2,"Green python Morelia viridis, Cape York Australia",747990,8590284,54S,Australian Eastern Standard Time (Queensland),2003-01-29 23:40:00,2020-07-15, 
146,2003-01-30 05:23:00,143.283973,-12.74218642,radio-transmitter, ,#1006146617,2,"Green python Morelia viridis, Cape York Australia",747990,8590284,54S,Australian Eastern Standard Time (Queensland),2003-01-30 15:23:00,2020-07-15, 
147,2003-01-30 10:34:00,143.2839731,-12.74219546,radio-transmitter, ,#1006146617,2,"Green python Morelia viridis, Cape York Australia",747990,8590283,54S,Australian Eastern Standard Time (Queensland),2003-01-30 20:34:00,2020-07-15, 
148,2003-02-01 01:36:00,143.2845733,-12.74240714,radio-transmitter, ,#1006146617,2,"Green python Morelia viridis, Cape York Australia",748055,8590259,54S,Australian Eastern Standard Time (Queensland),2003-02-01 11:36:00,2020-07-15, 
149,2003-02-03 06:24:00,143.284843,-12.74271205,radio-transmitter, ,#1006146617,2,"Green python Morelia viridis, Cape York Australia",748084,8590225,54S,Australian Eastern Standard Time (Queensland),2003-02-03 16:24:00,2020-07-15, 
150,2003-02-04 02:35:00,143.2848521,-12.7426939,radio-transmitter, ,#1006146617,2,"Green python Morelia viridis, Cape York Australia",748085,8590227,54S,Australian Eastern Standard Time (Queensland),2003-02-04 12:35:00,2020-07-15, 
151,2003-02-05 01:54:00,143.2848338,-12.74271213,radio-transmitter, ,#1006146617,2,"Green python Morelia viridis, Cape York Australia",748083,8590225,54S,Australian Eastern Standard Time (Queensland),2003-02-05 11:54:00,2020-07-15, 
152,2003-02-07 01:59:00,143.2848338,-12.74271213,radio-transmitter, ,#1006146617,2,"Green python Morelia viridis, Cape York Australia",748083,8590225,54S,Australian Eastern Standard Time (Queensland),2003-02-07 11:59:00,2020-07-15, 
153,2003-02-09 01:00:00,143.2848339,-12.74272117,radio-transmitter, ,#1006146617,2,"Green python Morelia viridis, Cape York Australia",748083,8590224,54S,Australian Eastern Standard Time (Queensland),2003-02-09 11:00:00,2020-07-15, 
154,2003-02-10 06:45:00,143.2848339,-12.74272117,radio-transmitter, ,#1006146617,2,"Green python Morelia viridis, Cape York Australia",748083,8590224,54S,Australian Eastern Standard Time (Queensland),2003-02-10 16:45:00,2020-07-15, 
155,2003-02-11 06:42:00,143.2848339,-12.74272117,radio-transmitter, ,#1006146617,2,"Green python Morelia viridis, Cape York Australia",748083,8590224,54S,Australian Eastern Standard Time (Queensland),2003-02-11 16:42:00,2020-07-15, 
156,2003-02-13 01:18:00,143.2845499,-12.74287724,radio-transmitter, ,#1006146617,2,"Green python Morelia viridis, Cape York Australia",748052,8590207,54S,Australian Eastern Standard Time (Queensland),2003-02-13 11:18:00,2020-07-15, 
157,2003-02-15 01:45:00,143.2843859,-12.74306842,radio-transmitter, ,#1006146617,2,"Green python Morelia viridis, Cape York Australia",748034,8590186,54S,Australian Eastern Standard Time (Queensland),2003-02-15 11:45:00,2020-07-15, 
158,2003-02-17 00:10:00,143.2843858,-12.74305938,radio-transmitter, ,#1006146617,2,"Green python Morelia viridis, Cape York Australia",748034,8590187,54S,Australian Eastern Standard Time (Queensland),2003-02-17 10:10:00,2020-07-15, 
159,2003-02-19 02:12:00,143.2843858,-12.74305938,radio-transmitter, ,#1006146617,2,"Green python Morelia viridis, Cape York Australia",748034,8590187,54S,Australian Eastern Standard Time (Queensland),2003-02-19 12:12:00,2020-07-15, 
160,2003-02-21 01:58:00,143.2843859,-12.74306842,radio-transmitter, ,#1006146617,2,"Green python Morelia viridis, Cape York Australia",748034,8590186,54S,Australian Eastern Standard Time (Queensland),2003-02-21 11:58:00,2020-07-15, 
161,2003-02-22 05:30:00,143.2843859,-12.74306842,radio-transmitter, ,#1006146617,2,"Green python Morelia viridis, Cape York Australia",748034,8590186,54S,Australian Eastern Standard Time (Queensland),2003-02-22 15:30:00,2020-07-15, 
162,2003-02-23 00:26:00,143.2843859,-12.74306842,radio-transmitter, ,#1006146617,2,"Green python Morelia viridis, Cape York Australia",748034,8590186,54S,Australian Eastern Standard Time (Queensland),2003-02-23 10:26:00,2020-07-15, 
163,2003-02-25 04:40:00,143.2842123,-12.7432145,radio-transmitter, ,#1006146617,2,"Green python Morelia viridis, Cape York Australia",748015,8590170,54S,Australian Eastern Standard Time (Queensland),2003-02-25 14:40:00,2020-07-15, 
164,2003-02-27 04:22:00,143.2842123,-12.7432145,radio-transmitter, ,#1006146617,2,"Green python Morelia viridis, Cape York Australia",748015,8590170,54S,Australian Eastern Standard Time (Queensland),2003-02-27 14:22:00,2020-07-15, 
165,2003-02-27 11:07:00,143.2842212,-12.74317828,radio-transmitter, ,#1006146617,2,"Green python Morelia viridis, Cape York Australia",748016,8590174,54S,Australian Eastern Standard Time (Queensland),2003-02-27 21:07:00,2020-07-15, 
166,2003-02-28 22:58:00,143.2842123,-12.7432145,radio-transmitter, ,#1006146617,2,"Green python Morelia viridis, Cape York Australia",748015,8590170,54S,Australian Eastern Standard Time (Queensland),2003-03-01 08:58:00,2020-07-15, 
167,2003-03-01 13:25:00,143.2842212,-12.74317828,radio-transmitter, ,#1006146617,2,"Green python Morelia viridis, Cape York Australia",748016,8590174,54S,Australian Eastern Standard Time (Queensland),2003-03-01 23:25:00,2020-07-15, 
168,2003-03-02 10:30:00,143.2842123,-12.7432145,radio-transmitter, ,#1006146617,2,"Green python Morelia viridis, Cape York Australia",748015,8590170,54S,Australian Eastern Standard Time (Queensland),2003-03-02 20:30:00,2020-07-15, 
169,2003-03-03 12:30:00,143.2842212,-12.74317828,radio-transmitter, ,#1006146617,2,"Green python Morelia viridis, Cape York Australia",748016,8590174,54S,Australian Eastern Standard Time (Queensland),2003-03-03 22:30:00,2020-07-15, 
170,2003-03-04 04:56:00,143.2842123,-12.7432145,radio-transmitter, ,#1006146617,2,"Green python Morelia viridis, Cape York Australia",748015,8590170,54S,Australian Eastern Standard Time (Queensland),2003-03-04 14:56:00,2020-07-15, 
171,2003-03-05 11:38:00,143.2842212,-12.74317828,radio-transmitter, ,#1006146617,2,"Green python Morelia viridis, Cape York Australia",748016,8590174,54S,Australian Eastern Standard Time (Queensland),2003-03-05 21:38:00,2020-07-15, 
172,2003-03-06 12:48:00,143.2842212,-12.74317828,radio-transmitter, ,#1006146617,2,"Green python Morelia viridis, Cape York Australia",748016,8590174,54S,Australian Eastern Standard Time (Queensland),2003-03-06 22:48:00,2020-07-15, 
173,2003-03-07 04:20:00,143.2842123,-12.7432145,radio-transmitter, ,#1006146617,2,"Green python Morelia viridis, Cape York Australia",748015,8590170,54S,Australian Eastern Standard Time (Queensland),2003-03-07 14:20:00,2020-07-15, 
174,2003-03-09 04:17:00,143.2842491,-12.74320515,radio-transmitter, ,#1006146617,2,"Green python Morelia viridis, Cape York Australia",748019,8590171,54S,Australian Eastern Standard Time (Queensland),2003-03-09 14:17:00,2020-07-15, 
175,2003-03-11 06:26:00,143.2842491,-12.74320515,radio-transmitter, ,#1006146617,2,"Green python Morelia viridis, Cape York Australia",748019,8590171,54S,Australian Eastern Standard Time (Queensland),2003-03-11 16:26:00,2020-07-15, 
176,2003-03-13 00:17:00,143.2842491,-12.74320515,radio-transmitter, ,#1006146617,2,"Green python Morelia viridis, Cape York Australia",748019,8590171,54S,Australian Eastern Standard Time (Queensland),2003-03-13 10:17:00,2020-07-15, 
177,2003-03-13 12:23:00,143.2842212,-12.74317828,radio-transmitter, ,#1006146617,2,"Green python Morelia viridis, Cape York Australia",748016,8590174,54S,Australian Eastern Standard Time (Queensland),2003-03-13 22:23:00,2020-07-15, 
178,2003-03-15 00:40:00,143.2834416,-12.74247114,radio-transmitter, ,#1006146617,2,"Green python Morelia viridis, Cape York Australia",747932,8590253,54S,Australian Eastern Standard Time (Queensland),2003-03-15 10:40:00,2020-07-15, 
179,2003-03-17 01:59:00,143.2834599,-12.74246194,radio-transmitter, ,#1006146617,2,"Green python Morelia viridis, Cape York Australia",747934,8590254,54S,Australian Eastern Standard Time (Queensland),2003-03-17 11:59:00,2020-07-15, 
180,2003-03-27 03:51:00,143.2835913,-12.74171079,radio-transmitter, ,#1006146617,2,"Green python Morelia viridis, Cape York Australia",747949,8590337,54S,Australian Eastern Standard Time (Queensland),2003-03-27 13:51:00,2020-07-15, 
181,2003-03-29 04:05:00,143.2839836,-12.74131884,radio-transmitter, ,#1006146617,2,"Green python Morelia viridis, Cape York Australia",747992,8590380,54S,Australian Eastern Standard Time (Queensland),2003-03-29 14:05:00,2020-07-15, 
182,2003-03-29 10:00:00,143.2839836,-12.74131884,radio-transmitter, ,#1006146617,2,"Green python Morelia viridis, Cape York Australia",747992,8590380,54S,Australian Eastern Standard Time (Queensland),2003-03-29 20:00:00,2020-07-15, 
183,2003-03-31 01:40:00,143.2839836,-12.74131884,radio-transmitter, ,#1006146617,2,"Green python Morelia viridis, Cape York Australia",747992,8590380,54S,Australian Eastern Standard Time (Queensland),2003-03-31 11:40:00,2020-07-15, 
184,2003-04-01 05:59:00,143.2839836,-12.74131884,radio-transmitter, ,#1006146617,2,"Green python Morelia viridis, Cape York Australia",747992,8590380,54S,Australian Eastern Standard Time (Queensland),2003-04-01 15:59:00,2020-07-15, 
185,2003-04-01 13:26:00,143.2839836,-12.74131884,radio-transmitter, ,#1006146617,2,"Green python Morelia viridis, Cape York Australia",747992,8590380,54S,Australian Eastern Standard Time (Queensland),2003-04-01 23:26:00,2020-07-15, 
186,2003-04-02 05:16:00,143.2839836,-12.74131884,radio-transmitter, ,#1006146617,2,"Green python Morelia viridis, Cape York Australia",747992,8590380,54S,Australian Eastern Standard Time (Queensland),2003-04-02 15:16:00,2020-07-15, 
187,2003-04-03 05:36:00,143.2840107,-12.74125535,radio-transmitter, ,#1006146617,2,"Green python Morelia viridis, Cape York Australia",747995,8590387,54S,Australian Eastern Standard Time (Queensland),2003-04-03 15:36:00,2020-07-15, 
188,2003-04-03 12:18:00,143.2840107,-12.74125535,radio-transmitter, ,#1006146617,2,"Green python Morelia viridis, Cape York Australia",747995,8590387,54S,Australian Eastern Standard Time (Queensland),2003-04-03 22:18:00,2020-07-15, 
189,2003-04-04 06:04:00,143.2840107,-12.74125535,radio-transmitter, ,#1006146617,2,"Green python Morelia viridis, Cape York Australia",747995,8590387,54S,Australian Eastern Standard Time (Queensland),2003-04-04 16:04:00,2020-07-15, 
190,2003-04-05 10:57:00,143.2840107,-12.74125535,radio-transmitter, ,#1006146617,2,"Green python Morelia viridis, Cape York Australia",747995,8590387,54S,Australian Eastern Standard Time (Queensland),2003-04-05 20:57:00,2020-07-15, 
191,2003-04-07 05:07:00,143.2840107,-12.74125535,radio-transmitter, ,#1006146617,2,"Green python Morelia viridis, Cape York Australia",747995,8590387,54S,Australian Eastern Standard Time (Queensland),2003-04-07 15:07:00,2020-07-15, 
192,2003-04-07 12:05:00,143.2840107,-12.74125535,radio-transmitter, ,#1006146617,2,"Green python Morelia viridis, Cape York Australia",747995,8590387,54S,Australian Eastern Standard Time (Queensland),2003-04-07 22:05:00,2020-07-15, 
193,2003-04-08 04:50:00,143.2840107,-12.74125535,radio-transmitter, ,#1006146617,2,"Green python Morelia viridis, Cape York Australia",747995,8590387,54S,Australian Eastern Standard Time (Queensland),2003-04-08 14:50:00,2020-07-15, 
194,2003-04-09 11:40:00,143.28402,-12.74127334,radio-transmitter, ,#1006146617,2,"Green python Morelia viridis, Cape York Australia",747996,8590385,54S,Australian Eastern Standard Time (Queensland),2003-04-09 21:40:00,2020-07-15, 
195,2003-04-10 00:00:00,143.2840199,-12.74125527,radio-transmitter, ,#1006146617,2,"Green python Morelia viridis, Cape York Australia",747996,8590387,54S,Australian Eastern Standard Time (Queensland),2003-04-10 10:00:00,2020-07-15, 
196,2003-04-11 04:00:00,143.2840199,-12.74125527,radio-transmitter, ,#1006146617,2,"Green python Morelia viridis, Cape York Australia",747996,8590387,54S,Australian Eastern Standard Time (Queensland),2003-04-11 14:00:00,2020-07-15, 
197,2003-04-11 13:37:00,143.2840199,-12.74125527,radio-transmitter, ,#1006146617,2,"Green python Morelia viridis, Cape York Australia",747996,8590387,54S,Australian Eastern Standard Time (Queensland),2003-04-11 23:37:00,2020-07-15, 
198,2003-04-12 01:17:00,143.2840199,-12.74125527,radio-transmitter, ,#1006146617,2,"Green python Morelia viridis, Cape York Australia",747996,8590387,54S,Australian Eastern Standard Time (Queensland),2003-04-12 11:17:00,2020-07-15, 
199,2003-04-12 11:50:00,143.2840199,-12.74125527,radio-transmitter, ,#1006146617,2,"Green python Morelia viridis, Cape York Australia",747996,8590387,54S,Australian Eastern Standard Time (Queensland),2003-04-12 21:50:00,2020-07-15, 
200,2003-05-23 00:33:00,143.2852454,-12.74138927,radio-transmitter, ,#1006146617,2,"Green python Morelia viridis, Cape York Australia",748129,8590371,54S,Australian Eastern Standard Time (Queensland),2003-05-23 10:33:00,2020-07-15, 
201,2003-05-24 02:59:00,143.2852454,-12.74138927,radio-transmitter, ,#1006146617,2,"Green python Morelia viridis, Cape York Australia",748129,8590371,54S,Australian Eastern Standard Time (Queensland),2003-05-24 12:59:00,2020-07-15, 
202,2003-05-24 12:28:00,143.2852544,-12.74137112,radio-transmitter, ,#1006146617,2,"Green python Morelia viridis, Cape York Australia",748130,8590373,54S,Australian Eastern Standard Time (Queensland),2003-05-24 22:28:00,2020-07-15, 
203,2003-05-25 00:34:00,143.2852544,-12.74137112,radio-transmitter, ,#1006146617,2,"Green python Morelia viridis, Cape York Australia",748130,8590373,54S,Australian Eastern Standard Time (Queensland),2003-05-25 10:34:00,2020-07-15, 
204,2003-05-25 13:15:00,143.2852544,-12.74137112,radio-transmitter, ,#1006146617,2,"Green python Morelia viridis, Cape York Australia",748130,8590373,54S,Australian Eastern Standard Time (Queensland),2003-05-25 23:15:00,2020-07-15, 
205,2003-05-26 03:32:00,143.2852544,-12.74137112,radio-transmitter, ,#1006146617,2,"Green python Morelia viridis, Cape York Australia",748130,8590373,54S,Australian Eastern Standard Time (Queensland),2003-05-26 13:32:00,2020-07-15, 
206,2003-05-26 11:40:00,143.2852544,-12.74137112,radio-transmitter, ,#1006146617,2,"Green python Morelia viridis, Cape York Australia",748130,8590373,54S,Australian Eastern Standard Time (Queensland),2003-05-26 21:40:00,2020-07-15, 
207,2003-05-27 00:56:00,143.2852544,-12.74137112,radio-transmitter, ,#1006146617,2,"Green python Morelia viridis, Cape York Australia",748130,8590373,54S,Australian Eastern Standard Time (Queensland),2003-05-27 10:56:00,2020-07-15, 
208,2003-05-27 10:33:00,143.2852544,-12.74137112,radio-transmitter, ,#1006146617,2,"Green python Morelia viridis, Cape York Australia",748130,8590373,54S,Australian Eastern Standard Time (Queensland),2003-05-27 20:33:00,2020-07-15, 
209,2003-05-28 00:24:00,143.2852544,-12.74137112,radio-transmitter, ,#1006146617,2,"Green python Morelia viridis, Cape York Australia",748130,8590373,54S,Australian Eastern Standard Time (Queensland),2003-05-28 10:24:00,2020-07-15, 
210,2003-05-28 11:58:00,143.2852544,-12.74137112,radio-transmitter, ,#1006146617,2,"Green python Morelia viridis, Cape York Australia",748130,8590373,54S,Australian Eastern Standard Time (Queensland),2003-05-28 21:58:00,2020-07-15, 
211,2003-05-28 23:54:00,143.2852544,-12.74137112,radio-transmitter, ,#1006146617,2,"Green python Morelia viridis, Cape York Australia",748130,8590373,54S,Australian Eastern Standard Time (Queensland),2003-05-29 09:54:00,2020-07-15, 
212,2003-05-29 13:29:00,143.2852544,-12.74137112,radio-transmitter, ,#1006146617,2,"Green python Morelia viridis, Cape York Australia",748130,8590373,54S,Australian Eastern Standard Time (Queensland),2003-05-29 23:29:00,2020-07-15, 
213,2003-05-30 06:14:00,143.2852544,-12.74137112,radio-transmitter, ,#1006146617,2,"Green python Morelia viridis, Cape York Australia",748130,8590373,54S,Australian Eastern Standard Time (Queensland),2003-05-30 16:14:00,2020-07-15, 
214,2003-05-30 12:01:00,143.2852544,-12.74137112,radio-transmitter, ,#1006146617,2,"Green python Morelia viridis, Cape York Australia",748130,8590373,54S,Australian Eastern Standard Time (Queensland),2003-05-30 22:01:00,2020-07-15, 
215,2003-05-31 01:24:00,143.2852544,-12.74137112,radio-transmitter, ,#1006146617,2,"Green python Morelia viridis, Cape York Australia",748130,8590373,54S,Australian Eastern Standard Time (Queensland),2003-05-31 11:24:00,2020-07-15, 
216,2003-05-31 12:02:00,143.2852544,-12.74137112,radio-transmitter, ,#1006146617,2,"Green python Morelia viridis, Cape York Australia",748130,8590373,54S,Australian Eastern Standard Time (Queensland),2003-05-31 22:02:00,2020-07-15, 
217,2003-06-01 01:07:00,143.2852544,-12.74137112,radio-transmitter, ,#1006146617,2,"Green python Morelia viridis, Cape York Australia",748130,8590373,54S,Australian Eastern Standard Time (Queensland),2003-06-01 11:07:00,2020-07-15, 
218,2003-06-01 11:23:00,143.2852544,-12.74137112,radio-transmitter, ,#1006146617,2,"Green python Morelia viridis, Cape York Australia",748130,8590373,54S,Australian Eastern Standard Time (Queensland),2003-06-01 21:23:00,2020-07-15, 
219,2003-06-01 23:51:00,143.2852544,-12.74137112,radio-transmitter, ,#1006146617,2,"Green python Morelia viridis, Cape York Australia",748130,8590373,54S,Australian Eastern Standard Time (Queensland),2003-06-02 09:51:00,2020-07-15, 
220,2003-06-02 10:15:00,143.2852544,-12.74137112,radio-transmitter, ,#1006146617,2,"Green python Morelia viridis, Cape York Australia",748130,8590373,54S,Australian Eastern Standard Time (Queensland),2003-06-02 20:15:00,2020-07-15, 
221,2003-06-03 01:16:00,143.2852544,-12.74137112,radio-transmitter, ,#1006146617,2,"Green python Morelia viridis, Cape York Australia",748130,8590373,54S,Australian Eastern Standard Time (Queensland),2003-06-03 11:16:00,2020-07-15, 
222,2003-06-03 10:15:00,143.2852544,-12.74137112,radio-transmitter, ,#1006146617,2,"Green python Morelia viridis, Cape York Australia",748130,8590373,54S,Australian Eastern Standard Time (Queensland),2003-06-03 20:15:00,2020-07-15, 
223,2003-06-04 03:29:00,143.2852544,-12.74137112,radio-transmitter, ,#1006146617,2,"Green python Morelia viridis, Cape York Australia",748130,8590373,54S,Australian Eastern Standard Time (Queensland),2003-06-04 13:29:00,2020-07-15, 
224,2003-07-10 00:00:00,143.2850671,-12.74204142,radio-transmitter, ,#1006146617,2,"Green python Morelia viridis, Cape York Australia",748109,8590299,54S,Australian Eastern Standard Time (Queensland),2003-07-10 10:00:00,2020-07-15, 
225,2003-09-09 23:16:00,143.2847581,-12.74248688,radio-transmitter, ,#1006146617,2,"Green python Morelia viridis, Cape York Australia",748075,8590250,54S,Australian Eastern Standard Time (Queensland),2003-09-10 09:16:00,2020-07-15, 
226,2003-09-11 01:20:00,143.2847584,-12.74251398,radio-transmitter, ,#1006146617,2,"Green python Morelia viridis, Cape York Australia",748075,8590247,54S,Australian Eastern Standard Time (Queensland),2003-09-11 11:20:00,2020-07-15, 
227,2003-09-12 01:12:00,143.2847584,-12.74251398,radio-transmitter, ,#1006146617,2,"Green python Morelia viridis, Cape York Australia",748075,8590247,54S,Australian Eastern Standard Time (Queensland),2003-09-12 11:12:00,2020-07-15, 
228,2003-09-12 22:48:00,143.2847584,-12.74251398,radio-transmitter, ,#1006146617,2,"Green python Morelia viridis, Cape York Australia",748075,8590247,54S,Australian Eastern Standard Time (Queensland),2003-09-13 08:48:00,2020-07-15, 
229,2003-09-13 10:11:00,143.2847584,-12.74251398,radio-transmitter, ,#1006146617,2,"Green python Morelia viridis, Cape York Australia",748075,8590247,54S,Australian Eastern Standard Time (Queensland),2003-09-13 20:11:00,2020-07-15, 
230,2003-09-14 07:17:00,143.2847584,-12.74251398,radio-transmitter, ,#1006146617,2,"Green python Morelia viridis, Cape York Australia",748075,8590247,54S,Australian Eastern Standard Time (Queensland),2003-09-14 17:17:00,2020-07-15, 
231,2003-09-14 11:33:00,143.2847584,-12.74251398,radio-transmitter, ,#1006146617,2,"Green python Morelia viridis, Cape York Australia",748075,8590247,54S,Australian Eastern Standard Time (Queensland),2003-09-14 21:33:00,2020-07-15, 
232,2003-09-14 23:14:00,143.2847584,-12.74251398,radio-transmitter, ,#1006146617,2,"Green python Morelia viridis, Cape York Australia",748075,8590247,54S,Australian Eastern Standard Time (Queensland),2003-09-15 09:14:00,2020-07-15, 
233,2003-09-15 11:19:00,143.2847584,-12.74251398,radio-transmitter, ,#1006146617,2,"Green python Morelia viridis, Cape York Australia",748075,8590247,54S,Australian Eastern Standard Time (Queensland),2003-09-15 21:19:00,2020-07-15, 
234,2003-09-15 23:04:00,143.2847584,-12.74251398,radio-transmitter, ,#1006146617,2,"Green python Morelia viridis, Cape York Australia",748075,8590247,54S,Australian Eastern Standard Time (Queensland),2003-09-16 09:04:00,2020-07-15, 
235,2003-09-16 12:06:00,143.2847584,-12.74251398,radio-transmitter, ,#1006146617,2,"Green python Morelia viridis, Cape York Australia",748075,8590247,54S,Australian Eastern Standard Time (Queensland),2003-09-16 22:06:00,2020-07-15, 
236,2003-09-16 23:37:00,143.2847584,-12.74251398,radio-transmitter, ,#1006146617,2,"Green python Morelia viridis, Cape York Australia",748075,8590247,54S,Australian Eastern Standard Time (Queensland),2003-09-17 09:37:00,2020-07-15, 
237,2003-09-17 11:48:00,143.2847584,-12.74251398,radio-transmitter, ,#1006146617,2,"Green python Morelia viridis, Cape York Australia",748075,8590247,54S,Australian Eastern Standard Time (Queensland),2003-09-17 21:48:00,2020-07-15, 
238,2003-09-17 22:39:00,143.2847584,-12.74251398,radio-transmitter, ,#1006146617,2,"Green python Morelia viridis, Cape York Australia",748075,8590247,54S,Australian Eastern Standard Time (Queensland),2003-09-18 08:39:00,2020-07-15, 
239,2003-09-19 07:04:00,143.2847584,-12.74251398,radio-transmitter, ,#1006146617,2,"Green python Morelia viridis, Cape York Australia",748075,8590247,54S,Australian Eastern Standard Time (Queensland),2003-09-19 17:04:00,2020-07-15, 
240,2003-09-20 01:47:00,143.2847584,-12.74251398,radio-transmitter, ,#1006146617,2,"Green python Morelia viridis, Cape York Australia",748075,8590247,54S,Australian Eastern Standard Time (Queensland),2003-09-20 11:47:00,2020-07-15, 
241,2003-09-20 23:47:00,143.2847584,-12.74251398,radio-transmitter, ,#1006146617,2,"Green python Morelia viridis, Cape York Australia",748075,8590247,54S,Australian Eastern Standard Time (Queensland),2003-09-21 09:47:00,2020-07-15, 
242,2003-09-22 05:49:00,143.2847584,-12.74251398,radio-transmitter, ,#1006146617,2,"Green python Morelia viridis, Cape York Australia",748075,8590247,54S,Australian Eastern Standard Time (Queensland),2003-09-22 15:49:00,2020-07-15, 
243,2003-09-23 01:35:00,143.2847956,-12.74255884,radio-transmitter, ,#1006146617,2,"Green python Morelia viridis, Cape York Australia",748079,8590242,54S,Australian Eastern Standard Time (Queensland),2003-09-23 11:35:00,2020-07-15, 
244,2003-09-24 06:36:00,143.2847956,-12.74255884,radio-transmitter, ,#1006146617,2,"Green python Morelia viridis, Cape York Australia",748079,8590242,54S,Australian Eastern Standard Time (Queensland),2003-09-24 16:36:00,2020-07-15, 
245,2003-09-24 11:30:00,143.2847584,-12.74251398,radio-transmitter, ,#1006146617,2,"Green python Morelia viridis, Cape York Australia",748075,8590247,54S,Australian Eastern Standard Time (Queensland),2003-09-24 21:30:00,2020-07-15, 
246,2003-09-25 00:03:00,143.2847584,-12.74251398,radio-transmitter, ,#1006146617,2,"Green python Morelia viridis, Cape York Australia",748075,8590247,54S,Australian Eastern Standard Time (Queensland),2003-09-25 10:03:00,2020-07-15, 
247,2003-09-26 01:50:00,143.2845358,-12.74232614,radio-transmitter, ,#1006146617,2,"Green python Morelia viridis, Cape York Australia",748051,8590268,54S,Australian Eastern Standard Time (Queensland),2003-09-26 11:50:00,2020-07-15, 
248,2003-09-26 10:54:00,143.2845358,-12.74232614,radio-transmitter, ,#1006146617,2,"Green python Morelia viridis, Cape York Australia",748051,8590268,54S,Australian Eastern Standard Time (Queensland),2003-09-26 20:54:00,2020-07-15, 
249,2003-09-27 00:13:00,143.2845358,-12.74232614,radio-transmitter, ,#1006146617,2,"Green python Morelia viridis, Cape York Australia",748051,8590268,54S,Australian Eastern Standard Time (Queensland),2003-09-27 10:13:00,2020-07-15, 
250,2003-09-28 03:22:00,143.284545,-12.74232606,radio-transmitter, ,#1006146617,2,"Green python Morelia viridis, Cape York Australia",748052,8590268,54S,Australian Eastern Standard Time (Queensland),2003-09-28 13:22:00,2020-07-15, 
251,2003-09-29 05:21:00,143.284618,-12.74225314,radio-transmitter, ,#1006146617,2,"Green python Morelia viridis, Cape York Australia",748060,8590276,54S,Australian Eastern Standard Time (Queensland),2003-09-29 15:21:00,2020-07-15, 
252,2003-09-30 11:58:00,143.2843388,-12.74192121,radio-transmitter, ,#1006146617,2,"Green python Morelia viridis, Cape York Australia",748030,8590313,54S,Australian Eastern Standard Time (Queensland),2003-09-30 21:58:00,2020-07-15, 
253,2003-10-04 04:39:00,143.2843198,-12.74184908,radio-transmitter, ,#1006146617,2,"Green python Morelia viridis, Cape York Australia",748028,8590321,54S,Australian Eastern Standard Time (Queensland),2003-10-04 14:39:00,2020-07-15, 
254,2003-10-04 10:54:00,143.2843198,-12.74184908,radio-transmitter, ,#1006146617,2,"Green python Morelia viridis, Cape York Australia",748028,8590321,54S,Australian Eastern Standard Time (Queensland),2003-10-04 20:54:00,2020-07-15, 
255,2003-10-04 21:29:00,143.2843472,-12.74183077,radio-transmitter, ,#1006146617,2,"Green python Morelia viridis, Cape York Australia",748031,8590323,54S,Australian Eastern Standard Time (Queensland),2003-10-05 07:29:00,2020-07-15, 
256,2003-11-06 04:26:00,143.2832007,-12.74127138,radio-transmitter, ,#1006146617,2,"Green python Morelia viridis, Cape York Australia",747907,8590386,54S,Australian Eastern Standard Time (Queensland),2003-11-06 14:26:00,2020-07-15, 
257,2003-11-06 23:14:00,143.2830624,-12.74124546,radio-transmitter, ,#1006146617,2,"Green python Morelia viridis, Cape York Australia",747892,8590389,54S,Australian Eastern Standard Time (Queensland),2003-11-07 09:14:00,2020-07-15, 
258,2003-11-08 00:17:00,143.2830624,-12.74124546,radio-transmitter, ,#1006146617,2,"Green python Morelia viridis, Cape York Australia",747892,8590389,54S,Australian Eastern Standard Time (Queensland),2003-11-08 10:17:00,2020-07-15, 
259,2003-11-08 23:25:00,143.2830097,-12.74152605,radio-transmitter, ,#1006146617,2,"Green python Morelia viridis, Cape York Australia",747886,8590358,54S,Australian Eastern Standard Time (Queensland),2003-11-09 09:25:00,2020-07-15, 
260,2003-11-09 12:14:00,143.2830097,-12.74152605,radio-transmitter, ,#1006146617,2,"Green python Morelia viridis, Cape York Australia",747886,8590358,54S,Australian Eastern Standard Time (Queensland),2003-11-09 22:14:00,2020-07-15, 
261,2003-11-10 06:24:00,143.2830097,-12.74152605,radio-transmitter, ,#1006146617,2,"Green python Morelia viridis, Cape York Australia",747886,8590358,54S,Australian Eastern Standard Time (Queensland),2003-11-10 16:24:00,2020-07-15, 
262,2003-11-10 12:53:00,143.2834333,-12.74154046,radio-transmitter, ,#1006146617,2,"Green python Morelia viridis, Cape York Australia",747932,8590356,54S,Australian Eastern Standard Time (Queensland),2003-11-10 22:53:00,2020-07-15, 
263,2003-11-11 01:50:00,143.2834648,-12.74197394,radio-transmitter, ,#1006146617,2,"Green python Morelia viridis, Cape York Australia",747935,8590308,54S,Australian Eastern Standard Time (Queensland),2003-11-11 11:50:00,2020-07-15, 
264,2003-11-11 12:07:00,143.2833182,-12.74205653,radio-transmitter, ,#1006146617,2,"Green python Morelia viridis, Cape York Australia",747919,8590299,54S,Australian Eastern Standard Time (Queensland),2003-11-11 22:07:00,2020-07-15, 
265,2003-11-12 01:15:00,143.2833088,-12.7420295,radio-transmitter, ,#1006146617,2,"Green python Morelia viridis, Cape York Australia",747918,8590302,54S,Australian Eastern Standard Time (Queensland),2003-11-12 11:15:00,2020-07-15, 
266,2003-11-13 06:14:00,143.2829699,-12.74222219,radio-transmitter, ,#1006146617,2,"Green python Morelia viridis, Cape York Australia",747881,8590281,54S,Australian Eastern Standard Time (Queensland),2003-11-13 16:14:00,2020-07-15, 
267,2003-11-14 00:32:00,143.2829699,-12.74222219,radio-transmitter, ,#1006146617,2,"Green python Morelia viridis, Cape York Australia",747881,8590281,54S,Australian Eastern Standard Time (Queensland),2003-11-14 10:32:00,2020-07-15, 
268,2003-11-14 23:48:00,143.2829699,-12.74222219,radio-transmitter, ,#1006146617,2,"Green python Morelia viridis, Cape York Australia",747881,8590281,54S,Australian Eastern Standard Time (Queensland),2003-11-15 09:48:00,2020-07-15, 
269,2003-11-16 00:59:00,143.2829699,-12.74222219,radio-transmitter, ,#1006146617,2,"Green python Morelia viridis, Cape York Australia",747881,8590281,54S,Australian Eastern Standard Time (Queensland),2003-11-16 10:59:00,2020-07-15, 
270,2003-11-16 11:36:00,143.2829699,-12.74222219,radio-transmitter, ,#1006146617,2,"Green python Morelia viridis, Cape York Australia",747881,8590281,54S,Australian Eastern Standard Time (Queensland),2003-11-16 21:36:00,2020-07-15, 
271,2003-11-16 23:58:00,143.2829699,-12.74222219,radio-transmitter, ,#1006146617,2,"Green python Morelia viridis, Cape York Australia",747881,8590281,54S,Australian Eastern Standard Time (Queensland),2003-11-17 09:58:00,2020-07-15, 
272,2003-11-18 00:38:00,143.2829699,-12.74222219,radio-transmitter, ,#1006146617,2,"Green python Morelia viridis, Cape York Australia",747881,8590281,54S,Australian Eastern Standard Time (Queensland),2003-11-18 10:38:00,2020-07-15, 
273,2003-11-19 00:03:00,143.2829699,-12.74222219,radio-transmitter, ,#1006146617,2,"Green python Morelia viridis, Cape York Australia",747881,8590281,54S,Australian Eastern Standard Time (Queensland),2003-11-19 10:03:00,2020-07-15, 
274,2003-11-19 23:30:00,143.2829699,-12.74222219,radio-transmitter, ,#1006146617,2,"Green python Morelia viridis, Cape York Australia",747881,8590281,54S,Australian Eastern Standard Time (Queensland),2003-11-20 09:30:00,2020-07-15, 
275,2003-11-20 13:48:00,143.2829699,-12.74222219,radio-transmitter, ,#1006146617,2,"Green python Morelia viridis, Cape York Australia",747881,8590281,54S,Australian Eastern Standard Time (Queensland),2003-11-20 23:48:00,2020-07-15, 
276,2003-11-20 23:14:00,143.2829699,-12.74222219,radio-transmitter, ,#1006146617,2,"Green python Morelia viridis, Cape York Australia",747881,8590281,54S,Australian Eastern Standard Time (Queensland),2003-11-21 09:14:00,2020-07-15, 
277,2003-11-21 12:36:00,143.28297,-12.74223123,radio-transmitter, ,#1006146617,2,"Green python Morelia viridis, Cape York Australia",747881,8590280,54S,Australian Eastern Standard Time (Queensland),2003-11-21 22:36:00,2020-07-15, 
278,2003-11-22 00:36:00,143.2829699,-12.74222219,radio-transmitter, ,#1006146617,2,"Green python Morelia viridis, Cape York Australia",747881,8590281,54S,Australian Eastern Standard Time (Queensland),2003-11-22 10:36:00,2020-07-15, 
279,2003-11-22 13:11:00,143.2829699,-12.74222219,radio-transmitter, ,#1006146617,2,"Green python Morelia viridis, Cape York Australia",747881,8590281,54S,Australian Eastern Standard Time (Queensland),2003-11-22 23:11:00,2020-07-15, 
280,2003-11-23 03:04:00,143.28297,-12.74223123,radio-transmitter, ,#1006146617,2,"Green python Morelia viridis, Cape York Australia",747881,8590280,54S,Australian Eastern Standard Time (Queensland),2003-11-23 13:04:00,2020-07-15, 
281,2003-11-24 00:47:00,143.2829425,-12.74224953,radio-transmitter, ,#1006146617,2,"Green python Morelia viridis, Cape York Australia",747878,8590278,54S,Australian Eastern Standard Time (Queensland),2003-11-24 10:47:00,2020-07-15, 
282,2003-11-24 05:23:00,143.2829425,-12.74224953,radio-transmitter, ,#1006146617,2,"Green python Morelia viridis, Cape York Australia",747878,8590278,54S,Australian Eastern Standard Time (Queensland),2003-11-24 15:23:00,2020-07-15, 
283,2003-11-24 11:13:00,143.2829155,-12.74231302,radio-transmitter, ,#1006146617,2,"Green python Morelia viridis, Cape York Australia",747875,8590271,54S,Australian Eastern Standard Time (Queensland),2003-11-24 21:13:00,2020-07-15, 
284,2003-11-25 00:15:00,143.2828241,-12.7423861,radio-transmitter, ,#1006146617,2,"Green python Morelia viridis, Cape York Australia",747865,8590263,54S,Australian Eastern Standard Time (Queensland),2003-11-25 10:15:00,2020-07-15, 
285,2003-11-26 05:34:00,143.2826783,-12.74255905,radio-transmitter, ,#1006146617,2,"Green python Morelia viridis, Cape York Australia",747849,8590244,54S,Australian Eastern Standard Time (Queensland),2003-11-26 15:34:00,2020-07-15, 
286,2003-11-26 23:55:00,143.2826695,-12.74260431,radio-transmitter, ,#1006146617,2,"Green python Morelia viridis, Cape York Australia",747848,8590239,54S,Australian Eastern Standard Time (Queensland),2003-11-27 09:55:00,2020-07-15, 
287,2003-11-27 22:44:00,143.2827618,-12.74262159,radio-transmitter, ,#1006146617,2,"Green python Morelia viridis, Cape York Australia",747858,8590237,54S,Australian Eastern Standard Time (Queensland),2003-11-28 08:44:00,2020-07-15, 
288,2003-11-28 23:24:00,143.2827618,-12.74262159,radio-transmitter, ,#1006146617,2,"Green python Morelia viridis, Cape York Australia",747858,8590237,54S,Australian Eastern Standard Time (Queensland),2003-11-29 09:24:00,2020-07-15, 
289,2003-11-29 04:00:00,143.2826695,-12.74260431,radio-transmitter, ,#1006146617,2,"Green python Morelia viridis, Cape York Australia",747848,8590239,54S,Australian Eastern Standard Time (Queensland),2003-11-29 14:00:00,2020-07-15, 
290,2003-11-29 12:00:00,143.2826695,-12.74260431,radio-transmitter, ,#1006146617,2,"Green python Morelia viridis, Cape York Australia",747848,8590239,54S,Australian Eastern Standard Time (Queensland),2003-11-29 22:00:00,2020-07-15, 
291,2003-11-30 02:00:00,143.2826695,-12.74260431,radio-transmitter, ,#1006146617,2,"Green python Morelia viridis, Cape York Australia",747848,8590239,54S,Australian Eastern Standard Time (Queensland),2003-11-30 12:00:00,2020-07-15, 
292,2003-12-01 01:00:00,143.2826699,-12.74264045,radio-transmitter, ,#1006146617,2,"Green python Morelia viridis, Cape York Australia",747848,8590235,54S,Australian Eastern Standard Time (Queensland),2003-12-01 11:00:00,2020-07-15, 
293,2003-12-01 13:00:00,143.2826699,-12.74264045,radio-transmitter, ,#1006146617,2,"Green python Morelia viridis, Cape York Australia",747848,8590235,54S,Australian Eastern Standard Time (Queensland),2003-12-01 23:00:00,2020-07-15, 
294,2003-12-01 23:52:00,143.2826699,-12.74264045,radio-transmitter, ,#1006146617,2,"Green python Morelia viridis, Cape York Australia",747848,8590235,54S,Australian Eastern Standard Time (Queensland),2003-12-02 09:52:00,2020-07-15, 
295,2003-12-03 05:33:00,143.2826699,-12.74264045,radio-transmitter, ,#1006146617,2,"Green python Morelia viridis, Cape York Australia",747848,8590235,54S,Australian Eastern Standard Time (Queensland),2003-12-03 15:33:00,2020-07-15, 
296,2003-12-04 00:55:00,143.2826699,-12.74264045,radio-transmitter, ,#1006146617,2,"Green python Morelia viridis, Cape York Australia",747848,8590235,54S,Australian Eastern Standard Time (Queensland),2003-12-04 10:55:00,2020-07-15, 
297,2003-12-05 00:34:00,143.2826699,-12.74264045,radio-transmitter, ,#1006146617,2,"Green python Morelia viridis, Cape York Australia",747848,8590235,54S,Australian Eastern Standard Time (Queensland),2003-12-05 10:34:00,2020-07-15, 
298,2003-12-06 01:00:00,143.2827255,-12.74268515,radio-transmitter, ,#1006146617,2,"Green python Morelia viridis, Cape York Australia",747854,8590230,54S,Australian Eastern Standard Time (Queensland),2003-12-06 11:00:00,2020-07-15, 
299,2003-12-18 23:51:00,143.2827255,-12.74268515,radio-transmitter, ,#1006146617,2,"Green python Morelia viridis, Cape York Australia",747854,8590230,54S,Australian Eastern Standard Time (Queensland),2003-12-19 09:51:00,2020-07-15, 
300,2003-12-20 00:31:00,143.2827255,-12.74268515,radio-transmitter, ,#1006146617,2,"Green python Morelia viridis, Cape York Australia",747854,8590230,54S,Australian Eastern Standard Time (Queensland),2003-12-20 10:31:00,2020-07-15, 
301,2003-12-21 23:23:00,143.2827255,-12.74268515,radio-transmitter, ,#1006146617,2,"Green python Morelia viridis, Cape York Australia",747854,8590230,54S,Australian Eastern Standard Time (Queensland),2003-12-22 09:23:00,2020-07-15, 
302,2003-12-23 23:18:00,143.2826612,-12.74270378,radio-transmitter, ,#1006146617,2,"Green python Morelia viridis, Cape York Australia",747847,8590228,54S,Australian Eastern Standard Time (Queensland),2003-12-24 09:18:00,2020-07-15, 
303,2003-12-25 00:29:00,143.2826612,-12.74270378,radio-transmitter, ,#1006146617,2,"Green python Morelia viridis, Cape York Australia",747847,8590228,54S,Australian Eastern Standard Time (Queensland),2003-12-25 10:29:00,2020-07-15, 
304,2003-12-25 23:55:00,143.2826612,-12.74270378,radio-transmitter, ,#1006146617,2,"Green python Morelia viridis, Cape York Australia",747847,8590228,54S,Australian Eastern Standard Time (Queensland),2003-12-26 09:55:00,2020-07-15, 
305,2003-12-27 01:13:00,143.282708,-12.74278471,radio-transmitter, ,#1006146617,2,"Green python Morelia viridis, Cape York Australia",747852,8590219,54S,Australian Eastern Standard Time (Queensland),2003-12-27 11:13:00,2020-07-15, 
306,2003-12-28 02:24:00,143.282708,-12.74278471,radio-transmitter, ,#1006146617,2,"Green python Morelia viridis, Cape York Australia",747852,8590219,54S,Australian Eastern Standard Time (Queensland),2003-12-28 12:24:00,2020-07-15, 
307,2003-12-29 00:48:00,143.282708,-12.74278471,radio-transmitter, ,#1006146617,2,"Green python Morelia viridis, Cape York Australia",747852,8590219,54S,Australian Eastern Standard Time (Queensland),2003-12-29 10:48:00,2020-07-15, 
308,2003-12-30 01:05:00,143.2824568,-12.74248867,radio-transmitter, ,#1006146617,2,"Green python Morelia viridis, Cape York Australia",747825,8590252,54S,Australian Eastern Standard Time (Queensland),2003-12-30 11:05:00,2020-07-15, 
309,2003-12-31 00:10:00,143.282326,-12.74227293,radio-transmitter, ,#1006146617,2,"Green python Morelia viridis, Cape York Australia",747811,8590276,54S,Australian Eastern Standard Time (Queensland),2003-12-31 10:10:00,2020-07-15, 
310,2003-12-31 23:05:00,143.2819334,-12.74160762,radio-transmitter, ,#1006146617,2,"Green python Morelia viridis, Cape York Australia",747769,8590350,54S,Australian Eastern Standard Time (Queensland),2004-01-01 09:05:00,2020-07-15, 
311,2004-01-02 01:12:00,143.2819334,-12.74160762,radio-transmitter, ,#1006146617,2,"Green python Morelia viridis, Cape York Australia",747769,8590350,54S,Australian Eastern Standard Time (Queensland),2004-01-02 11:12:00,2020-07-15, 
312,2004-01-02 22:43:00,143.2819334,-12.74160762,radio-transmitter, ,#1006146617,2,"Green python Morelia viridis, Cape York Australia",747769,8590350,54S,Australian Eastern Standard Time (Queensland),2004-01-03 08:43:00,2020-07-15, 
313,2004-01-04 23:52:00,143.2818316,-12.74155428,radio-transmitter, ,#1006146617,2,"Green python Morelia viridis, Cape York Australia",747758,8590356,54S,Australian Eastern Standard Time (Queensland),2004-01-05 09:52:00,2020-07-15, 
314,2004-01-06 23:34:00,143.2824128,-12.74168482,radio-transmitter, ,#1006146617,2,"Green python Morelia viridis, Cape York Australia",747821,8590341,54S,Australian Eastern Standard Time (Queensland),2004-01-07 09:34:00,2020-07-15, 
315,2004-01-08 00:16:00,143.2824128,-12.74168482,radio-transmitter, ,#1006146617,2,"Green python Morelia viridis, Cape York Australia",747821,8590341,54S,Australian Eastern Standard Time (Queensland),2004-01-08 10:16:00,2020-07-15, 
316,2004-01-08 23:06:00,143.2824128,-12.74168482,radio-transmitter, ,#1006146617,2,"Green python Morelia viridis, Cape York Australia",747821,8590341,54S,Australian Eastern Standard Time (Queensland),2004-01-09 09:06:00,2020-07-15, 
317,2004-01-09 08:06:00,143.2824128,-12.74168482,radio-transmitter, ,#1006146617,2,"Green python Morelia viridis, Cape York Australia",747821,8590341,54S,Australian Eastern Standard Time (Queensland),2004-01-09 18:06:00,2020-07-15, 
318,2004-01-09 08:50:00,143.2824128,-12.74168482,radio-transmitter, ,#1006146617,2,"Green python Morelia viridis, Cape York Australia",747821,8590341,54S,Australian Eastern Standard Time (Queensland),2004-01-09 18:50:00,2020-07-15, 
319,2004-01-10 00:50:00,143.2823935,-12.74158558,radio-transmitter, ,#1006146617,2,"Green python Morelia viridis, Cape York Australia",747819,8590352,54S,Australian Eastern Standard Time (Queensland),2004-01-10 10:50:00,2020-07-15, 
320,2004-01-10 23:34:00,143.2822345,-12.74130683,radio-transmitter, ,#1006146617,2,"Green python Morelia viridis, Cape York Australia",747802,8590383,54S,Australian Eastern Standard Time (Queensland),2004-01-11 09:34:00,2020-07-15, 
321,2004-01-12 00:40:00,143.2822345,-12.74130683,radio-transmitter, ,#1006146617,2,"Green python Morelia viridis, Cape York Australia",747802,8590383,54S,Australian Eastern Standard Time (Queensland),2004-01-12 10:40:00,2020-07-15, 
322,2004-01-12 23:38:00,143.2822625,-12.74135177,radio-transmitter, ,#1006146617,2,"Green python Morelia viridis, Cape York Australia",747805,8590378,54S,Australian Eastern Standard Time (Queensland),2004-01-13 09:38:00,2020-07-15, 
323,2004-01-13 08:23:00,143.2822625,-12.74135177,radio-transmitter, ,#1006146617,2,"Green python Morelia viridis, Cape York Australia",747805,8590378,54S,Australian Eastern Standard Time (Queensland),2004-01-13 18:23:00,2020-07-15, 
324,2004-01-14 00:04:00,143.2822441,-12.74135193,radio-transmitter, ,#1006146617,2,"Green python Morelia viridis, Cape York Australia",747803,8590378,54S,Australian Eastern Standard Time (Queensland),2004-01-14 10:04:00,2020-07-15, 
325,2004-01-16 02:20:00,143.2831859,-12.74166911,radio-transmitter, ,#1006146617,2,"Green python Morelia viridis, Cape York Australia",747905,8590342,54S,Australian Eastern Standard Time (Queensland),2004-01-16 12:20:00,2020-07-15, 
326,2004-01-17 01:12:00,143.2833339,-12.74174916,radio-transmitter, ,#1006146617,2,"Green python Morelia viridis, Cape York Australia",747921,8590333,54S,Australian Eastern Standard Time (Queensland),2004-01-17 11:12:00,2020-07-15, 
327,2004-01-17 23:51:00,143.2833617,-12.74177602,radio-transmitter, ,#1006146617,2,"Green python Morelia viridis, Cape York Australia",747924,8590330,54S,Australian Eastern Standard Time (Queensland),2004-01-18 09:51:00,2020-07-15, 
328,2004-01-18 23:15:00,143.283701,-12.74265866,radio-transmitter, ,#1006146617,2,"Green python Morelia viridis, Cape York Australia",747960,8590232,54S,Australian Eastern Standard Time (Queensland),2004-01-19 09:15:00,2020-07-15, 
329,2004-01-20 00:07:00,143.2836734,-12.74264986,radio-transmitter, ,#1006146617,2,"Green python Morelia viridis, Cape York Australia",747957,8590233,54S,Australian Eastern Standard Time (Queensland),2004-01-20 10:07:00,2020-07-15, 
330,2004-01-22 01:46:00,143.2835177,-12.74274157,radio-transmitter, ,#1006146617,2,"Green python Morelia viridis, Cape York Australia",747940,8590223,54S,Australian Eastern Standard Time (Queensland),2004-01-22 11:46:00,2020-07-15, 
331,2004-01-23 02:10:00,143.2835177,-12.74274157,radio-transmitter, ,#1006146617,2,"Green python Morelia viridis, Cape York Australia",747940,8590223,54S,Australian Eastern Standard Time (Queensland),2004-01-23 12:10:00,2020-07-15, 
332,2004-01-24 00:29:00,143.2835188,-12.74286807,radio-transmitter, ,#1006146617,2,"Green python Morelia viridis, Cape York Australia",747940,8590209,54S,Australian Eastern Standard Time (Queensland),2004-01-24 10:29:00,2020-07-15, 
333,2004-01-24 08:41:00,143.2835188,-12.74286807,radio-transmitter, ,#1006146617,2,"Green python Morelia viridis, Cape York Australia",747940,8590209,54S,Australian Eastern Standard Time (Queensland),2004-01-24 18:41:00,2020-07-15, 
334,2004-01-25 00:42:00,143.2835188,-12.74286807,radio-transmitter, ,#1006146617,2,"Green python Morelia viridis, Cape York Australia",747940,8590209,54S,Australian Eastern Standard Time (Queensland),2004-01-25 10:42:00,2020-07-15, 
335,2004-01-26 23:47:00,143.2835185,-12.74283193,radio-transmitter, ,#1006146617,2,"Green python Morelia viridis, Cape York Australia",747940,8590213,54S,Australian Eastern Standard Time (Queensland),2004-01-27 09:47:00,2020-07-15, 
336,2004-01-27 08:22:00,143.2835185,-12.74283193,radio-transmitter, ,#1006146617,2,"Green python Morelia viridis, Cape York Australia",747940,8590213,54S,Australian Eastern Standard Time (Queensland),2004-01-27 18:22:00,2020-07-15, 
337,2004-01-28 00:57:00,143.2832887,-12.74287006,radio-transmitter, ,#1006146617,2,"Green python Morelia viridis, Cape York Australia",747915,8590209,54S,Australian Eastern Standard Time (Queensland),2004-01-28 10:57:00,2020-07-15, 
338,2004-01-29 00:55:00,143.2829315,-12.74307194,radio-transmitter, ,#1006146617,2,"Green python Morelia viridis, Cape York Australia",747876,8590187,54S,Australian Eastern Standard Time (Queensland),2004-01-29 10:55:00,2020-07-15, 
339,2004-01-30 04:47:00,143.2829315,-12.74307194,radio-transmitter, ,#1006146617,2,"Green python Morelia viridis, Cape York Australia",747876,8590187,54S,Australian Eastern Standard Time (Queensland),2004-01-30 14:47:00,2020-07-15, 
340,2004-01-31 01:21:00,143.2829315,-12.74307194,radio-transmitter, ,#1006146617,2,"Green python Morelia viridis, Cape York Australia",747876,8590187,54S,Australian Eastern Standard Time (Queensland),2004-01-31 11:21:00,2020-07-15, 
341,2004-02-01 00:32:00,143.2829315,-12.74307194,radio-transmitter, ,#1006146617,2,"Green python Morelia viridis, Cape York Australia",747876,8590187,54S,Australian Eastern Standard Time (Queensland),2004-02-01 10:32:00,2020-07-15, 
342,2004-02-01 23:40:00,143.2829404,-12.74303572,radio-transmitter, ,#1006146617,2,"Green python Morelia viridis, Cape York Australia",747877,8590191,54S,Australian Eastern Standard Time (Queensland),2004-02-02 09:40:00,2020-07-15, 
343,2004-02-03 00:05:00,143.2828939,-12.74299094,radio-transmitter, ,#1006146617,2,"Green python Morelia viridis, Cape York Australia",747872,8590196,54S,Australian Eastern Standard Time (Queensland),2004-02-03 10:05:00,2020-07-15, 
344,2004-02-04 00:02:00,143.2828939,-12.74299094,radio-transmitter, ,#1006146617,2,"Green python Morelia viridis, Cape York Australia",747872,8590196,54S,Australian Eastern Standard Time (Queensland),2004-02-04 10:02:00,2020-07-15, 
345,2004-02-05 03:52:00,143.2828939,-12.74299094,radio-transmitter, ,#1006146617,2,"Green python Morelia viridis, Cape York Australia",747872,8590196,54S,Australian Eastern Standard Time (Queensland),2004-02-05 13:52:00,2020-07-15, 
346,2004-02-08 00:22:00,143.2829678,-12.74301741,radio-transmitter, ,#1006146617,2,"Green python Morelia viridis, Cape York Australia",747880,8590193,54S,Australian Eastern Standard Time (Queensland),2004-02-08 10:22:00,2020-07-15, 
347,2004-02-10 00:35:00,143.2829678,-12.74301741,radio-transmitter, ,#1006146617,2,"Green python Morelia viridis, Cape York Australia",747880,8590193,54S,Australian Eastern Standard Time (Queensland),2004-02-10 10:35:00,2020-07-15, 
348,2004-02-12 01:11:00,143.2829678,-12.74301741,radio-transmitter, ,#1006146617,2,"Green python Morelia viridis, Cape York Australia",747880,8590193,54S,Australian Eastern Standard Time (Queensland),2004-02-12 11:11:00,2020-07-15, 
349,2004-02-14 01:15:00,143.2829678,-12.74301741,radio-transmitter, ,#1006146617,2,"Green python Morelia viridis, Cape York Australia",747880,8590193,54S,Australian Eastern Standard Time (Queensland),2004-02-14 11:15:00,2020-07-15, 
350,2004-02-15 01:57:00,143.2829861,-12.74299918,radio-transmitter, ,#1006146617,2,"Green python Morelia viridis, Cape York Australia",747882,8590195,54S,Australian Eastern Standard Time (Queensland),2004-02-15 11:57:00,2020-07-15, 
351,2004-02-16 00:24:00,143.2829861,-12.74299918,radio-transmitter, ,#1006146617,2,"Green python Morelia viridis, Cape York Australia",747882,8590195,54S,Australian Eastern Standard Time (Queensland),2004-02-16 10:24:00,2020-07-15, 
352,2004-02-17 00:45:00,143.2829861,-12.74299918,radio-transmitter, ,#1006146617,2,"Green python Morelia viridis, Cape York Australia",747882,8590195,54S,Australian Eastern Standard Time (Queensland),2004-02-17 10:45:00,2020-07-15, 
353,2004-02-17 23:10:00,143.2830046,-12.74300805,radio-transmitter, ,#1006146617,2,"Green python Morelia viridis, Cape York Australia",747884,8590194,54S,Australian Eastern Standard Time (Queensland),2004-02-18 09:10:00,2020-07-15, 
354,2004-02-19 00:52:00,143.2830046,-12.74300805,radio-transmitter, ,#1006146617,2,"Green python Morelia viridis, Cape York Australia",747884,8590194,54S,Australian Eastern Standard Time (Queensland),2004-02-19 10:52:00,2020-07-15, 
355,2004-02-20 04:42:00,143.2830046,-12.74300805,radio-transmitter, ,#1006146617,2,"Green python Morelia viridis, Cape York Australia",747884,8590194,54S,Australian Eastern Standard Time (Queensland),2004-02-20 14:42:00,2020-07-15, 
356,2004-02-21 00:23:00,143.2830414,-12.74300774,radio-transmitter, ,#1006146617,2,"Green python Morelia viridis, Cape York Australia",747888,8590194,54S,Australian Eastern Standard Time (Queensland),2004-02-21 10:23:00,2020-07-15, 
357,2004-02-22 03:08:00,143.2830411,-12.74298063,radio-transmitter, ,#1006146617,2,"Green python Morelia viridis, Cape York Australia",747888,8590197,54S,Australian Eastern Standard Time (Queensland),2004-02-22 13:08:00,2020-07-15, 
358,2004-02-23 00:33:00,143.2831435,-12.74310626,radio-transmitter, ,#1006146617,2,"Green python Morelia viridis, Cape York Australia",747899,8590183,54S,Australian Eastern Standard Time (Queensland),2004-02-23 10:33:00,2020-07-15, 
359,2004-02-25 00:15:00,143.2831713,-12.74312409,radio-transmitter, ,#1006146617,2,"Green python Morelia viridis, Cape York Australia",747902,8590181,54S,Australian Eastern Standard Time (Queensland),2004-02-25 10:15:00,2020-07-15, 
360,2004-02-25 23:25:00,143.2831713,-12.74312409,radio-transmitter, ,#1006146617,2,"Green python Morelia viridis, Cape York Australia",747902,8590181,54S,Australian Eastern Standard Time (Queensland),2004-02-26 09:25:00,2020-07-15, 
361,2004-02-26 23:57:00,143.2832273,-12.74321397,radio-transmitter, ,#1006146617,2,"Green python Morelia viridis, Cape York Australia",747908,8590171,54S,Australian Eastern Standard Time (Queensland),2004-02-27 09:57:00,2020-07-15, 
362,2004-02-29 04:16:00,143.2832273,-12.74320493,radio-transmitter, ,#1006146617,2,"Green python Morelia viridis, Cape York Australia",747908,8590172,54S,Australian Eastern Standard Time (Queensland),2004-02-29 14:16:00,2020-07-15, 
363,2004-03-01 23:07:00,143.2832273,-12.74320493,radio-transmitter, ,#1006146617,2,"Green python Morelia viridis, Cape York Australia",747908,8590172,54S,Australian Eastern Standard Time (Queensland),2004-03-02 09:07:00,2020-07-15, 
364,2004-03-05 00:12:00,143.2832273,-12.74320493,radio-transmitter, ,#1006146617,2,"Green python Morelia viridis, Cape York Australia",747908,8590172,54S,Australian Eastern Standard Time (Queensland),2004-03-05 10:12:00,2020-07-15, 
365,2004-03-07 00:20:00,143.2832273,-12.74320493,radio-transmitter, ,#1006146617,2,"Green python Morelia viridis, Cape York Australia",747908,8590172,54S,Australian Eastern Standard Time (Queensland),2004-03-07 10:20:00,2020-07-15, 
366,2004-03-07 10:50:00,143.2836176,-12.74259613,radio-transmitter, ,#1006146617,2,"Green python Morelia viridis, Cape York Australia",747951,8590239,54S,Australian Eastern Standard Time (Queensland),2004-03-07 20:50:00,2020-07-15, 
367,2004-03-09 01:57:00,143.2836176,-12.74259613,radio-transmitter, ,#1006146617,2,"Green python Morelia viridis, Cape York Australia",747951,8590239,54S,Australian Eastern Standard Time (Queensland),2004-03-09 11:57:00,2020-07-15, 
368,2004-03-11 00:49:00,143.2831619,-12.74309706,radio-transmitter, ,#1006146617,2,"Green python Morelia viridis, Cape York Australia",747901,8590184,54S,Australian Eastern Standard Time (Queensland),2004-03-11 10:49:00,2020-07-15, 
369,2004-03-12 23:20:00,143.2828493,-12.74314494,radio-transmitter, ,#1006146617,2,"Green python Morelia viridis, Cape York Australia",747867,8590179,54S,Australian Eastern Standard Time (Queensland),2004-03-13 09:20:00,2020-07-15, 
370,2004-03-14 04:53:00,143.2811736,-12.74311422,radio-transmitter, ,#1006146617,2,"Green python Morelia viridis, Cape York Australia",747685,8590184,54S,Australian Eastern Standard Time (Queensland),2004-03-14 14:53:00,2020-07-15, 
371,2004-03-16 01:44:00,143.2808412,-12.74299961,radio-transmitter, ,#1006146617,2,"Green python Morelia viridis, Cape York Australia",747649,8590197,54S,Australian Eastern Standard Time (Queensland),2004-03-16 11:44:00,2020-07-15, 
372,2004-03-19 01:44:00,143.2800053,-12.74217547,radio-transmitter, ,#1006146617,2,"Green python Morelia viridis, Cape York Australia",747559,8590289,54S,Australian Eastern Standard Time (Queensland),2004-03-19 11:44:00,2020-07-15, 
373,2004-03-21 01:49:00,143.2800332,-12.74221138,radio-transmitter, ,#1006146617,2,"Green python Morelia viridis, Cape York Australia",747562,8590285,54S,Australian Eastern Standard Time (Queensland),2004-03-21 11:49:00,2020-07-15, 
374,2004-03-23 02:08:00,143.2797682,-12.7424215,radio-transmitter, ,#1006146617,2,"Green python Morelia viridis, Cape York Australia",747533,8590262,54S,Australian Eastern Standard Time (Queensland),2004-03-23 12:08:00,2020-07-15, 
375,2004-03-25 00:32:00,143.2796857,-12.74246739,radio-transmitter, ,#1006146617,2,"Green python Morelia viridis, Cape York Australia",747524,8590257,54S,Australian Eastern Standard Time (Queensland),2004-03-25 10:32:00,2020-07-15, 
376,2004-03-27 00:37:00,143.2797537,-12.74286441,radio-transmitter, ,#1006146617,2,"Green python Morelia viridis, Cape York Australia",747531,8590213,54S,Australian Eastern Standard Time (Queensland),2004-03-27 10:37:00,2020-07-15, 
377,2004-03-29 00:37:00,143.279453,-12.74321038,radio-transmitter, ,#1006146617,2,"Green python Morelia viridis, Cape York Australia",747498,8590175,54S,Australian Eastern Standard Time (Queensland),2004-03-29 10:37:00,2020-07-15, 
378,2004-03-31 00:42:00,143.279381,-12.74339173,radio-transmitter, ,#1006146617,2,"Green python Morelia viridis, Cape York Australia",747490,8590155,54S,Australian Eastern Standard Time (Queensland),2004-03-31 10:42:00,2020-07-15, 
379,2004-04-02 04:48:00,143.2806811,-12.7436245,radio-transmitter, ,#1006146617,2,"Green python Morelia viridis, Cape York Australia",747631,8590128,54S,Australian Eastern Standard Time (Queensland),2004-04-02 14:48:00,2020-07-15, 
380,2003-01-19 12:00:00,143.287244,-12.75482711,radio-transmitter, ,#1006146621,3,"Green python Morelia viridis, Cape York Australia",748333,8588882,54S,Australian Eastern Standard Time (Queensland),2003-01-19 22:00:00,2020-07-15, 
381,2003-01-24 06:15:00,143.28752,-12.75481568,radio-transmitter, ,#1006146621,3,"Green python Morelia viridis, Cape York Australia",748363,8588883,54S,Australian Eastern Standard Time (Queensland),2003-01-24 16:15:00,2020-07-15, 
382,2003-01-24 23:38:00,143.2873631,-12.75476282,radio-transmitter, ,#1006146621,3,"Green python Morelia viridis, Cape York Australia",748346,8588889,54S,Australian Eastern Standard Time (Queensland),2003-01-25 09:38:00,2020-07-15, 
383,2003-01-26 04:30:00,143.2874621,-12.75450895,radio-transmitter, ,#1006146621,3,"Green python Morelia viridis, Cape York Australia",748357,8588917,54S,Australian Eastern Standard Time (Queensland),2003-01-26 14:30:00,2020-07-15, 
384,2003-01-26 12:58:00,143.2878018,-12.75441564,radio-transmitter, ,#1006146621,3,"Green python Morelia viridis, Cape York Australia",748394,8588927,54S,Australian Eastern Standard Time (Queensland),2003-01-26 22:58:00,2020-07-15, 
385,2003-01-27 02:39:00,143.2873387,-12.75409434,radio-transmitter, ,#1006146621,3,"Green python Morelia viridis, Cape York Australia",748344,8588963,54S,Australian Eastern Standard Time (Queensland),2003-01-27 12:39:00,2020-07-15, 
386,2003-01-28 04:45:00,143.2879638,-12.75399857,radio-transmitter, ,#1006146621,3,"Green python Morelia viridis, Cape York Australia",748412,8588973,54S,Australian Eastern Standard Time (Queensland),2003-01-28 14:45:00,2020-07-15, 
387,2003-01-29 06:23:00,143.2872992,-12.75379649,radio-transmitter, ,#1006146621,3,"Green python Morelia viridis, Cape York Australia",748340,8588996,54S,Australian Eastern Standard Time (Queensland),2003-01-29 16:23:00,2020-07-15, 
388,2003-01-30 04:10:00,143.2872809,-12.75381472,radio-transmitter, ,#1006146621,3,"Green python Morelia viridis, Cape York Australia",748338,8588994,54S,Australian Eastern Standard Time (Queensland),2003-01-30 14:10:00,2020-07-15, 
389,2003-01-30 12:05:00,143.2872161,-12.75377913,radio-transmitter, ,#1006146621,3,"Green python Morelia viridis, Cape York Australia",748331,8588998,54S,Australian Eastern Standard Time (Queensland),2003-01-30 22:05:00,2020-07-15, 
390,2003-02-01 02:15:00,143.287159,-12.75357179,radio-transmitter, ,#1006146621,3,"Green python Morelia viridis, Cape York Australia",748325,8589021,54S,Australian Eastern Standard Time (Queensland),2003-02-01 12:15:00,2020-07-15, 
391,2003-02-02 08:10:00,143.2871765,-12.7534632,radio-transmitter, ,#1006146621,3,"Green python Morelia viridis, Cape York Australia",748327,8589033,54S,Australian Eastern Standard Time (Queensland),2003-02-02 18:10:00,2020-07-15, 
392,2003-02-03 05:40:00,143.2871765,-12.7534632,radio-transmitter, ,#1006146621,3,"Green python Morelia viridis, Cape York Australia",748327,8589033,54S,Australian Eastern Standard Time (Queensland),2003-02-03 15:40:00,2020-07-15, 
393,2003-02-05 00:30:00,143.287241,-12.75347168,radio-transmitter, ,#1006146621,3,"Green python Morelia viridis, Cape York Australia",748334,8589032,54S,Australian Eastern Standard Time (Queensland),2003-02-05 10:30:00,2020-07-15, 
394,2003-02-06 00:00:00,143.2874521,-12.75339756,radio-transmitter, ,#1006146621,3,"Green python Morelia viridis, Cape York Australia",748357,8589040,54S,Australian Eastern Standard Time (Queensland),2003-02-06 10:00:00,2020-07-15, 
395,2003-02-07 05:10:00,143.287497,-12.75327067,radio-transmitter, ,#1006146621,3,"Green python Morelia viridis, Cape York Australia",748362,8589054,54S,Australian Eastern Standard Time (Queensland),2003-02-07 15:10:00,2020-07-15, 
396,2003-02-08 02:30:00,143.2875217,-12.75295418,radio-transmitter, ,#1006146621,3,"Green python Morelia viridis, Cape York Australia",748365,8589089,54S,Australian Eastern Standard Time (Queensland),2003-02-08 12:30:00,2020-07-15, 
397,2003-02-08 23:10:00,143.2870493,-12.75263296,radio-transmitter, ,#1006146621,3,"Green python Morelia viridis, Cape York Australia",748314,8589125,54S,Australian Eastern Standard Time (Queensland),2003-02-09 09:10:00,2020-07-15, 
398,2003-02-10 07:05:00,143.2866599,-12.75232006,radio-transmitter, ,#1006146621,3,"Green python Morelia viridis, Cape York Australia",748272,8589160,54S,Australian Eastern Standard Time (Queensland),2003-02-10 17:05:00,2020-07-15, 
399,2003-02-11 05:00:00,143.286223,-12.75185395,radio-transmitter, ,#1006146621,3,"Green python Morelia viridis, Cape York Australia",748225,8589212,54S,Australian Eastern Standard Time (Queensland),2003-02-11 15:00:00,2020-07-15, 
400,2003-02-13 00:30:00,143.2858069,-12.75164971,radio-transmitter, ,#1006146621,3,"Green python Morelia viridis, Cape York Australia",748180,8589235,54S,Australian Eastern Standard Time (Queensland),2003-02-13 10:30:00,2020-07-15, 
401,2003-02-14 00:29:00,143.2857331,-12.75162324,radio-transmitter, ,#1006146621,3,"Green python Morelia viridis, Cape York Australia",748172,8589238,54S,Australian Eastern Standard Time (Queensland),2003-02-14 10:29:00,2020-07-15, 
402,2003-02-15 01:14:00,143.2857514,-12.75161405,radio-transmitter, ,#1006146621,3,"Green python Morelia viridis, Cape York Australia",748174,8589239,54S,Australian Eastern Standard Time (Queensland),2003-02-15 11:14:00,2020-07-15, 
403,2003-02-16 01:23:00,143.2854839,-12.75156214,radio-transmitter, ,#1006146621,3,"Green python Morelia viridis, Cape York Australia",748145,8589245,54S,Australian Eastern Standard Time (Queensland),2003-02-16 11:23:00,2020-07-15, 
404,2003-02-17 01:55:00,143.2852711,-12.75143747,radio-transmitter, ,#1006146621,3,"Green python Morelia viridis, Cape York Australia",748122,8589259,54S,Australian Eastern Standard Time (Queensland),2003-02-17 11:55:00,2020-07-15, 
405,2003-02-18 01:14:00,143.2850578,-12.75126763,radio-transmitter, ,#1006146621,3,"Green python Morelia viridis, Cape York Australia",748099,8589278,54S,Australian Eastern Standard Time (Queensland),2003-02-18 11:14:00,2020-07-15, 
406,2003-02-19 00:26:00,143.2848838,-12.75136853,radio-transmitter, ,#1006146621,3,"Green python Morelia viridis, Cape York Australia",748080,8589267,54S,Australian Eastern Standard Time (Queensland),2003-02-19 10:26:00,2020-07-15, 
407,2003-02-21 05:48:00,143.2848192,-12.75135102,radio-transmitter, ,#1006146621,3,"Green python Morelia viridis, Cape York Australia",748073,8589269,54S,Australian Eastern Standard Time (Queensland),2003-02-21 15:48:00,2020-07-15, 
408,2003-02-22 04:18:00,143.2848192,-12.75135102,radio-transmitter, ,#1006146621,3,"Green python Morelia viridis, Cape York Australia",748073,8589269,54S,Australian Eastern Standard Time (Queensland),2003-02-22 14:18:00,2020-07-15, 
409,2003-02-22 22:36:00,143.2848192,-12.75135102,radio-transmitter, ,#1006146621,3,"Green python Morelia viridis, Cape York Australia",748073,8589269,54S,Australian Eastern Standard Time (Queensland),2003-02-23 08:36:00,2020-07-15, 
410,2003-02-25 02:35:00,143.2848191,-12.75134198,radio-transmitter, ,#1006146621,3,"Green python Morelia viridis, Cape York Australia",748073,8589270,54S,Australian Eastern Standard Time (Queensland),2003-02-25 12:35:00,2020-07-15, 
411,2003-02-27 03:54:00,143.2848192,-12.75135102,radio-transmitter, ,#1006146621,3,"Green python Morelia viridis, Cape York Australia",748073,8589269,54S,Australian Eastern Standard Time (Queensland),2003-02-27 13:54:00,2020-07-15, 
412,2003-03-01 01:38:00,143.2848191,-12.75134198,radio-transmitter, ,#1006146621,3,"Green python Morelia viridis, Cape York Australia",748073,8589270,54S,Australian Eastern Standard Time (Queensland),2003-03-01 11:38:00,2020-07-15, 
413,2003-03-02 05:19:00,143.2848192,-12.75135102,radio-transmitter, ,#1006146621,3,"Green python Morelia viridis, Cape York Australia",748073,8589269,54S,Australian Eastern Standard Time (Queensland),2003-03-02 15:19:00,2020-07-15, 
414,2003-03-04 04:31:00,143.2848556,-12.75130552,radio-transmitter, ,#1006146621,3,"Green python Morelia viridis, Cape York Australia",748077,8589274,54S,Australian Eastern Standard Time (Queensland),2003-03-04 14:31:00,2020-07-15, 
415,2003-03-05 04:16:00,143.2848556,-12.75130552,radio-transmitter, ,#1006146621,3,"Green python Morelia viridis, Cape York Australia",748077,8589274,54S,Australian Eastern Standard Time (Queensland),2003-03-05 14:16:00,2020-07-15, 
416,2003-03-07 03:50:00,143.2848557,-12.75131455,radio-transmitter, ,#1006146621,3,"Green python Morelia viridis, Cape York Australia",748077,8589273,54S,Australian Eastern Standard Time (Queensland),2003-03-07 13:50:00,2020-07-15, 
417,2003-03-09 03:48:00,143.2845883,-12.75229279,radio-transmitter, ,#1006146621,3,"Green python Morelia viridis, Cape York Australia",748047,8589165,54S,Australian Eastern Standard Time (Queensland),2003-03-09 13:48:00,2020-07-15, 
418,2003-03-11 06:45:00,143.2847755,-12.75263456,radio-transmitter, ,#1006146621,3,"Green python Morelia viridis, Cape York Australia",748067,8589127,54S,Australian Eastern Standard Time (Queensland),2003-03-11 16:45:00,2020-07-15, 
419,2003-03-13 02:40:00,143.2847664,-12.75264367,radio-transmitter, ,#1006146621,3,"Green python Morelia viridis, Cape York Australia",748066,8589126,54S,Australian Eastern Standard Time (Queensland),2003-03-13 12:40:00,2020-07-15, 
420,2003-03-15 03:05:00,143.2847755,-12.75263456,radio-transmitter, ,#1006146621,3,"Green python Morelia viridis, Cape York Australia",748067,8589127,54S,Australian Eastern Standard Time (Queensland),2003-03-15 13:05:00,2020-07-15, 
421,2003-03-17 04:37:00,143.2847664,-12.75264367,radio-transmitter, ,#1006146621,3,"Green python Morelia viridis, Cape York Australia",748066,8589126,54S,Australian Eastern Standard Time (Queensland),2003-03-17 14:37:00,2020-07-15, 
422,2003-03-25 06:20:00,143.2847026,-12.75271651,radio-transmitter, ,#1006146621,3,"Green python Morelia viridis, Cape York Australia",748059,8589118,54S,Australian Eastern Standard Time (Queensland),2003-03-25 16:20:00,2020-07-15, 
423,2003-03-28 01:51:00,143.2847414,-12.75293305,radio-transmitter, ,#1006146621,3,"Green python Morelia viridis, Cape York Australia",748063,8589094,54S,Australian Eastern Standard Time (Queensland),2003-03-28 11:51:00,2020-07-15, 
424,2003-03-31 02:17:00,143.2847414,-12.75293305,radio-transmitter, ,#1006146621,3,"Green python Morelia viridis, Cape York Australia",748063,8589094,54S,Australian Eastern Standard Time (Queensland),2003-03-31 12:17:00,2020-07-15, 
425,2003-04-02 05:37:00,143.2847414,-12.75293305,radio-transmitter, ,#1006146621,3,"Green python Morelia viridis, Cape York Australia",748063,8589094,54S,Australian Eastern Standard Time (Queensland),2003-04-02 15:37:00,2020-07-15, 
426,2003-04-04 06:40:00,143.2847414,-12.75293305,radio-transmitter, ,#1006146621,3,"Green python Morelia viridis, Cape York Australia",748063,8589094,54S,Australian Eastern Standard Time (Queensland),2003-04-04 16:40:00,2020-07-15, 
427,2003-04-06 06:37:00,143.2847414,-12.75293305,radio-transmitter, ,#1006146621,3,"Green python Morelia viridis, Cape York Australia",748063,8589094,54S,Australian Eastern Standard Time (Queensland),2003-04-06 16:37:00,2020-07-15, 
428,2003-04-08 05:43:00,143.2847136,-12.75291522,radio-transmitter, ,#1006146621,3,"Green python Morelia viridis, Cape York Australia",748060,8589096,54S,Australian Eastern Standard Time (Queensland),2003-04-08 15:43:00,2020-07-15, 
429,2003-04-10 00:34:00,143.2847137,-12.75292425,radio-transmitter, ,#1006146621,3,"Green python Morelia viridis, Cape York Australia",748060,8589095,54S,Australian Eastern Standard Time (Queensland),2003-04-10 10:34:00,2020-07-15, 
430,2003-04-11 05:41:00,143.2847137,-12.75292425,radio-transmitter, ,#1006146621,3,"Green python Morelia viridis, Cape York Australia",748060,8589095,54S,Australian Eastern Standard Time (Queensland),2003-04-11 15:41:00,2020-07-15, 
431,2003-04-12 03:04:00,143.2847137,-12.75292425,radio-transmitter, ,#1006146621,3,"Green python Morelia viridis, Cape York Australia",748060,8589095,54S,Australian Eastern Standard Time (Queensland),2003-04-12 13:04:00,2020-07-15, 
432,2003-05-22 05:34:00,143.2840876,-12.75291159,radio-transmitter, ,#1006146621,3,"Green python Morelia viridis, Cape York Australia",747992,8589097,54S,Australian Eastern Standard Time (Queensland),2003-05-22 15:34:00,2020-07-15, 
433,2003-05-22 11:32:00,143.2840968,-12.75291151,radio-transmitter, ,#1006146621,3,"Green python Morelia viridis, Cape York Australia",747993,8589097,54S,Australian Eastern Standard Time (Queensland),2003-05-22 21:32:00,2020-07-15, 
434,2003-05-22 23:50:00,143.2841147,-12.75285714,radio-transmitter, ,#1006146621,3,"Green python Morelia viridis, Cape York Australia",747995,8589103,54S,Australian Eastern Standard Time (Queensland),2003-05-23 09:50:00,2020-07-15, 
435,2003-05-23 11:44:00,143.2841146,-12.7528481,radio-transmitter, ,#1006146621,3,"Green python Morelia viridis, Cape York Australia",747995,8589104,54S,Australian Eastern Standard Time (Queensland),2003-05-23 21:44:00,2020-07-15, 
436,2003-05-24 00:20:00,143.2836377,-12.75305103,radio-transmitter, ,#1006146621,3,"Green python Morelia viridis, Cape York Australia",747943,8589082,54S,Australian Eastern Standard Time (Queensland),2003-05-24 10:20:00,2020-07-15, 
437,2003-05-25 00:10:00,143.2836376,-12.75304199,radio-transmitter, ,#1006146621,3,"Green python Morelia viridis, Cape York Australia",747943,8589083,54S,Australian Eastern Standard Time (Queensland),2003-05-25 10:10:00,2020-07-15, 
438,2003-05-25 12:05:00,143.2835097,-12.7531425,radio-transmitter, ,#1006146621,3,"Green python Morelia viridis, Cape York Australia",747929,8589072,54S,Australian Eastern Standard Time (Queensland),2003-05-25 22:05:00,2020-07-15, 
439,2003-05-26 03:04:00,143.2835097,-12.7531425,radio-transmitter, ,#1006146621,3,"Green python Morelia viridis, Cape York Australia",747929,8589072,54S,Australian Eastern Standard Time (Queensland),2003-05-26 13:04:00,2020-07-15, 
440,2003-05-26 23:43:00,143.2834915,-12.75316976,radio-transmitter, ,#1006146621,3,"Green python Morelia viridis, Cape York Australia",747927,8589069,54S,Australian Eastern Standard Time (Queensland),2003-05-27 09:43:00,2020-07-15, 
441,2003-05-27 11:10:00,143.2835013,-12.75323293,radio-transmitter, ,#1006146621,3,"Green python Morelia viridis, Cape York Australia",747928,8589062,54S,Australian Eastern Standard Time (Queensland),2003-05-27 21:10:00,2020-07-15, 
442,2003-05-27 23:46:00,143.2835295,-12.75330498,radio-transmitter, ,#1006146621,3,"Green python Morelia viridis, Cape York Australia",747931,8589054,54S,Australian Eastern Standard Time (Queensland),2003-05-28 09:46:00,2020-07-15, 
443,2003-05-28 12:30:00,143.2835295,-12.75330498,radio-transmitter, ,#1006146621,3,"Green python Morelia viridis, Cape York Australia",747931,8589054,54S,Australian Eastern Standard Time (Queensland),2003-05-28 22:30:00,2020-07-15, 
444,2003-05-28 23:35:00,143.2835295,-12.75330498,radio-transmitter, ,#1006146621,3,"Green python Morelia viridis, Cape York Australia",747931,8589054,54S,Australian Eastern Standard Time (Queensland),2003-05-29 09:35:00,2020-07-15, 
445,2003-05-29 14:02:00,143.2835295,-12.75330498,radio-transmitter, ,#1006146621,3,"Green python Morelia viridis, Cape York Australia",747931,8589054,54S,Australian Eastern Standard Time (Queensland),2003-05-30 00:02:00,2020-07-15, 
446,2003-05-30 07:10:00,143.2835295,-12.75330498,radio-transmitter, ,#1006146621,3,"Green python Morelia viridis, Cape York Australia",747931,8589054,54S,Australian Eastern Standard Time (Queensland),2003-05-30 17:10:00,2020-07-15, 
447,2003-05-30 12:37:00,143.2835295,-12.75330498,radio-transmitter, ,#1006146621,3,"Green python Morelia viridis, Cape York Australia",747931,8589054,54S,Australian Eastern Standard Time (Queensland),2003-05-30 22:37:00,2020-07-15, 
448,2003-05-31 00:50:00,143.2835295,-12.75330498,radio-transmitter, ,#1006146621,3,"Green python Morelia viridis, Cape York Australia",747931,8589054,54S,Australian Eastern Standard Time (Queensland),2003-05-31 10:50:00,2020-07-15, 
449,2003-06-01 03:04:00,143.2835015,-12.75326004,radio-transmitter, ,#1006146621,3,"Green python Morelia viridis, Cape York Australia",747928,8589059,54S,Australian Eastern Standard Time (Queensland),2003-06-01 13:04:00,2020-07-15, 
450,2003-06-01 11:57:00,143.2834552,-12.75323333,radio-transmitter, ,#1006146621,3,"Green python Morelia viridis, Cape York Australia",747923,8589062,54S,Australian Eastern Standard Time (Queensland),2003-06-01 21:57:00,2020-07-15, 
451,2003-06-02 03:17:00,143.2834552,-12.75323333,radio-transmitter, ,#1006146621,3,"Green python Morelia viridis, Cape York Australia",747923,8589062,54S,Australian Eastern Standard Time (Queensland),2003-06-02 13:17:00,2020-07-15, 
452,2003-06-02 10:44:00,143.2834552,-12.75323333,radio-transmitter, ,#1006146621,3,"Green python Morelia viridis, Cape York Australia",747923,8589062,54S,Australian Eastern Standard Time (Queensland),2003-06-02 20:44:00,2020-07-15, 
453,2003-06-03 00:52:00,143.2834552,-12.75323333,radio-transmitter, ,#1006146621,3,"Green python Morelia viridis, Cape York Australia",747923,8589062,54S,Australian Eastern Standard Time (Queensland),2003-06-03 10:52:00,2020-07-15, 
454,2003-06-03 10:40:00,143.2834552,-12.75323333,radio-transmitter, ,#1006146621,3,"Green python Morelia viridis, Cape York Australia",747923,8589062,54S,Australian Eastern Standard Time (Queensland),2003-06-03 20:40:00,2020-07-15, 
455,2003-06-04 03:12:00,143.2834552,-12.75323333,radio-transmitter, ,#1006146621,3,"Green python Morelia viridis, Cape York Australia",747923,8589062,54S,Australian Eastern Standard Time (Queensland),2003-06-04 13:12:00,2020-07-15, 
456,2003-06-04 12:32:00,143.2834552,-12.75323333,radio-transmitter, ,#1006146621,3,"Green python Morelia viridis, Cape York Australia",747923,8589062,54S,Australian Eastern Standard Time (Queensland),2003-06-04 22:32:00,2020-07-15, 
457,2003-07-30 00:00:00,143.2859603,-12.75437736,radio-transmitter, ,#1006146621,3,"Green python Morelia viridis, Cape York Australia",748194,8588933,54S,Australian Eastern Standard Time (Queensland),2003-07-30 10:00:00,2020-07-15, 
458,2003-12-21 11:35:00,143.29088,-12.71175556,radio-transmitter, ,#1006146625,4,"Green python Morelia viridis, Cape York Australia",748770,8593645,54S,Australian Eastern Standard Time (Queensland),2003-12-21 21:35:00,2020-07-15, 
459,2003-12-24 23:44:00,143.2908617,-12.71176476,radio-transmitter, ,#1006146625,4,"Green python Morelia viridis, Cape York Australia",748768,8593644,54S,Australian Eastern Standard Time (Queensland),2003-12-25 09:44:00,2020-07-15, 
460,2003-12-25 23:24:00,143.2908617,-12.71176476,radio-transmitter, ,#1006146625,4,"Green python Morelia viridis, Cape York Australia",748768,8593644,54S,Australian Eastern Standard Time (Queensland),2003-12-26 09:24:00,2020-07-15, 
461,2003-12-26 11:30:00,143.2908617,-12.71176476,radio-transmitter, ,#1006146625,4,"Green python Morelia viridis, Cape York Australia",748768,8593644,54S,Australian Eastern Standard Time (Queensland),2003-12-26 21:30:00,2020-07-15, 
462,2003-12-27 00:42:00,143.2908617,-12.71176476,radio-transmitter, ,#1006146625,4,"Green python Morelia viridis, Cape York Australia",748768,8593644,54S,Australian Eastern Standard Time (Queensland),2003-12-27 10:42:00,2020-07-15, 
463,2003-12-27 10:20:00,143.2908617,-12.71176476,radio-transmitter, ,#1006146625,4,"Green python Morelia viridis, Cape York Australia",748768,8593644,54S,Australian Eastern Standard Time (Queensland),2003-12-27 20:20:00,2020-07-15, 
464,2003-12-28 01:25:00,143.2908436,-12.71179202,radio-transmitter, ,#1006146625,4,"Green python Morelia viridis, Cape York Australia",748766,8593641,54S,Australian Eastern Standard Time (Queensland),2003-12-28 11:25:00,2020-07-15, 
465,2003-12-28 10:47:00,143.2908436,-12.71179202,radio-transmitter, ,#1006146625,4,"Green python Morelia viridis, Cape York Australia",748766,8593641,54S,Australian Eastern Standard Time (Queensland),2003-12-28 20:47:00,2020-07-15, 
466,2003-12-29 00:19:00,143.2908436,-12.71179202,radio-transmitter, ,#1006146625,4,"Green python Morelia viridis, Cape York Australia",748766,8593641,54S,Australian Eastern Standard Time (Queensland),2003-12-29 10:19:00,2020-07-15, 
467,2003-12-29 10:34:00,143.2908436,-12.71179202,radio-transmitter, ,#1006146625,4,"Green python Morelia viridis, Cape York Australia",748766,8593641,54S,Australian Eastern Standard Time (Queensland),2003-12-29 20:34:00,2020-07-15, 
468,2003-12-30 00:30:00,143.2908436,-12.71179202,radio-transmitter, ,#1006146625,4,"Green python Morelia viridis, Cape York Australia",748766,8593641,54S,Australian Eastern Standard Time (Queensland),2003-12-30 10:30:00,2020-07-15, 
469,2003-12-30 11:29:00,143.2908436,-12.71179202,radio-transmitter, ,#1006146625,4,"Green python Morelia viridis, Cape York Australia",748766,8593641,54S,Australian Eastern Standard Time (Queensland),2003-12-30 21:29:00,2020-07-15, 
470,2003-12-31 00:43:00,143.2908436,-12.71179202,radio-transmitter, ,#1006146625,4,"Green python Morelia viridis, Cape York Australia",748766,8593641,54S,Australian Eastern Standard Time (Queensland),2003-12-31 10:43:00,2020-07-15, 
471,2003-12-31 22:26:00,143.2908436,-12.71179202,radio-transmitter, ,#1006146625,4,"Green python Morelia viridis, Cape York Australia",748766,8593641,54S,Australian Eastern Standard Time (Queensland),2004-01-01 08:26:00,2020-07-15, 
472,2004-01-02 00:44:00,143.2908436,-12.71179202,radio-transmitter, ,#1006146625,4,"Green python Morelia viridis, Cape York Australia",748766,8593641,54S,Australian Eastern Standard Time (Queensland),2004-01-02 10:44:00,2020-07-15, 
473,2004-01-02 22:08:00,143.2908436,-12.71179202,radio-transmitter, ,#1006146625,4,"Green python Morelia viridis, Cape York Australia",748766,8593641,54S,Australian Eastern Standard Time (Queensland),2004-01-03 08:08:00,2020-07-15, 
474,2004-01-04 23:04:00,143.2908436,-12.71179202,radio-transmitter, ,#1006146625,4,"Green python Morelia viridis, Cape York Australia",748766,8593641,54S,Australian Eastern Standard Time (Queensland),2004-01-05 09:04:00,2020-07-15, 
475,2004-01-05 22:53:00,143.2904959,-12.71202997,radio-transmitter, ,#1006146625,4,"Green python Morelia viridis, Cape York Australia",748728,8593615,54S,Australian Eastern Standard Time (Queensland),2004-01-06 08:53:00,2020-07-15, 
476,2004-01-08 23:33:00,143.2905056,-12.71208411,radio-transmitter, ,#1006146625,4,"Green python Morelia viridis, Cape York Australia",748729,8593609,54S,Australian Eastern Standard Time (Queensland),2004-01-09 09:33:00,2020-07-15, 
477,2004-01-10 02:14:00,143.2905056,-12.71208411,radio-transmitter, ,#1006146625,4,"Green python Morelia viridis, Cape York Australia",748729,8593609,54S,Australian Eastern Standard Time (Queensland),2004-01-10 12:14:00,2020-07-15, 
478,2004-01-11 00:22:00,143.2904599,-12.71212065,radio-transmitter, ,#1006146625,4,"Green python Morelia viridis, Cape York Australia",748724,8593605,54S,Australian Eastern Standard Time (Queensland),2004-01-11 10:22:00,2020-07-15, 
479,2004-01-12 01:08:00,143.2903127,-12.71212192,radio-transmitter, ,#1006146625,4,"Green python Morelia viridis, Cape York Australia",748708,8593605,54S,Australian Eastern Standard Time (Queensland),2004-01-12 11:08:00,2020-07-15, 
480,2004-01-12 10:20:00,143.2903127,-12.71212192,radio-transmitter, ,#1006146625,4,"Green python Morelia viridis, Cape York Australia",748708,8593605,54S,Australian Eastern Standard Time (Queensland),2004-01-12 20:20:00,2020-07-15, 
481,2004-01-13 00:12:00,143.290258,-12.71218565,radio-transmitter, ,#1006146625,4,"Green python Morelia viridis, Cape York Australia",748702,8593598,54S,Australian Eastern Standard Time (Queensland),2004-01-13 10:12:00,2020-07-15, 
482,2004-01-13 11:05:00,143.290258,-12.71218565,radio-transmitter, ,#1006146625,4,"Green python Morelia viridis, Cape York Australia",748702,8593598,54S,Australian Eastern Standard Time (Queensland),2004-01-13 21:05:00,2020-07-15, 
483,2004-01-14 00:38:00,143.2902396,-12.7121858,radio-transmitter, ,#1006146625,4,"Green python Morelia viridis, Cape York Australia",748700,8593598,54S,Australian Eastern Standard Time (Queensland),2004-01-14 10:38:00,2020-07-15, 
484,2004-01-15 11:09:00,143.2902397,-12.71219484,radio-transmitter, ,#1006146625,4,"Green python Morelia viridis, Cape York Australia",748700,8593597,54S,Australian Eastern Standard Time (Queensland),2004-01-15 21:09:00,2020-07-15, 
485,2004-01-16 00:59:00,143.290249,-12.7122038,radio-transmitter, ,#1006146625,4,"Green python Morelia viridis, Cape York Australia",748701,8593596,54S,Australian Eastern Standard Time (Queensland),2004-01-16 10:59:00,2020-07-15, 
486,2004-01-17 01:53:00,143.2902212,-12.71218596,radio-transmitter, ,#1006146625,4,"Green python Morelia viridis, Cape York Australia",748698,8593598,54S,Australian Eastern Standard Time (Queensland),2004-01-17 11:53:00,2020-07-15, 
487,2004-01-18 00:40:00,143.2902029,-12.71220419,radio-transmitter, ,#1006146625,4,"Green python Morelia viridis, Cape York Australia",748696,8593596,54S,Australian Eastern Standard Time (Queensland),2004-01-18 10:40:00,2020-07-15, 
488,2004-01-19 00:04:00,143.2898916,-12.71237857,radio-transmitter, ,#1006146625,4,"Green python Morelia viridis, Cape York Australia",748662,8593577,54S,Australian Eastern Standard Time (Queensland),2004-01-19 10:04:00,2020-07-15, 
489,2004-01-21 01:53:00,143.2898916,-12.71237857,radio-transmitter, ,#1006146625,4,"Green python Morelia viridis, Cape York Australia",748662,8593577,54S,Australian Eastern Standard Time (Queensland),2004-01-21 11:53:00,2020-07-15, 
490,2004-01-21 11:47:00,143.2898638,-12.71236074,radio-transmitter, ,#1006146625,4,"Green python Morelia viridis, Cape York Australia",748659,8593579,54S,Australian Eastern Standard Time (Queensland),2004-01-21 21:47:00,2020-07-15, 
491,2004-01-23 03:32:00,143.2896348,-12.71248923,radio-transmitter, ,#1006146625,4,"Green python Morelia viridis, Cape York Australia",748634,8593565,54S,Australian Eastern Standard Time (Queensland),2004-01-23 13:32:00,2020-07-15, 
492,2004-01-24 01:46:00,143.2896075,-12.71251657,radio-transmitter, ,#1006146625,4,"Green python Morelia viridis, Cape York Australia",748631,8593562,54S,Australian Eastern Standard Time (Queensland),2004-01-24 11:46:00,2020-07-15, 
493,2004-01-25 01:46:00,143.2895526,-12.71256223,radio-transmitter, ,#1006146625,4,"Green python Morelia viridis, Cape York Australia",748625,8593557,54S,Australian Eastern Standard Time (Queensland),2004-01-25 11:46:00,2020-07-15, 
494,2004-01-27 01:57:00,143.289489,-12.71265314,radio-transmitter, ,#1006146625,4,"Green python Morelia viridis, Cape York Australia",748618,8593547,54S,Australian Eastern Standard Time (Queensland),2004-01-27 11:57:00,2020-07-15, 
495,2004-01-28 06:34:00,143.289434,-12.71268073,radio-transmitter, ,#1006146625,4,"Green python Morelia viridis, Cape York Australia",748612,8593544,54S,Australian Eastern Standard Time (Queensland),2004-01-28 16:34:00,2020-07-15, 
496,2004-01-28 13:12:00,143.2894525,-12.71268057,radio-transmitter, ,#1006146625,4,"Green python Morelia viridis, Cape York Australia",748614,8593544,54S,Australian Eastern Standard Time (Queensland),2004-01-28 23:12:00,2020-07-15, 
497,2004-01-29 01:49:00,143.2894341,-12.71268976,radio-transmitter, ,#1006146625,4,"Green python Morelia viridis, Cape York Australia",748612,8593543,54S,Australian Eastern Standard Time (Queensland),2004-01-29 11:49:00,2020-07-15, 
498,2004-01-29 12:33:00,143.2894437,-12.71272583,radio-transmitter, ,#1006146625,4,"Green python Morelia viridis, Cape York Australia",748613,8593539,54S,Australian Eastern Standard Time (Queensland),2004-01-29 22:33:00,2020-07-15, 
499,2004-01-30 04:14:00,143.2895075,-12.71266202,radio-transmitter, ,#1006146625,4,"Green python Morelia viridis, Cape York Australia",748620,8593546,54S,Australian Eastern Standard Time (Queensland),2004-01-30 14:14:00,2020-07-15, 
500,2004-01-30 11:09:00,143.2895167,-12.71266194,radio-transmitter, ,#1006146625,4,"Green python Morelia viridis, Cape York Australia",748621,8593546,54S,Australian Eastern Standard Time (Queensland),2004-01-30 21:09:00,2020-07-15, 
501,2004-01-31 02:10:00,143.2895077,-12.71268009,radio-transmitter, ,#1006146625,4,"Green python Morelia viridis, Cape York Australia",748620,8593544,54S,Australian Eastern Standard Time (Queensland),2004-01-31 12:10:00,2020-07-15, 
502,2004-01-31 11:10:00,143.2895077,-12.71268009,radio-transmitter, ,#1006146625,4,"Green python Morelia viridis, Cape York Australia",748620,8593544,54S,Australian Eastern Standard Time (Queensland),2004-01-31 21:10:00,2020-07-15, 
503,2004-02-01 01:47:00,143.2895077,-12.71268009,radio-transmitter, ,#1006146625,4,"Green python Morelia viridis, Cape York Australia",748620,8593544,54S,Australian Eastern Standard Time (Queensland),2004-02-01 11:47:00,2020-07-15, 
504,2004-02-02 00:32:00,143.2895075,-12.71266202,radio-transmitter, ,#1006146625,4,"Green python Morelia viridis, Cape York Australia",748620,8593546,54S,Australian Eastern Standard Time (Queensland),2004-02-02 10:32:00,2020-07-15, 
505,2004-02-02 11:02:00,143.2895351,-12.71266178,radio-transmitter, ,#1006146625,4,"Green python Morelia viridis, Cape York Australia",748623,8593546,54S,Australian Eastern Standard Time (Queensland),2004-02-02 21:02:00,2020-07-15, 
506,2004-02-03 01:03:00,143.2893788,-12.7126812,radio-transmitter, ,#1006146625,4,"Green python Morelia viridis, Cape York Australia",748606,8593544,54S,Australian Eastern Standard Time (Queensland),2004-02-03 11:03:00,2020-07-15, 
507,2004-02-04 02:45:00,143.2893788,-12.7126812,radio-transmitter, ,#1006146625,4,"Green python Morelia viridis, Cape York Australia",748606,8593544,54S,Australian Eastern Standard Time (Queensland),2004-02-04 12:45:00,2020-07-15, 
508,2004-02-08 02:02:00,143.2895076,-12.71267105,radio-transmitter, ,#1006146625,4,"Green python Morelia viridis, Cape York Australia",748620,8593545,54S,Australian Eastern Standard Time (Queensland),2004-02-08 12:02:00,2020-07-15, 
509,2004-02-10 01:16:00,143.2895076,-12.71267105,radio-transmitter, ,#1006146625,4,"Green python Morelia viridis, Cape York Australia",748620,8593545,54S,Australian Eastern Standard Time (Queensland),2004-02-10 11:16:00,2020-07-15, 
510,2004-02-22 04:30:00,143.2890599,-12.71303638,radio-transmitter, ,#1006146625,4,"Green python Morelia viridis, Cape York Australia",748571,8593505,54S,Australian Eastern Standard Time (Queensland),2004-02-22 14:30:00,2020-07-15, 
511,2004-02-22 10:31:00,143.2890599,-12.71304541,radio-transmitter, ,#1006146625,4,"Green python Morelia viridis, Cape York Australia",748571,8593504,54S,Australian Eastern Standard Time (Queensland),2004-02-22 20:31:00,2020-07-15, 
512,2003-01-07 12:42:00,143.2843021,-12.73781901,radio-transmitter, ,#1006146629,5,"Green python Morelia viridis, Cape York Australia",748030,8590767,54S,Australian Eastern Standard Time (Queensland),2003-01-07 22:42:00,2020-07-15, 
513,2003-01-14 02:30:00,143.2841918,-12.73783804,radio-transmitter, ,#1006146629,5,"Green python Morelia viridis, Cape York Australia",748018,8590765,54S,Australian Eastern Standard Time (Queensland),2003-01-14 12:30:00,2020-07-15, 
514,2003-01-15 04:40:00,143.2838592,-12.73770536,radio-transmitter, ,#1006146629,5,"Green python Morelia viridis, Cape York Australia",747982,8590780,54S,Australian Eastern Standard Time (Queensland),2003-01-15 14:40:00,2020-07-15, 
515,2003-01-16 05:30:00,143.2840925,-12.73805577,radio-transmitter, ,#1006146629,5,"Green python Morelia viridis, Cape York Australia",748007,8590741,54S,Australian Eastern Standard Time (Queensland),2003-01-16 15:30:00,2020-07-15, 
516,2003-01-17 01:52:00,143.2842133,-12.73819027,radio-transmitter, ,#1006146629,5,"Green python Morelia viridis, Cape York Australia",748020,8590726,54S,Australian Eastern Standard Time (Queensland),2003-01-17 11:52:00,2020-07-15, 
517,2003-01-18 01:10:00,143.2841572,-12.73809136,radio-transmitter, ,#1006146629,5,"Green python Morelia viridis, Cape York Australia",748014,8590737,54S,Australian Eastern Standard Time (Queensland),2003-01-18 11:10:00,2020-07-15, 
518,2003-01-19 01:15:00,143.2841573,-12.73810039,radio-transmitter, ,#1006146629,5,"Green python Morelia viridis, Cape York Australia",748014,8590736,54S,Australian Eastern Standard Time (Queensland),2003-01-19 11:15:00,2020-07-15, 
519,2003-01-20 01:40:00,143.2844355,-12.73833293,radio-transmitter, ,#1006146629,5,"Green python Morelia viridis, Cape York Australia",748044,8590710,54S,Australian Eastern Standard Time (Queensland),2003-01-20 11:40:00,2020-07-15, 
520,2003-01-23 05:40:00,143.2844447,-12.73832382,radio-transmitter, ,#1006146629,5,"Green python Morelia viridis, Cape York Australia",748045,8590711,54S,Australian Eastern Standard Time (Queensland),2003-01-23 15:40:00,2020-07-15, 
521,2003-01-24 07:25:00,143.2844447,-12.73832382,radio-transmitter, ,#1006146629,5,"Green python Morelia viridis, Cape York Australia",748045,8590711,54S,Australian Eastern Standard Time (Queensland),2003-01-24 17:25:00,2020-07-15, 
522,2003-01-25 06:25:00,143.2845372,-12.73837724,radio-transmitter, ,#1006146629,5,"Green python Morelia viridis, Cape York Australia",748055,8590705,54S,Australian Eastern Standard Time (Queensland),2003-01-25 16:25:00,2020-07-15, 
523,2003-01-26 05:45:00,143.284491,-12.73835956,radio-transmitter, ,#1006146629,5,"Green python Morelia viridis, Cape York Australia",748050,8590707,54S,Australian Eastern Standard Time (Queensland),2003-01-26 15:45:00,2020-07-15, 
524,2003-01-27 00:45:00,143.284464,-12.73842305,radio-transmitter, ,#1006146629,5,"Green python Morelia viridis, Cape York Australia",748047,8590700,54S,Australian Eastern Standard Time (Queensland),2003-01-27 10:45:00,2020-07-15, 
525,2003-01-28 06:30:00,143.2845099,-12.73841362,radio-transmitter, ,#1006146629,5,"Green python Morelia viridis, Cape York Australia",748052,8590701,54S,Australian Eastern Standard Time (Queensland),2003-01-28 16:30:00,2020-07-15, 
526,2003-01-29 07:28:00,143.2845099,-12.73841362,radio-transmitter, ,#1006146629,5,"Green python Morelia viridis, Cape York Australia",748052,8590701,54S,Australian Eastern Standard Time (Queensland),2003-01-29 17:28:00,2020-07-15, 
527,2003-01-29 14:15:00,143.2844634,-12.7383598,radio-transmitter, ,#1006146629,5,"Green python Morelia viridis, Cape York Australia",748047,8590707,54S,Australian Eastern Standard Time (Queensland),2003-01-30 00:15:00,2020-07-15, 
528,2003-01-30 06:10:00,143.2844679,-12.73885676,radio-transmitter, ,#1006146629,5,"Green python Morelia viridis, Cape York Australia",748047,8590652,54S,Australian Eastern Standard Time (Queensland),2003-01-30 16:10:00,2020-07-15, 
529,2003-01-30 11:04:00,143.2844956,-12.7388746,radio-transmitter, ,#1006146629,5,"Green python Morelia viridis, Cape York Australia",748050,8590650,54S,Australian Eastern Standard Time (Queensland),2003-01-30 21:04:00,2020-07-15, 
530,2003-02-01 00:55:00,143.2845424,-12.73895552,radio-transmitter, ,#1006146629,5,"Green python Morelia viridis, Cape York Australia",748055,8590641,54S,Australian Eastern Standard Time (Queensland),2003-02-01 10:55:00,2020-07-15, 
531,2003-02-03 07:03:00,143.2844789,-12.73906451,radio-transmitter, ,#1006146629,5,"Green python Morelia viridis, Cape York Australia",748048,8590629,54S,Australian Eastern Standard Time (Queensland),2003-02-03 17:03:00,2020-07-15, 
532,2003-02-05 02:36:00,143.2845161,-12.73910937,radio-transmitter, ,#1006146629,5,"Green python Morelia viridis, Cape York Australia",748052,8590624,54S,Australian Eastern Standard Time (Queensland),2003-02-05 12:36:00,2020-07-15, 
533,2003-02-07 07:35:00,143.2845262,-12.73919964,radio-transmitter, ,#1006146629,5,"Green python Morelia viridis, Cape York Australia",748053,8590614,54S,Australian Eastern Standard Time (Queensland),2003-02-07 17:35:00,2020-07-15, 
534,2003-02-09 01:45:00,143.284572,-12.73918117,radio-transmitter, ,#1006146629,5,"Green python Morelia viridis, Cape York Australia",748058,8590616,54S,Australian Eastern Standard Time (Queensland),2003-02-09 11:45:00,2020-07-15, 
535,2003-02-11 07:05:00,143.2845629,-12.73919029,radio-transmitter, ,#1006146629,5,"Green python Morelia viridis, Cape York Australia",748057,8590615,54S,Australian Eastern Standard Time (Queensland),2003-02-11 17:05:00,2020-07-15, 
536,2003-02-13 01:35:00,143.2845811,-12.73917206,radio-transmitter, ,#1006146629,5,"Green python Morelia viridis, Cape York Australia",748059,8590617,54S,Australian Eastern Standard Time (Queensland),2003-02-13 11:35:00,2020-07-15, 
537,2003-02-16 23:44:00,143.2845811,-12.73917206,radio-transmitter, ,#1006146629,5,"Green python Morelia viridis, Cape York Australia",748059,8590617,54S,Australian Eastern Standard Time (Queensland),2003-02-17 09:44:00,2020-07-15, 
538,2003-02-20 23:20:00,143.2842239,-12.73937394,radio-transmitter, ,#1006146629,5,"Green python Morelia viridis, Cape York Australia",748020,8590595,54S,Australian Eastern Standard Time (Queensland),2003-02-21 09:20:00,2020-07-15, 
539,2003-02-22 05:48:00,143.2842628,-12.73959952,radio-transmitter, ,#1006146629,5,"Green python Morelia viridis, Cape York Australia",748024,8590570,54S,Australian Eastern Standard Time (Queensland),2003-02-22 15:48:00,2020-07-15, 
540,2003-02-23 00:44:00,143.2842628,-12.73959952,radio-transmitter, ,#1006146629,5,"Green python Morelia viridis, Cape York Australia",748024,8590570,54S,Australian Eastern Standard Time (Queensland),2003-02-23 10:44:00,2020-07-15, 
541,2003-02-25 05:05:00,143.2842537,-12.73960863,radio-transmitter, ,#1006146629,5,"Green python Morelia viridis, Cape York Australia",748023,8590569,54S,Australian Eastern Standard Time (Queensland),2003-02-25 15:05:00,2020-07-15, 
542,2003-02-27 04:47:00,143.2843462,-12.73966205,radio-transmitter, ,#1006146629,5,"Green python Morelia viridis, Cape York Australia",748033,8590563,54S,Australian Eastern Standard Time (Queensland),2003-02-27 14:47:00,2020-07-15, 
543,2003-02-28 23:32:00,143.2843462,-12.73966205,radio-transmitter, ,#1006146629,5,"Green python Morelia viridis, Cape York Australia",748033,8590563,54S,Australian Eastern Standard Time (Queensland),2003-03-01 09:32:00,2020-07-15, 
544,2003-03-04 05:16:00,143.2836667,-12.74087879,radio-transmitter, ,#1006146629,5,"Green python Morelia viridis, Cape York Australia",747958,8590429,54S,Australian Eastern Standard Time (Queensland),2003-03-04 15:16:00,2020-07-15, 
545,2003-03-12 04:56:00,143.2836577,-12.74090598,radio-transmitter, ,#1006146629,5,"Green python Morelia viridis, Cape York Australia",747957,8590426,54S,Australian Eastern Standard Time (Queensland),2003-03-12 14:56:00,2020-07-15, 
546,2003-03-14 05:12:00,143.2827778,-12.7433805,radio-transmitter, ,#1006146629,5,"Green python Morelia viridis, Cape York Australia",747859,8590153,54S,Australian Eastern Standard Time (Queensland),2003-03-14 15:12:00,2020-07-15, 
547,2003-03-15 02:04:00,143.2827778,-12.7433805,radio-transmitter, ,#1006146629,5,"Green python Morelia viridis, Cape York Australia",747859,8590153,54S,Australian Eastern Standard Time (Queensland),2003-03-15 12:04:00,2020-07-15, 
548,2003-03-16 07:16:00,143.2827778,-12.74338954,radio-transmitter, ,#1006146629,5,"Green python Morelia viridis, Cape York Australia",747859,8590152,54S,Australian Eastern Standard Time (Queensland),2003-03-16 17:16:00,2020-07-15, 
549,2003-03-27 04:23:00,143.2829599,-12.74418317,radio-transmitter, ,#1006146629,5,"Green python Morelia viridis, Cape York Australia",747878,8590064,54S,Australian Eastern Standard Time (Queensland),2003-03-27 14:23:00,2020-07-15, 
550,2003-03-29 03:58:00,143.2829599,-12.7441922,radio-transmitter, ,#1006146629,5,"Green python Morelia viridis, Cape York Australia",747878,8590063,54S,Australian Eastern Standard Time (Queensland),2003-03-29 13:58:00,2020-07-15, 
551,2003-03-29 09:51:00,143.2829599,-12.7441922,radio-transmitter, ,#1006146629,5,"Green python Morelia viridis, Cape York Australia",747878,8590063,54S,Australian Eastern Standard Time (Queensland),2003-03-29 19:51:00,2020-07-15, 
552,2003-03-31 02:06:00,143.2829599,-12.7441922,radio-transmitter, ,#1006146629,5,"Green python Morelia viridis, Cape York Australia",747878,8590063,54S,Australian Eastern Standard Time (Queensland),2003-03-31 12:06:00,2020-07-15, 
553,2003-04-01 05:54:00,143.2829599,-12.74418317,radio-transmitter, ,#1006146629,5,"Green python Morelia viridis, Cape York Australia",747878,8590064,54S,Australian Eastern Standard Time (Queensland),2003-04-01 15:54:00,2020-07-15, 
554,2003-04-01 13:17:00,143.2829599,-12.7441922,radio-transmitter, ,#1006146629,5,"Green python Morelia viridis, Cape York Australia",747878,8590063,54S,Australian Eastern Standard Time (Queensland),2003-04-01 23:17:00,2020-07-15, 
555,2003-04-02 05:10:00,143.2829599,-12.7441922,radio-transmitter, ,#1006146629,5,"Green python Morelia viridis, Cape York Australia",747878,8590063,54S,Australian Eastern Standard Time (Queensland),2003-04-02 15:10:00,2020-07-15, 
556,2003-04-03 05:59:00,143.2829599,-12.7441922,radio-transmitter, ,#1006146629,5,"Green python Morelia viridis, Cape York Australia",747878,8590063,54S,Australian Eastern Standard Time (Queensland),2003-04-03 15:59:00,2020-07-15, 
557,2003-04-03 12:33:00,143.2829599,-12.7441922,radio-transmitter, ,#1006146629,5,"Green python Morelia viridis, Cape York Australia",747878,8590063,54S,Australian Eastern Standard Time (Queensland),2003-04-03 22:33:00,2020-07-15, 
558,2003-04-04 06:25:00,143.2829049,-12.74421075,radio-transmitter, ,#1006146629,5,"Green python Morelia viridis, Cape York Australia",747872,8590061,54S,Australian Eastern Standard Time (Queensland),2003-04-04 16:25:00,2020-07-15, 
559,2003-04-05 10:40:00,143.2829048,-12.74420172,radio-transmitter, ,#1006146629,5,"Green python Morelia viridis, Cape York Australia",747872,8590062,54S,Australian Eastern Standard Time (Queensland),2003-04-05 20:40:00,2020-07-15, 
560,2003-04-07 05:50:00,143.2829048,-12.74420172,radio-transmitter, ,#1006146629,5,"Green python Morelia viridis, Cape York Australia",747872,8590062,54S,Australian Eastern Standard Time (Queensland),2003-04-07 15:50:00,2020-07-15, 
561,2003-04-07 12:13:00,143.2829048,-12.74420172,radio-transmitter, ,#1006146629,5,"Green python Morelia viridis, Cape York Australia",747872,8590062,54S,Australian Eastern Standard Time (Queensland),2003-04-07 22:13:00,2020-07-15, 
562,2003-04-08 05:25:00,143.2829048,-12.74420172,radio-transmitter, ,#1006146629,5,"Green python Morelia viridis, Cape York Australia",747872,8590062,54S,Australian Eastern Standard Time (Queensland),2003-04-08 15:25:00,2020-07-15, 
563,2003-04-09 11:54:00,143.2829048,-12.74420172,radio-transmitter, ,#1006146629,5,"Green python Morelia viridis, Cape York Australia",747872,8590062,54S,Australian Eastern Standard Time (Queensland),2003-04-09 21:54:00,2020-07-15, 
564,2003-04-10 00:21:00,143.2829048,-12.74420172,radio-transmitter, ,#1006146629,5,"Green python Morelia viridis, Cape York Australia",747872,8590062,54S,Australian Eastern Standard Time (Queensland),2003-04-10 10:21:00,2020-07-15, 
565,2003-04-11 04:21:00,143.2829048,-12.74420172,radio-transmitter, ,#1006146629,5,"Green python Morelia viridis, Cape York Australia",747872,8590062,54S,Australian Eastern Standard Time (Queensland),2003-04-11 14:21:00,2020-07-15, 
566,2003-04-11 13:42:00,143.2829048,-12.74420172,radio-transmitter, ,#1006146629,5,"Green python Morelia viridis, Cape York Australia",747872,8590062,54S,Australian Eastern Standard Time (Queensland),2003-04-11 23:42:00,2020-07-15, 
567,2003-04-12 00:54:00,143.2829049,-12.74421075,radio-transmitter, ,#1006146629,5,"Green python Morelia viridis, Cape York Australia",747872,8590061,54S,Australian Eastern Standard Time (Queensland),2003-04-12 10:54:00,2020-07-15, 
568,2003-04-12 11:54:00,143.2829049,-12.74421075,radio-transmitter, ,#1006146629,5,"Green python Morelia viridis, Cape York Australia",747872,8590061,54S,Australian Eastern Standard Time (Queensland),2003-04-12 21:54:00,2020-07-15, 
569,2003-05-23 01:19:00,143.2822632,-12.74554464,radio-transmitter, ,#1006146629,5,"Green python Morelia viridis, Cape York Australia",747801,8589914,54S,Australian Eastern Standard Time (Queensland),2003-05-23 11:19:00,2020-07-15, 
570,2003-05-23 11:29:00,143.2822267,-12.7455811,radio-transmitter, ,#1006146629,5,"Green python Morelia viridis, Cape York Australia",747797,8589910,54S,Australian Eastern Standard Time (Queensland),2003-05-23 21:29:00,2020-07-15, 
571,2003-05-24 02:07:00,143.2822267,-12.7455811,radio-transmitter, ,#1006146629,5,"Green python Morelia viridis, Cape York Australia",747797,8589910,54S,Australian Eastern Standard Time (Queensland),2003-05-24 12:07:00,2020-07-15, 
572,2003-05-24 12:42:00,143.2822267,-12.7455811,radio-transmitter, ,#1006146629,5,"Green python Morelia viridis, Cape York Australia",747797,8589910,54S,Australian Eastern Standard Time (Queensland),2003-05-24 22:42:00,2020-07-15, 
573,2003-05-25 00:22:00,143.282245,-12.74556287,radio-transmitter, ,#1006146629,5,"Green python Morelia viridis, Cape York Australia",747799,8589912,54S,Australian Eastern Standard Time (Queensland),2003-05-25 10:22:00,2020-07-15, 
574,2003-05-25 13:27:00,143.2821993,-12.74559941,radio-transmitter, ,#1006146629,5,"Green python Morelia viridis, Cape York Australia",747794,8589908,54S,Australian Eastern Standard Time (Queensland),2003-05-25 23:27:00,2020-07-15, 
575,2003-05-26 03:17:00,143.2823447,-12.74539032,radio-transmitter, ,#1006146629,5,"Green python Morelia viridis, Cape York Australia",747810,8589931,54S,Australian Eastern Standard Time (Queensland),2003-05-26 13:17:00,2020-07-15, 
576,2003-05-26 11:52:00,143.2824538,-12.74524479,radio-transmitter, ,#1006146629,5,"Green python Morelia viridis, Cape York Australia",747822,8589947,54S,Australian Eastern Standard Time (Queensland),2003-05-26 21:52:00,2020-07-15, 
577,2003-05-27 00:13:00,143.2826823,-12.74505306,radio-transmitter, ,#1006146629,5,"Green python Morelia viridis, Cape York Australia",747847,8589968,54S,Australian Eastern Standard Time (Queensland),2003-05-27 10:13:00,2020-07-15, 
578,2003-05-27 10:57:00,143.2826454,-12.74504434,radio-transmitter, ,#1006146629,5,"Green python Morelia viridis, Cape York Australia",747843,8589969,54S,Australian Eastern Standard Time (Queensland),2003-05-27 20:57:00,2020-07-15, 
579,2003-05-28 00:15:00,143.2826086,-12.74504466,radio-transmitter, ,#1006146629,5,"Green python Morelia viridis, Cape York Australia",747839,8589969,54S,Australian Eastern Standard Time (Queensland),2003-05-28 10:15:00,2020-07-15, 
580,2003-05-28 12:19:00,143.2826086,-12.74504466,radio-transmitter, ,#1006146629,5,"Green python Morelia viridis, Cape York Australia",747839,8589969,54S,Australian Eastern Standard Time (Queensland),2003-05-28 22:19:00,2020-07-15, 
581,2003-05-28 23:46:00,143.2826086,-12.74504466,radio-transmitter, ,#1006146629,5,"Green python Morelia viridis, Cape York Australia",747839,8589969,54S,Australian Eastern Standard Time (Queensland),2003-05-29 09:46:00,2020-07-15, 
582,2003-05-29 13:51:00,143.2826086,-12.74504466,radio-transmitter, ,#1006146629,5,"Green python Morelia viridis, Cape York Australia",747839,8589969,54S,Australian Eastern Standard Time (Queensland),2003-05-29 23:51:00,2020-07-15, 
583,2003-05-30 06:33:00,143.2826086,-12.74504466,radio-transmitter, ,#1006146629,5,"Green python Morelia viridis, Cape York Australia",747839,8589969,54S,Australian Eastern Standard Time (Queensland),2003-05-30 16:33:00,2020-07-15, 
584,2003-05-30 12:25:00,143.2825532,-12.74502706,radio-transmitter, ,#1006146629,5,"Green python Morelia viridis, Cape York Australia",747833,8589971,54S,Australian Eastern Standard Time (Queensland),2003-05-30 22:25:00,2020-07-15, 
585,2003-05-31 01:02:00,143.2825532,-12.74502706,radio-transmitter, ,#1006146629,5,"Green python Morelia viridis, Cape York Australia",747833,8589971,54S,Australian Eastern Standard Time (Queensland),2003-05-31 11:02:00,2020-07-15, 
586,2003-05-31 12:25:00,143.2825809,-12.74503586,radio-transmitter, ,#1006146629,5,"Green python Morelia viridis, Cape York Australia",747836,8589970,54S,Australian Eastern Standard Time (Queensland),2003-05-31 22:25:00,2020-07-15, 
587,2003-06-01 00:58:00,143.2825809,-12.74503586,radio-transmitter, ,#1006146629,5,"Green python Morelia viridis, Cape York Australia",747836,8589970,54S,Australian Eastern Standard Time (Queensland),2003-06-01 10:58:00,2020-07-15, 
588,2003-06-01 11:44:00,143.2825809,-12.74503586,radio-transmitter, ,#1006146629,5,"Green python Morelia viridis, Cape York Australia",747836,8589970,54S,Australian Eastern Standard Time (Queensland),2003-06-01 21:44:00,2020-07-15, 
589,2003-06-01 23:42:00,143.2825809,-12.74503586,radio-transmitter, ,#1006146629,5,"Green python Morelia viridis, Cape York Australia",747836,8589970,54S,Australian Eastern Standard Time (Queensland),2003-06-02 09:42:00,2020-07-15, 
590,2003-06-02 10:35:00,143.2825809,-12.74503586,radio-transmitter, ,#1006146629,5,"Green python Morelia viridis, Cape York Australia",747836,8589970,54S,Australian Eastern Standard Time (Queensland),2003-06-02 20:35:00,2020-07-15, 
591,2003-06-03 01:06:00,143.2825903,-12.74506289,radio-transmitter, ,#1006146629,5,"Green python Morelia viridis, Cape York Australia",747837,8589967,54S,Australian Eastern Standard Time (Queensland),2003-06-03 11:06:00,2020-07-15, 
592,2003-06-03 10:32:00,143.2825903,-12.74506289,radio-transmitter, ,#1006146629,5,"Green python Morelia viridis, Cape York Australia",747837,8589967,54S,Australian Eastern Standard Time (Queensland),2003-06-03 20:32:00,2020-07-15, 
593,2003-06-04 03:20:00,143.2825903,-12.74506289,radio-transmitter, ,#1006146629,5,"Green python Morelia viridis, Cape York Australia",747837,8589967,54S,Australian Eastern Standard Time (Queensland),2003-06-04 13:20:00,2020-07-15, 
594,2003-06-04 12:45:00,143.2825903,-12.74506289,radio-transmitter, ,#1006146629,5,"Green python Morelia viridis, Cape York Australia",747837,8589967,54S,Australian Eastern Standard Time (Queensland),2003-06-04 22:45:00,2020-07-15, 
595,2002-11-23 10:20:00,143.283462,-12.74063658,radio-transmitter, ,#1006146633,6,"Green python Morelia viridis, Cape York Australia",747936,8590456,54S,Australian Eastern Standard Time (Queensland),2002-11-23 20:20:00,2020-07-15, 
596,2002-11-26 11:00:00,143.2835058,-12.74039222,radio-transmitter, ,#1006146633,6,"Green python Morelia viridis, Cape York Australia",747941,8590483,54S,Australian Eastern Standard Time (Queensland),2002-11-26 21:00:00,2020-07-15, 
597,2002-11-27 10:34:00,143.2835154,-12.74043732,radio-transmitter, ,#1006146633,6,"Green python Morelia viridis, Cape York Australia",747942,8590478,54S,Australian Eastern Standard Time (Queensland),2002-11-27 20:34:00,2020-07-15, 
598,2002-11-28 12:00:00,143.2835154,-12.74043732,radio-transmitter, ,#1006146633,6,"Green python Morelia viridis, Cape York Australia",747942,8590478,54S,Australian Eastern Standard Time (Queensland),2002-11-28 22:00:00,2020-07-15, 
599,2002-12-02 11:40:00,143.2835255,-12.74053663,radio-transmitter, ,#1006146633,6,"Green python Morelia viridis, Cape York Australia",747943,8590467,54S,Australian Eastern Standard Time (Queensland),2002-12-02 21:40:00,2020-07-15, 
600,2002-12-06 06:30:00,143.2835909,-12.7406445,radio-transmitter, ,#1006146633,6,"Green python Morelia viridis, Cape York Australia",747950,8590455,54S,Australian Eastern Standard Time (Queensland),2002-12-06 16:30:00,2020-07-15, 
601,2002-12-07 05:35:00,143.2836745,-12.74072511,radio-transmitter, ,#1006146633,6,"Green python Morelia viridis, Cape York Australia",747959,8590446,54S,Australian Eastern Standard Time (Queensland),2002-12-07 15:35:00,2020-07-15, 
602,2002-12-08 02:48:00,143.2837301,-12.74076077,radio-transmitter, ,#1006146633,6,"Green python Morelia viridis, Cape York Australia",747965,8590442,54S,Australian Eastern Standard Time (Queensland),2002-12-08 12:48:00,2020-07-15, 
603,2002-12-08 11:00:00,143.2837301,-12.74076077,radio-transmitter, ,#1006146633,6,"Green python Morelia viridis, Cape York Australia",747965,8590442,54S,Australian Eastern Standard Time (Queensland),2002-12-08 21:00:00,2020-07-15, 
604,2002-12-09 06:45:00,143.2837305,-12.74080595,radio-transmitter, ,#1006146633,6,"Green python Morelia viridis, Cape York Australia",747965,8590437,54S,Australian Eastern Standard Time (Queensland),2002-12-09 16:45:00,2020-07-15, 
605,2002-12-09 11:26:00,143.2836664,-12.74084265,radio-transmitter, ,#1006146633,6,"Green python Morelia viridis, Cape York Australia",747958,8590433,54S,Australian Eastern Standard Time (Queensland),2002-12-09 21:26:00,2020-07-15, 
606,2002-12-10 01:30:00,143.2836383,-12.74079771,radio-transmitter, ,#1006146633,6,"Green python Morelia viridis, Cape York Australia",747955,8590438,54S,Australian Eastern Standard Time (Queensland),2002-12-10 11:30:00,2020-07-15, 
607,2002-12-10 10:35:00,143.2835923,-12.74079811,radio-transmitter, ,#1006146633,6,"Green python Morelia viridis, Cape York Australia",747950,8590438,54S,Australian Eastern Standard Time (Queensland),2002-12-10 20:35:00,2020-07-15, 
608,2002-12-10 23:45:00,143.2835921,-12.740771,radio-transmitter, ,#1006146633,6,"Green python Morelia viridis, Cape York Australia",747950,8590441,54S,Australian Eastern Standard Time (Queensland),2002-12-11 09:45:00,2020-07-15, 
609,2002-12-11 13:12:00,143.2835921,-12.740771,radio-transmitter, ,#1006146633,6,"Green python Morelia viridis, Cape York Australia",747950,8590441,54S,Australian Eastern Standard Time (Queensland),2002-12-11 23:12:00,2020-07-15, 
610,2002-12-12 05:40:00,143.2836012,-12.74076188,radio-transmitter, ,#1006146633,6,"Green python Morelia viridis, Cape York Australia",747951,8590442,54S,Australian Eastern Standard Time (Queensland),2002-12-12 15:40:00,2020-07-15, 
611,2002-12-13 05:40:00,143.2836012,-12.74076188,radio-transmitter, ,#1006146633,6,"Green python Morelia viridis, Cape York Australia",747951,8590442,54S,Australian Eastern Standard Time (Queensland),2002-12-13 15:40:00,2020-07-15, 
612,2002-12-14 12:13:00,143.2836196,-12.74076173,radio-transmitter, ,#1006146633,6,"Green python Morelia viridis, Cape York Australia",747953,8590442,54S,Australian Eastern Standard Time (Queensland),2002-12-14 22:13:00,2020-07-15, 
613,2002-12-15 06:40:00,143.2836105,-12.74077084,radio-transmitter, ,#1006146633,6,"Green python Morelia viridis, Cape York Australia",747952,8590441,54S,Australian Eastern Standard Time (Queensland),2002-12-15 16:40:00,2020-07-15, 
614,2002-12-16 05:50:00,143.2836104,-12.7407618,radio-transmitter, ,#1006146633,6,"Green python Morelia viridis, Cape York Australia",747952,8590442,54S,Australian Eastern Standard Time (Queensland),2002-12-16 15:50:00,2020-07-15, 
615,2002-12-17 04:50:00,143.2836014,-12.74077996,radio-transmitter, ,#1006146633,6,"Green python Morelia viridis, Cape York Australia",747951,8590440,54S,Australian Eastern Standard Time (Queensland),2002-12-17 14:50:00,2020-07-15, 
616,2002-12-18 00:04:00,143.2836014,-12.74077996,radio-transmitter, ,#1006146633,6,"Green python Morelia viridis, Cape York Australia",747951,8590440,54S,Australian Eastern Standard Time (Queensland),2002-12-18 10:04:00,2020-07-15, 
617,2002-12-20 04:35:00,143.2837581,-12.74080571,radio-transmitter, ,#1006146633,6,"Green python Morelia viridis, Cape York Australia",747968,8590437,54S,Australian Eastern Standard Time (Queensland),2002-12-20 14:35:00,2020-07-15, 
618,2002-12-21 07:35:00,143.283656,-12.74071623,radio-transmitter, ,#1006146633,6,"Green python Morelia viridis, Cape York Australia",747957,8590447,54S,Australian Eastern Standard Time (Queensland),2002-12-21 17:35:00,2020-07-15, 
619,2002-12-22 04:10:00,143.2836285,-12.7407255,radio-transmitter, ,#1006146633,6,"Green python Morelia viridis, Cape York Australia",747954,8590446,54S,Australian Eastern Standard Time (Queensland),2002-12-22 14:10:00,2020-07-15, 
620,2002-12-22 13:30:00,143.2836287,-12.74074357,radio-transmitter, ,#1006146633,6,"Green python Morelia viridis, Cape York Australia",747954,8590444,54S,Australian Eastern Standard Time (Queensland),2002-12-22 23:30:00,2020-07-15, 
621,2002-12-23 07:14:00,143.2836287,-12.74074357,radio-transmitter, ,#1006146633,6,"Green python Morelia viridis, Cape York Australia",747954,8590444,54S,Australian Eastern Standard Time (Queensland),2002-12-23 17:14:00,2020-07-15, 
622,2002-12-23 11:36:00,143.2836283,-12.7406984,radio-transmitter, ,#1006146633,6,"Green python Morelia viridis, Cape York Australia",747954,8590449,54S,Australian Eastern Standard Time (Queensland),2002-12-23 21:36:00,2020-07-15, 
623,2002-12-24 04:06:00,143.2836283,-12.7406984,radio-transmitter, ,#1006146633,6,"Green python Morelia viridis, Cape York Australia",747954,8590449,54S,Australian Eastern Standard Time (Queensland),2002-12-24 14:06:00,2020-07-15, 
624,2002-12-25 07:05:00,143.2835635,-12.74066281,radio-transmitter, ,#1006146633,6,"Green python Morelia viridis, Cape York Australia",747947,8590453,54S,Australian Eastern Standard Time (Queensland),2002-12-25 17:05:00,2020-07-15, 
625,2002-12-25 12:45:00,143.2835821,-12.74068072,radio-transmitter, ,#1006146633,6,"Green python Morelia viridis, Cape York Australia",747949,8590451,54S,Australian Eastern Standard Time (Queensland),2002-12-25 22:45:00,2020-07-15, 
626,2002-12-26 03:55:00,143.2834723,-12.74075396,radio-transmitter, ,#1006146633,6,"Green python Morelia viridis, Cape York Australia",747937,8590443,54S,Australian Eastern Standard Time (Queensland),2002-12-26 13:55:00,2020-07-15, 
627,2002-12-26 10:07:00,143.2834723,-12.740763,radio-transmitter, ,#1006146633,6,"Green python Morelia viridis, Cape York Australia",747937,8590442,54S,Australian Eastern Standard Time (Queensland),2002-12-26 20:07:00,2020-07-15, 
628,2002-12-27 00:00:00,143.2834722,-12.74074493,radio-transmitter, ,#1006146633,6,"Green python Morelia viridis, Cape York Australia",747937,8590444,54S,Australian Eastern Standard Time (Queensland),2002-12-27 10:00:00,2020-07-15, 
629,2002-12-27 12:04:00,143.2834722,-12.74074493,radio-transmitter, ,#1006146633,6,"Green python Morelia viridis, Cape York Australia",747937,8590444,54S,Australian Eastern Standard Time (Queensland),2002-12-27 22:04:00,2020-07-15, 
630,2002-12-27 22:13:00,143.2835178,-12.74069935,radio-transmitter, ,#1006146633,6,"Green python Morelia viridis, Cape York Australia",747942,8590449,54S,Australian Eastern Standard Time (Queensland),2002-12-28 08:13:00,2020-07-15, 
631,2002-12-28 12:30:00,143.2836837,-12.74072503,radio-transmitter, ,#1006146633,6,"Green python Morelia viridis, Cape York Australia",747960,8590446,54S,Australian Eastern Standard Time (Queensland),2002-12-28 22:30:00,2020-07-15, 
632,2002-12-28 23:12:00,143.2837765,-12.74080555,radio-transmitter, ,#1006146633,6,"Green python Morelia viridis, Cape York Australia",747970,8590437,54S,Australian Eastern Standard Time (Queensland),2002-12-29 09:12:00,2020-07-15, 
633,2002-12-29 22:55:00,143.2835277,-12.74078059,radio-transmitter, ,#1006146633,6,"Green python Morelia viridis, Cape York Australia",747943,8590440,54S,Australian Eastern Standard Time (Queensland),2002-12-30 08:55:00,2020-07-15, 
634,2002-12-30 12:15:00,143.2835548,-12.7407171,radio-transmitter, ,#1006146633,6,"Green python Morelia viridis, Cape York Australia",747946,8590447,54S,Australian Eastern Standard Time (Queensland),2002-12-30 22:15:00,2020-07-15, 
635,2002-12-30 22:30:00,143.283536,-12.74068112,radio-transmitter, ,#1006146633,6,"Green python Morelia viridis, Cape York Australia",747944,8590451,54S,Australian Eastern Standard Time (Queensland),2002-12-31 08:30:00,2020-07-15, 
636,2002-12-31 23:15:00,143.283554,-12.74063578,radio-transmitter, ,#1006146633,6,"Green python Morelia viridis, Cape York Australia",747946,8590456,54S,Australian Eastern Standard Time (Queensland),2003-01-01 09:15:00,2020-07-15, 
637,2003-01-01 12:40:00,143.2835809,-12.74054519,radio-transmitter, ,#1006146633,6,"Green python Morelia viridis, Cape York Australia",747949,8590466,54S,Australian Eastern Standard Time (Queensland),2003-01-01 22:40:00,2020-07-15, 
638,2003-01-01 23:05:00,143.2835622,-12.74051824,radio-transmitter, ,#1006146633,6,"Green python Morelia viridis, Cape York Australia",747947,8590469,54S,Australian Eastern Standard Time (Queensland),2003-01-02 09:05:00,2020-07-15, 
639,2003-01-03 02:20:00,143.2835624,-12.74053631,radio-transmitter, ,#1006146633,6,"Green python Morelia viridis, Cape York Australia",747947,8590467,54S,Australian Eastern Standard Time (Queensland),2003-01-03 12:20:00,2020-07-15, 
640,2003-01-03 12:48:00,143.2835162,-12.74051864,radio-transmitter, ,#1006146633,6,"Green python Morelia viridis, Cape York Australia",747942,8590469,54S,Australian Eastern Standard Time (Queensland),2003-01-03 22:48:00,2020-07-15, 
641,2003-01-04 01:20:00,143.2835622,-12.74051824,radio-transmitter, ,#1006146633,6,"Green python Morelia viridis, Cape York Australia",747947,8590469,54S,Australian Eastern Standard Time (Queensland),2003-01-04 11:20:00,2020-07-15, 
642,2003-01-04 10:12:00,143.2835072,-12.74054582,radio-transmitter, ,#1006146633,6,"Green python Morelia viridis, Cape York Australia",747941,8590466,54S,Australian Eastern Standard Time (Queensland),2003-01-04 20:12:00,2020-07-15, 
643,2003-01-04 23:00:00,143.2835072,-12.74054582,radio-transmitter, ,#1006146633,6,"Green python Morelia viridis, Cape York Australia",747941,8590466,54S,Australian Eastern Standard Time (Queensland),2003-01-05 09:00:00,2020-07-15, 
644,2003-01-05 12:50:00,143.2834618,-12.74061851,radio-transmitter, ,#1006146633,6,"Green python Morelia viridis, Cape York Australia",747936,8590458,54S,Australian Eastern Standard Time (Queensland),2003-01-05 22:50:00,2020-07-15, 
645,2003-01-06 05:16:00,143.2834987,-12.74062722,radio-transmitter, ,#1006146633,6,"Green python Morelia viridis, Cape York Australia",747940,8590457,54S,Australian Eastern Standard Time (Queensland),2003-01-06 15:16:00,2020-07-15, 
646,2003-01-06 12:10:00,143.2835166,-12.74056381,radio-transmitter, ,#1006146633,6,"Green python Morelia viridis, Cape York Australia",747942,8590464,54S,Australian Eastern Standard Time (Queensland),2003-01-06 22:10:00,2020-07-15, 
647,2003-01-07 03:00:00,143.2835532,-12.74054543,radio-transmitter, ,#1006146633,6,"Green python Morelia viridis, Cape York Australia",747946,8590466,54S,Australian Eastern Standard Time (Queensland),2003-01-07 13:00:00,2020-07-15, 
648,2003-01-07 13:00:00,143.2835611,-12.74039174,radio-transmitter, ,#1006146633,6,"Green python Morelia viridis, Cape York Australia",747947,8590483,54S,Australian Eastern Standard Time (Queensland),2003-01-07 23:00:00,2020-07-15, 
649,2003-01-08 05:00:00,143.2835244,-12.74041013,radio-transmitter, ,#1006146633,6,"Green python Morelia viridis, Cape York Australia",747943,8590481,54S,Australian Eastern Standard Time (Queensland),2003-01-08 15:00:00,2020-07-15, 
650,2003-01-08 11:22:00,143.2835064,-12.74045547,radio-transmitter, ,#1006146633,6,"Green python Morelia viridis, Cape York Australia",747941,8590476,54S,Australian Eastern Standard Time (Queensland),2003-01-08 21:22:00,2020-07-15, 
651,2003-01-09 00:07:00,143.2835335,-12.74039198,radio-transmitter, ,#1006146633,6,"Green python Morelia viridis, Cape York Australia",747944,8590483,54S,Australian Eastern Standard Time (Queensland),2003-01-09 10:07:00,2020-07-15, 
652,2003-01-09 14:14:00,143.2835244,-12.74041013,radio-transmitter, ,#1006146633,6,"Green python Morelia viridis, Cape York Australia",747943,8590481,54S,Australian Eastern Standard Time (Queensland),2003-01-10 00:14:00,2020-07-15, 
653,2003-01-10 07:10:00,143.2835704,-12.74040973,radio-transmitter, ,#1006146633,6,"Green python Morelia viridis, Cape York Australia",747948,8590481,54S,Australian Eastern Standard Time (Queensland),2003-01-10 17:10:00,2020-07-15, 
654,2003-01-11 10:54:00,143.2835888,-12.74040957,radio-transmitter, ,#1006146633,6,"Green python Morelia viridis, Cape York Australia",747950,8590481,54S,Australian Eastern Standard Time (Queensland),2003-01-11 20:54:00,2020-07-15, 
655,2003-01-12 06:30:00,143.2836362,-12.74055375,radio-transmitter, ,#1006146633,6,"Green python Morelia viridis, Cape York Australia",747955,8590465,54S,Australian Eastern Standard Time (Queensland),2003-01-12 16:30:00,2020-07-15, 
656,2003-01-13 04:30:00,143.2835628,-12.74058149,radio-transmitter, ,#1006146633,6,"Green python Morelia viridis, Cape York Australia",747947,8590462,54S,Australian Eastern Standard Time (Queensland),2003-01-13 14:30:00,2020-07-15, 
657,2003-01-14 02:40:00,143.2835173,-12.74064514,radio-transmitter, ,#1006146633,6,"Green python Morelia viridis, Cape York Australia",747942,8590455,54S,Australian Eastern Standard Time (Queensland),2003-01-14 12:40:00,2020-07-15, 
658,2003-01-15 04:22:00,143.2834806,-12.74065449,radio-transmitter, ,#1006146633,6,"Green python Morelia viridis, Cape York Australia",747938,8590454,54S,Australian Eastern Standard Time (Queensland),2003-01-15 14:22:00,2020-07-15, 
659,2003-01-16 11:11:00,143.2834059,-12.74053766,radio-transmitter, ,#1006146633,6,"Green python Morelia viridis, Cape York Australia",747930,8590467,54S,Australian Eastern Standard Time (Queensland),2003-01-16 21:11:00,2020-07-15, 
660,2003-01-17 01:20:00,143.2833781,-12.74051983,radio-transmitter, ,#1006146633,6,"Green python Morelia viridis, Cape York Australia",747927,8590469,54S,Australian Eastern Standard Time (Queensland),2003-01-17 11:20:00,2020-07-15, 
661,2003-01-24 07:05:00,143.2833777,-12.74047465,radio-transmitter, ,#1006146633,6,"Green python Morelia viridis, Cape York Australia",747927,8590474,54S,Australian Eastern Standard Time (Queensland),2003-01-24 17:05:00,2020-07-15, 
662,2003-01-25 06:27:00,143.2833777,-12.74047465,radio-transmitter, ,#1006146633,6,"Green python Morelia viridis, Cape York Australia",747927,8590474,54S,Australian Eastern Standard Time (Queensland),2003-01-25 16:27:00,2020-07-15, 
663,2003-01-26 05:55:00,143.283387,-12.74048361,radio-transmitter, ,#1006146633,6,"Green python Morelia viridis, Cape York Australia",747928,8590473,54S,Australian Eastern Standard Time (Queensland),2003-01-26 15:55:00,2020-07-15, 
664,2003-01-27 01:04:00,143.2833861,-12.74038421,radio-transmitter, ,#1006146633,6,"Green python Morelia viridis, Cape York Australia",747928,8590484,54S,Australian Eastern Standard Time (Queensland),2003-01-27 11:04:00,2020-07-15, 
665,2003-01-27 12:10:00,143.2834871,-12.74035623,radio-transmitter, ,#1006146633,6,"Green python Morelia viridis, Cape York Australia",747939,8590487,54S,Australian Eastern Standard Time (Queensland),2003-01-27 22:10:00,2020-07-15, 
666,2003-01-28 06:22:00,143.2835706,-12.7404278,radio-transmitter, ,#1006146633,6,"Green python Morelia viridis, Cape York Australia",747948,8590479,54S,Australian Eastern Standard Time (Queensland),2003-01-28 16:22:00,2020-07-15, 
667,2003-01-28 12:48:00,143.283552,-12.74040989,radio-transmitter, ,#1006146633,6,"Green python Morelia viridis, Cape York Australia",747946,8590481,54S,Australian Eastern Standard Time (Queensland),2003-01-28 22:48:00,2020-07-15, 
668,2003-01-29 07:07:00,143.2835336,-12.74041005,radio-transmitter, ,#1006146633,6,"Green python Morelia viridis, Cape York Australia",747944,8590481,54S,Australian Eastern Standard Time (Queensland),2003-01-29 17:07:00,2020-07-15, 
669,2003-01-29 14:07:00,143.2835433,-12.74046418,radio-transmitter, ,#1006146633,6,"Green python Morelia viridis, Cape York Australia",747945,8590475,54S,Australian Eastern Standard Time (Queensland),2003-01-30 00:07:00,2020-07-15, 
670,2003-01-30 05:43:00,143.2835624,-12.74053631,radio-transmitter, ,#1006146633,6,"Green python Morelia viridis, Cape York Australia",747947,8590467,54S,Australian Eastern Standard Time (Queensland),2003-01-30 15:43:00,2020-07-15, 
671,2003-01-30 10:40:00,143.2835624,-12.74053631,radio-transmitter, ,#1006146633,6,"Green python Morelia viridis, Cape York Australia",747947,8590467,54S,Australian Eastern Standard Time (Queensland),2003-01-30 20:40:00,2020-07-15, 
672,2003-02-01 01:15:00,143.2835627,-12.74057245,radio-transmitter, ,#1006146633,6,"Green python Morelia viridis, Cape York Australia",747947,8590463,54S,Australian Eastern Standard Time (Queensland),2003-02-01 11:15:00,2020-07-15, 
673,2003-02-03 06:49:00,143.283601,-12.74074381,radio-transmitter, ,#1006146633,6,"Green python Morelia viridis, Cape York Australia",747951,8590444,54S,Australian Eastern Standard Time (Queensland),2003-02-03 16:49:00,2020-07-15, 
674,2003-02-05 02:25:00,143.283657,-12.74082466,radio-transmitter, ,#1006146633,6,"Green python Morelia viridis, Cape York Australia",747957,8590435,54S,Australian Eastern Standard Time (Queensland),2003-02-05 12:25:00,2020-07-15, 
675,2003-02-07 07:18:00,143.2836939,-12.74083337,radio-transmitter, ,#1006146633,6,"Green python Morelia viridis, Cape York Australia",747961,8590434,54S,Australian Eastern Standard Time (Queensland),2003-02-07 17:18:00,2020-07-15, 
676,2003-02-07 11:54:00,143.2836013,-12.74077092,radio-transmitter, ,#1006146633,6,"Green python Morelia viridis, Cape York Australia",747951,8590441,54S,Australian Eastern Standard Time (Queensland),2003-02-07 21:54:00,2020-07-15, 
677,2003-02-09 11:50:00,143.2834634,-12.74079018,radio-transmitter, ,#1006146633,6,"Green python Morelia viridis, Cape York Australia",747936,8590439,54S,Australian Eastern Standard Time (Queensland),2003-02-09 21:50:00,2020-07-15, 
678,2003-01-13 10:00:00,143.2767248,-12.74901718,radio-transmitter, ,#1006146637,7,"Green python Morelia viridis, Cape York Australia",747196,8589535,54S,Australian Eastern Standard Time (Queensland),2003-01-13 20:00:00,2020-07-15, 
679,2003-01-24 03:42:00,143.2766057,-12.74908146,radio-transmitter, ,#1006146637,7,"Green python Morelia viridis, Cape York Australia",747183,8589528,54S,Australian Eastern Standard Time (Queensland),2003-01-24 13:42:00,2020-07-15, 
680,2003-01-25 00:12:00,143.2761553,-12.74915763,radio-transmitter, ,#1006146637,7,"Green python Morelia viridis, Cape York Australia",747134,8589520,54S,Australian Eastern Standard Time (Queensland),2003-01-25 10:12:00,2020-07-15, 
681,2003-01-26 05:14:00,143.2761822,-12.74907607,radio-transmitter, ,#1006146637,7,"Green python Morelia viridis, Cape York Australia",747137,8589529,54S,Australian Eastern Standard Time (Queensland),2003-01-26 15:14:00,2020-07-15, 
682,2003-01-26 12:18:00,143.2759236,-12.7489789,radio-transmitter, ,#1006146637,7,"Green python Morelia viridis, Cape York Australia",747109,8589540,54S,Australian Eastern Standard Time (Queensland),2003-01-26 22:18:00,2020-07-15, 
683,2003-01-27 01:52:00,143.2761012,-12.74928461,radio-transmitter, ,#1006146637,7,"Green python Morelia viridis, Cape York Australia",747128,8589506,54S,Australian Eastern Standard Time (Queensland),2003-01-27 11:52:00,2020-07-15, 
684,2003-01-29 01:02:00,143.2753926,-12.74930878,radio-transmitter, ,#1006146637,7,"Green python Morelia viridis, Cape York Australia",747051,8589504,54S,Australian Eastern Standard Time (Queensland),2003-01-29 11:02:00,2020-07-15, 
685,2003-01-30 04:53:00,143.2753925,-12.74929974,radio-transmitter, ,#1006146637,7,"Green python Morelia viridis, Cape York Australia",747051,8589505,54S,Australian Eastern Standard Time (Queensland),2003-01-30 14:53:00,2020-07-15, 
686,2003-01-31 06:15:00,143.2753926,-12.74930878,radio-transmitter, ,#1006146637,7,"Green python Morelia viridis, Cape York Australia",747051,8589504,54S,Australian Eastern Standard Time (Queensland),2003-01-31 16:15:00,2020-07-15, 
687,2003-02-02 07:46:00,143.2753368,-12.749246,radio-transmitter, ,#1006146637,7,"Green python Morelia viridis, Cape York Australia",747045,8589511,54S,Australian Eastern Standard Time (Queensland),2003-02-02 17:46:00,2020-07-15, 
688,2003-02-03 23:39:00,143.2753462,-12.749264,radio-transmitter, ,#1006146637,7,"Green python Morelia viridis, Cape York Australia",747046,8589509,54S,Australian Eastern Standard Time (Queensland),2003-02-04 09:39:00,2020-07-15, 
689,2003-02-05 01:23:00,143.2753462,-12.749264,radio-transmitter, ,#1006146637,7,"Green python Morelia viridis, Cape York Australia",747046,8589509,54S,Australian Eastern Standard Time (Queensland),2003-02-05 11:23:00,2020-07-15, 
690,2003-02-06 00:47:00,143.2753462,-12.749264,radio-transmitter, ,#1006146637,7,"Green python Morelia viridis, Cape York Australia",747046,8589509,54S,Australian Eastern Standard Time (Queensland),2003-02-06 10:47:00,2020-07-15, 
691,2003-02-07 06:16:00,143.2753462,-12.749264,radio-transmitter, ,#1006146637,7,"Green python Morelia viridis, Cape York Australia",747046,8589509,54S,Australian Eastern Standard Time (Queensland),2003-02-07 16:16:00,2020-07-15, 
692,2003-02-08 03:18:00,143.2753461,-12.74925496,radio-transmitter, ,#1006146637,7,"Green python Morelia viridis, Cape York Australia",747046,8589510,54S,Australian Eastern Standard Time (Queensland),2003-02-08 13:18:00,2020-07-15, 
693,2003-02-09 00:23:00,143.2753461,-12.74925496,radio-transmitter, ,#1006146637,7,"Green python Morelia viridis, Cape York Australia",747046,8589510,54S,Australian Eastern Standard Time (Queensland),2003-02-09 10:23:00,2020-07-15, 
694,2003-02-10 05:54:00,143.2753461,-12.74925496,radio-transmitter, ,#1006146637,7,"Green python Morelia viridis, Cape York Australia",747046,8589510,54S,Australian Eastern Standard Time (Queensland),2003-02-10 15:54:00,2020-07-15, 
695,2003-02-11 06:05:00,143.275188,-12.74907559,radio-transmitter, ,#1006146637,7,"Green python Morelia viridis, Cape York Australia",747029,8589530,54S,Australian Eastern Standard Time (Queensland),2003-02-11 16:05:00,2020-07-15, 
696,2003-02-12 04:00:00,143.2751786,-12.7490576,radio-transmitter, ,#1006146637,7,"Green python Morelia viridis, Cape York Australia",747028,8589532,54S,Australian Eastern Standard Time (Queensland),2003-02-12 14:00:00,2020-07-15, 
697,2003-02-12 07:12:00,143.2751786,-12.7490576,radio-transmitter, ,#1006146637,7,"Green python Morelia viridis, Cape York Australia",747028,8589532,54S,Australian Eastern Standard Time (Queensland),2003-02-12 17:12:00,2020-07-15, 
698,2003-02-14 01:29:00,143.2751697,-12.74909382,radio-transmitter, ,#1006146637,7,"Green python Morelia viridis, Cape York Australia",747027,8589528,54S,Australian Eastern Standard Time (Queensland),2003-02-14 11:29:00,2020-07-15, 
699,2003-02-15 03:40:00,143.2751698,-12.74910286,radio-transmitter, ,#1006146637,7,"Green python Morelia viridis, Cape York Australia",747027,8589527,54S,Australian Eastern Standard Time (Queensland),2003-02-15 13:40:00,2020-07-15, 
700,2003-02-16 02:14:00,143.2744683,-12.74786187,radio-transmitter, ,#1006146637,7,"Green python Morelia viridis, Cape York Australia",746952,8589665,54S,Australian Eastern Standard Time (Queensland),2003-02-16 12:14:00,2020-07-15, 
701,2003-02-17 00:55:00,143.2746296,-12.74736348,radio-transmitter, ,#1006146637,7,"Green python Morelia viridis, Cape York Australia",746970,8589720,54S,Australian Eastern Standard Time (Queensland),2003-02-17 10:55:00,2020-07-15, 
702,2003-02-18 02:17:00,143.274372,-12.74738377,radio-transmitter, ,#1006146637,7,"Green python Morelia viridis, Cape York Australia",746942,8589718,54S,Australian Eastern Standard Time (Queensland),2003-02-18 12:17:00,2020-07-15, 
703,2003-02-19 01:30:00,143.2739352,-12.74692667,radio-transmitter, ,#1006146637,7,"Green python Morelia viridis, Cape York Australia",746895,8589769,54S,Australian Eastern Standard Time (Queensland),2003-02-19 11:30:00,2020-07-15, 
704,2003-02-22 22:56:00,143.2739259,-12.74691771,radio-transmitter, ,#1006146637,7,"Green python Morelia viridis, Cape York Australia",746894,8589770,54S,Australian Eastern Standard Time (Queensland),2003-02-23 08:56:00,2020-07-15, 
705,2003-02-25 03:32:00,143.2739259,-12.74691771,radio-transmitter, ,#1006146637,7,"Green python Morelia viridis, Cape York Australia",746894,8589770,54S,Australian Eastern Standard Time (Queensland),2003-02-25 13:32:00,2020-07-15, 
706,2003-02-27 06:25:00,143.2739647,-12.7461041,radio-transmitter, ,#1006146637,7,"Green python Morelia viridis, Cape York Australia",746899,8589860,54S,Australian Eastern Standard Time (Queensland),2003-02-27 16:25:00,2020-07-15, 
707,2003-03-02 06:20:00,143.2739652,-12.74615831,radio-transmitter, ,#1006146637,7,"Green python Morelia viridis, Cape York Australia",746899,8589854,54S,Australian Eastern Standard Time (Queensland),2003-03-02 16:20:00,2020-07-15, 
708,2003-03-04 06:40:00,143.2739651,-12.74614928,radio-transmitter, ,#1006146637,7,"Green python Morelia viridis, Cape York Australia",746899,8589855,54S,Australian Eastern Standard Time (Queensland),2003-03-04 16:40:00,2020-07-15, 
709,2003-03-05 05:08:00,143.2740347,-12.74569686,radio-transmitter, ,#1006146637,7,"Green python Morelia viridis, Cape York Australia",746907,8589905,54S,Australian Eastern Standard Time (Queensland),2003-03-05 15:08:00,2020-07-15, 
710,2003-03-07 06:32:00,143.2738346,-12.74493048,radio-transmitter, ,#1006146637,7,"Green python Morelia viridis, Cape York Australia",746886,8589990,54S,Australian Eastern Standard Time (Queensland),2003-03-07 16:32:00,2020-07-15, 
711,2003-03-14 04:20:00,143.2739085,-12.74496599,radio-transmitter, ,#1006146637,7,"Green python Morelia viridis, Cape York Australia",746894,8589986,54S,Australian Eastern Standard Time (Queensland),2003-03-14 14:20:00,2020-07-15, 
712,2003-03-16 06:36:00,143.2739471,-12.74516446,radio-transmitter, ,#1006146637,7,"Green python Morelia viridis, Cape York Australia",746898,8589964,54S,Australian Eastern Standard Time (Queensland),2003-03-16 16:36:00,2020-07-15, 
713,2003-03-26 01:58:00,143.2746972,-12.74875451,radio-transmitter, ,#1006146637,7,"Green python Morelia viridis, Cape York Australia",746976,8589566,54S,Australian Eastern Standard Time (Queensland),2003-03-26 11:58:00,2020-07-15, 
714,2003-03-28 01:14:00,143.2748912,-12.74882513,radio-transmitter, ,#1006146637,7,"Green python Morelia viridis, Cape York Australia",746997,8589558,54S,Australian Eastern Standard Time (Queensland),2003-03-28 11:14:00,2020-07-15, 
715,2003-03-31 01:17:00,143.2750297,-12.74887815,radio-transmitter, ,#1006146637,7,"Green python Morelia viridis, Cape York Australia",747012,8589552,54S,Australian Eastern Standard Time (Queensland),2003-03-31 11:17:00,2020-07-15, 
716,2003-04-02 04:43:00,143.275048,-12.74885992,radio-transmitter, ,#1006146637,7,"Green python Morelia viridis, Cape York Australia",747014,8589554,54S,Australian Eastern Standard Time (Queensland),2003-04-02 14:43:00,2020-07-15, 
717,2003-04-06 06:24:00,143.2750297,-12.74887815,radio-transmitter, ,#1006146637,7,"Green python Morelia viridis, Cape York Australia",747012,8589552,54S,Australian Eastern Standard Time (Queensland),2003-04-06 16:24:00,2020-07-15, 
718,2003-04-08 03:47:00,143.2750297,-12.74887815,radio-transmitter, ,#1006146637,7,"Green python Morelia viridis, Cape York Australia",747012,8589552,54S,Australian Eastern Standard Time (Queensland),2003-04-08 13:47:00,2020-07-15, 
719,2003-04-10 05:06:00,143.2750297,-12.74887815,radio-transmitter, ,#1006146637,7,"Green python Morelia viridis, Cape York Australia",747012,8589552,54S,Australian Eastern Standard Time (Queensland),2003-04-10 15:06:00,2020-07-15, 
720,2003-04-11 05:26:00,143.2750674,-12.74897723,radio-transmitter, ,#1006146637,7,"Green python Morelia viridis, Cape York Australia",747016,8589541,54S,Australian Eastern Standard Time (Queensland),2003-04-11 15:26:00,2020-07-15, 
721,2003-04-12 02:46:00,143.2751353,-12.74935618,radio-transmitter, ,#1006146637,7,"Green python Morelia viridis, Cape York Australia",747023,8589499,54S,Australian Eastern Standard Time (Queensland),2003-04-12 12:46:00,2020-07-15, 
722,2003-01-02 10:00:00,143.2419197,-12.73987139,radio-transmitter, ,#1006146641,8,"Green python Morelia viridis, Cape York Australia",743424,8590580,54S,Australian Eastern Standard Time (Queensland),2003-01-02 20:00:00,2020-07-15, 
723,2003-01-15 01:18:00,143.2419014,-12.73988058,radio-transmitter, ,#1006146641,8,"Green python Morelia viridis, Cape York Australia",743422,8590579,54S,Australian Eastern Standard Time (Queensland),2003-01-15 11:18:00,2020-07-15, 
724,2003-01-15 23:15:00,143.2419288,-12.73985324,radio-transmitter, ,#1006146641,8,"Green python Morelia viridis, Cape York Australia",743425,8590582,54S,Australian Eastern Standard Time (Queensland),2003-01-16 09:15:00,2020-07-15, 
725,2003-01-22 05:30:00,143.2420296,-12.7398072,radio-transmitter, ,#1006146641,8,"Green python Morelia viridis, Cape York Australia",743436,8590587,54S,Australian Eastern Standard Time (Queensland),2003-01-22 15:30:00,2020-07-15, 
726,2003-01-24 01:45:00,143.2420483,-12.73983416,radio-transmitter, ,#1006146641,8,"Green python Morelia viridis, Cape York Australia",743438,8590584,54S,Australian Eastern Standard Time (Queensland),2003-01-24 11:45:00,2020-07-15, 
727,2003-01-25 00:32:00,143.2420572,-12.73980697,radio-transmitter, ,#1006146641,8,"Green python Morelia viridis, Cape York Australia",743439,8590587,54S,Australian Eastern Standard Time (Queensland),2003-01-25 10:32:00,2020-07-15, 
728,2003-01-26 11:51:00,143.2421031,-12.73978851,radio-transmitter, ,#1006146641,8,"Green python Morelia viridis, Cape York Australia",743444,8590589,54S,Australian Eastern Standard Time (Queensland),2003-01-26 21:51:00,2020-07-15, 
729,2003-01-27 06:05:00,143.242131,-12.73981538,radio-transmitter, ,#1006146641,8,"Green python Morelia viridis, Cape York Australia",743447,8590586,54S,Australian Eastern Standard Time (Queensland),2003-01-27 16:05:00,2020-07-15, 
730,2003-01-27 13:00:00,143.2421126,-12.73982457,radio-transmitter, ,#1006146641,8,"Green python Morelia viridis, Cape York Australia",743445,8590585,54S,Australian Eastern Standard Time (Queensland),2003-01-27 23:00:00,2020-07-15, 
731,2003-01-29 01:46:00,143.2421587,-12.73983322,radio-transmitter, ,#1006146641,8,"Green python Morelia viridis, Cape York Australia",743450,8590584,54S,Australian Eastern Standard Time (Queensland),2003-01-29 11:46:00,2020-07-15, 
732,2003-01-31 04:12:00,143.2420113,-12.7398164,radio-transmitter, ,#1006146641,8,"Green python Morelia viridis, Cape York Australia",743434,8590586,54S,Australian Eastern Standard Time (Queensland),2003-01-31 14:12:00,2020-07-15, 
733,2003-02-02 06:03:00,143.2418554,-12.73989001,radio-transmitter, ,#1006146641,8,"Green python Morelia viridis, Cape York Australia",743417,8590578,54S,Australian Eastern Standard Time (Queensland),2003-02-02 16:03:00,2020-07-15, 
734,2003-02-04 00:10:00,143.2419563,-12.73984397,radio-transmitter, ,#1006146641,8,"Green python Morelia viridis, Cape York Australia",743428,8590583,54S,Australian Eastern Standard Time (Queensland),2003-02-04 10:10:00,2020-07-15, 
735,2003-02-06 01:12:00,143.2420391,-12.73984327,radio-transmitter, ,#1006146641,8,"Green python Morelia viridis, Cape York Australia",743437,8590583,54S,Australian Eastern Standard Time (Queensland),2003-02-06 11:12:00,2020-07-15, 
736,2003-02-08 03:47:00,143.2422594,-12.73976911,radio-transmitter, ,#1006146641,8,"Green python Morelia viridis, Cape York Australia",743461,8590591,54S,Australian Eastern Standard Time (Queensland),2003-02-08 13:47:00,2020-07-15, 
737,2003-01-09 13:23:00,143.2837378,-12.74264931,radio-transmitter, ,#1006146645,9,"Green python Morelia viridis, Cape York Australia",747964,8590233,54S,Australian Eastern Standard Time (Queensland),2003-01-09 23:23:00,2020-07-15, 
738,2003-01-14 02:15:00,143.2836921,-12.74268585,radio-transmitter, ,#1006146645,9,"Green python Morelia viridis, Cape York Australia",747959,8590229,54S,Australian Eastern Standard Time (Queensland),2003-01-14 12:15:00,2020-07-15, 
739,2003-01-15 04:00:00,143.283711,-12.7427399,radio-transmitter, ,#1006146645,9,"Green python Morelia viridis, Cape York Australia",747961,8590223,54S,Australian Eastern Standard Time (Queensland),2003-01-15 14:00:00,2020-07-15, 
740,2003-01-16 05:00:00,143.2837203,-12.74275789,radio-transmitter, ,#1006146645,9,"Green python Morelia viridis, Cape York Australia",747962,8590221,54S,Australian Eastern Standard Time (Queensland),2003-01-16 15:00:00,2020-07-15, 
741,2003-01-17 01:20:00,143.2837388,-12.74275773,radio-transmitter, ,#1006146645,9,"Green python Morelia viridis, Cape York Australia",747964,8590221,54S,Australian Eastern Standard Time (Queensland),2003-01-17 11:20:00,2020-07-15, 
742,2003-01-18 00:10:00,143.2837388,-12.74275773,radio-transmitter, ,#1006146645,9,"Green python Morelia viridis, Cape York Australia",747964,8590221,54S,Australian Eastern Standard Time (Queensland),2003-01-18 10:10:00,2020-07-15, 
743,2003-01-20 01:05:00,143.2837021,-12.74277612,radio-transmitter, ,#1006146645,9,"Green python Morelia viridis, Cape York Australia",747960,8590219,54S,Australian Eastern Standard Time (Queensland),2003-01-20 11:05:00,2020-07-15, 
744,2003-01-23 05:10:00,143.2838117,-12.74267578,radio-transmitter, ,#1006146645,9,"Green python Morelia viridis, Cape York Australia",747972,8590230,54S,Australian Eastern Standard Time (Queensland),2003-01-23 15:10:00,2020-07-15, 
745,2003-01-24 06:43:00,143.2838117,-12.74268481,radio-transmitter, ,#1006146645,9,"Green python Morelia viridis, Cape York Australia",747972,8590229,54S,Australian Eastern Standard Time (Queensland),2003-01-24 16:43:00,2020-07-15, 
746,2003-01-25 06:50:00,143.2838117,-12.74268481,radio-transmitter, ,#1006146645,9,"Green python Morelia viridis, Cape York Australia",747972,8590229,54S,Australian Eastern Standard Time (Queensland),2003-01-25 16:50:00,2020-07-15, 
747,2003-01-26 05:35:00,143.2838117,-12.74267578,radio-transmitter, ,#1006146645,9,"Green python Morelia viridis, Cape York Australia",747972,8590230,54S,Australian Eastern Standard Time (Queensland),2003-01-26 15:35:00,2020-07-15, 
748,2003-01-27 01:25:00,143.283821,-12.74269377,radio-transmitter, ,#1006146645,9,"Green python Morelia viridis, Cape York Australia",747973,8590228,54S,Australian Eastern Standard Time (Queensland),2003-01-27 11:25:00,2020-07-15, 
749,2003-01-27 12:30:00,143.283821,-12.74269377,radio-transmitter, ,#1006146645,9,"Green python Morelia viridis, Cape York Australia",747973,8590228,54S,Australian Eastern Standard Time (Queensland),2003-01-27 22:30:00,2020-07-15, 
750,2003-01-28 06:14:00,143.283821,-12.74269377,radio-transmitter, ,#1006146645,9,"Green python Morelia viridis, Cape York Australia",747973,8590228,54S,Australian Eastern Standard Time (Queensland),2003-01-28 16:14:00,2020-07-15, 
751,2003-01-28 13:22:00,143.283821,-12.74269377,radio-transmitter, ,#1006146645,9,"Green python Morelia viridis, Cape York Australia",747973,8590228,54S,Australian Eastern Standard Time (Queensland),2003-01-28 23:22:00,2020-07-15, 
752,2003-01-29 06:52:00,143.283821,-12.74269377,radio-transmitter, ,#1006146645,9,"Green python Morelia viridis, Cape York Australia",747973,8590228,54S,Australian Eastern Standard Time (Queensland),2003-01-29 16:52:00,2020-07-15, 
753,2003-01-29 13:40:00,143.283821,-12.74269377,radio-transmitter, ,#1006146645,9,"Green python Morelia viridis, Cape York Australia",747973,8590228,54S,Australian Eastern Standard Time (Queensland),2003-01-29 23:40:00,2020-07-15, 
754,2003-01-30 05:23:00,143.283821,-12.74269377,radio-transmitter, ,#1006146645,9,"Green python Morelia viridis, Cape York Australia",747973,8590228,54S,Australian Eastern Standard Time (Queensland),2003-01-30 15:23:00,2020-07-15, 
755,2003-02-01 01:56:00,143.283821,-12.74269377,radio-transmitter, ,#1006146645,9,"Green python Morelia viridis, Cape York Australia",747973,8590228,54S,Australian Eastern Standard Time (Queensland),2003-02-01 11:56:00,2020-07-15, 
756,2003-02-03 06:14:00,143.283821,-12.74269377,radio-transmitter, ,#1006146645,9,"Green python Morelia viridis, Cape York Australia",747973,8590228,54S,Australian Eastern Standard Time (Queensland),2003-02-03 16:14:00,2020-07-15, 
757,2003-02-04 02:20:00,143.2838394,-12.74269361,radio-transmitter, ,#1006146645,9,"Green python Morelia viridis, Cape York Australia",747975,8590228,54S,Australian Eastern Standard Time (Queensland),2003-02-04 12:20:00,2020-07-15, 
758,2003-02-04 10:15:00,143.2838394,-12.74269361,radio-transmitter, ,#1006146645,9,"Green python Morelia viridis, Cape York Australia",747975,8590228,54S,Australian Eastern Standard Time (Queensland),2003-02-04 20:15:00,2020-07-15, 
759,2003-02-05 01:36:00,143.2838394,-12.74269361,radio-transmitter, ,#1006146645,9,"Green python Morelia viridis, Cape York Australia",747975,8590228,54S,Australian Eastern Standard Time (Queensland),2003-02-05 11:36:00,2020-07-15, 
760,2003-02-06 06:53:00,143.2838488,-12.7427116,radio-transmitter, ,#1006146645,9,"Green python Morelia viridis, Cape York Australia",747976,8590226,54S,Australian Eastern Standard Time (Queensland),2003-02-06 16:53:00,2020-07-15, 
761,2003-02-06 12:07:00,143.2838581,-12.74272056,radio-transmitter, ,#1006146645,9,"Green python Morelia viridis, Cape York Australia",747977,8590225,54S,Australian Eastern Standard Time (Queensland),2003-02-06 22:07:00,2020-07-15, 
762,2003-02-08 08:40:00,143.2838491,-12.74273871,radio-transmitter, ,#1006146645,9,"Green python Morelia viridis, Cape York Australia",747976,8590223,54S,Australian Eastern Standard Time (Queensland),2003-02-08 18:40:00,2020-07-15, 
763,2003-02-09 00:55:00,143.2839409,-12.74271984,radio-transmitter, ,#1006146645,9,"Green python Morelia viridis, Cape York Australia",747986,8590225,54S,Australian Eastern Standard Time (Queensland),2003-02-09 10:55:00,2020-07-15, 
764,2003-02-09 12:06:00,143.2839409,-12.74271984,radio-transmitter, ,#1006146645,9,"Green python Morelia viridis, Cape York Australia",747986,8590225,54S,Australian Eastern Standard Time (Queensland),2003-02-09 22:06:00,2020-07-15, 
765,2003-02-10 06:45:00,143.2839409,-12.74271984,radio-transmitter, ,#1006146645,9,"Green python Morelia viridis, Cape York Australia",747986,8590225,54S,Australian Eastern Standard Time (Queensland),2003-02-10 16:45:00,2020-07-15, 
766,2003-02-11 06:00:00,143.2839313,-12.74267474,radio-transmitter, ,#1006146645,9,"Green python Morelia viridis, Cape York Australia",747985,8590230,54S,Australian Eastern Standard Time (Queensland),2003-02-11 16:00:00,2020-07-15, 
767,2003-02-13 01:05:00,143.28394,-12.74262045,radio-transmitter, ,#1006146645,9,"Green python Morelia viridis, Cape York Australia",747986,8590236,54S,Australian Eastern Standard Time (Queensland),2003-02-13 11:05:00,2020-07-15, 
768,2003-02-15 01:36:00,143.2839126,-12.74263876,radio-transmitter, ,#1006146645,9,"Green python Morelia viridis, Cape York Australia",747983,8590234,54S,Australian Eastern Standard Time (Queensland),2003-02-15 11:36:00,2020-07-15, 
769,2003-02-17 00:14:00,143.2839036,-12.74265691,radio-transmitter, ,#1006146645,9,"Green python Morelia viridis, Cape York Australia",747982,8590232,54S,Australian Eastern Standard Time (Queensland),2003-02-17 10:14:00,2020-07-15, 
770,2003-02-19 02:04:00,143.2839038,-12.74268402,radio-transmitter, ,#1006146645,9,"Green python Morelia viridis, Cape York Australia",747982,8590229,54S,Australian Eastern Standard Time (Queensland),2003-02-19 12:04:00,2020-07-15, 
771,2003-02-21 01:02:00,143.2839496,-12.74265651,radio-transmitter, ,#1006146645,9,"Green python Morelia viridis, Cape York Australia",747987,8590232,54S,Australian Eastern Standard Time (Queensland),2003-02-21 11:02:00,2020-07-15, 
772,2003-02-22 05:38:00,143.2839586,-12.74263836,radio-transmitter, ,#1006146645,9,"Green python Morelia viridis, Cape York Australia",747988,8590234,54S,Australian Eastern Standard Time (Queensland),2003-02-22 15:38:00,2020-07-15, 
773,2003-02-23 00:23:00,143.2839585,-12.74262933,radio-transmitter, ,#1006146645,9,"Green python Morelia viridis, Cape York Australia",747988,8590235,54S,Australian Eastern Standard Time (Queensland),2003-02-23 10:23:00,2020-07-15, 
774,2003-02-25 04:34:00,143.2839491,-12.7426023,radio-transmitter, ,#1006146645,9,"Green python Morelia viridis, Cape York Australia",747987,8590238,54S,Australian Eastern Standard Time (Queensland),2003-02-25 14:34:00,2020-07-15, 
775,2003-02-27 04:20:00,143.2839296,-12.74248499,radio-transmitter, ,#1006146645,9,"Green python Morelia viridis, Cape York Australia",747985,8590251,54S,Australian Eastern Standard Time (Queensland),2003-02-27 14:20:00,2020-07-15, 
776,2003-02-28 23:00:00,143.283893,-12.74250338,radio-transmitter, ,#1006146645,9,"Green python Morelia viridis, Cape York Australia",747981,8590249,54S,Australian Eastern Standard Time (Queensland),2003-03-01 09:00:00,2020-07-15, 
777,2003-03-07 04:22:00,143.2839496,-12.74265651,radio-transmitter, ,#1006146645,9,"Green python Morelia viridis, Cape York Australia",747987,8590232,54S,Australian Eastern Standard Time (Queensland),2003-03-07 14:22:00,2020-07-15, 
778,2003-03-09 04:18:00,143.2839507,-12.74278301,radio-transmitter, ,#1006146645,9,"Green python Morelia viridis, Cape York Australia",747987,8590218,54S,Australian Eastern Standard Time (Queensland),2003-03-09 14:18:00,2020-07-15, 
779,2003-03-11 06:28:00,143.2839323,-12.74278317,radio-transmitter, ,#1006146645,9,"Green python Morelia viridis, Cape York Australia",747985,8590218,54S,Australian Eastern Standard Time (Queensland),2003-03-11 16:28:00,2020-07-15, 
780,2003-03-13 00:18:00,143.2839692,-12.74279189,radio-transmitter, ,#1006146645,9,"Green python Morelia viridis, Cape York Australia",747989,8590217,54S,Australian Eastern Standard Time (Queensland),2003-03-13 10:18:00,2020-07-15, 
781,2003-03-15 00:49:00,143.2839866,-12.7426833,radio-transmitter, ,#1006146645,9,"Green python Morelia viridis, Cape York Australia",747991,8590229,54S,Australian Eastern Standard Time (Queensland),2003-03-15 10:49:00,2020-07-15, 
782,2003-03-17 01:51:00,143.2839496,-12.74265651,radio-transmitter, ,#1006146645,9,"Green python Morelia viridis, Cape York Australia",747987,8590232,54S,Australian Eastern Standard Time (Queensland),2003-03-17 11:51:00,2020-07-15, 
783,2003-03-27 03:42:00,143.2839679,-12.74264732,radio-transmitter, ,#1006146645,9,"Green python Morelia viridis, Cape York Australia",747989,8590233,54S,Australian Eastern Standard Time (Queensland),2003-03-27 13:42:00,2020-07-15, 
784,2003-03-29 03:50:00,143.2839685,-12.74271057,radio-transmitter, ,#1006146645,9,"Green python Morelia viridis, Cape York Australia",747989,8590226,54S,Australian Eastern Standard Time (Queensland),2003-03-29 13:50:00,2020-07-15, 
785,2003-03-29 09:56:00,143.2839321,-12.7427651,radio-transmitter, ,#1006146645,9,"Green python Morelia viridis, Cape York Australia",747985,8590220,54S,Australian Eastern Standard Time (Queensland),2003-03-29 19:56:00,2020-07-15, 
786,2003-03-31 01:59:00,143.2839409,-12.74271081,radio-transmitter, ,#1006146645,9,"Green python Morelia viridis, Cape York Australia",747986,8590226,54S,Australian Eastern Standard Time (Queensland),2003-03-31 11:59:00,2020-07-15, 
787,2003-04-01 05:48:00,143.2839399,-12.74260238,radio-transmitter, ,#1006146645,9,"Green python Morelia viridis, Cape York Australia",747986,8590238,54S,Australian Eastern Standard Time (Queensland),2003-04-01 15:48:00,2020-07-15, 
788,2003-04-01 13:22:00,143.2839397,-12.74258431,radio-transmitter, ,#1006146645,9,"Green python Morelia viridis, Cape York Australia",747986,8590240,54S,Australian Eastern Standard Time (Queensland),2003-04-01 23:22:00,2020-07-15, 
789,2003-04-02 05:03:00,143.2839397,-12.74258431,radio-transmitter, ,#1006146645,9,"Green python Morelia viridis, Cape York Australia",747986,8590240,54S,Australian Eastern Standard Time (Queensland),2003-04-02 15:03:00,2020-07-15, 
790,2003-04-03 05:53:00,143.2839304,-12.74256632,radio-transmitter, ,#1006146645,9,"Green python Morelia viridis, Cape York Australia",747985,8590242,54S,Australian Eastern Standard Time (Queensland),2003-04-03 15:53:00,2020-07-15, 
791,2003-04-03 12:25:00,143.2839491,-12.7426023,radio-transmitter, ,#1006146645,9,"Green python Morelia viridis, Cape York Australia",747987,8590238,54S,Australian Eastern Standard Time (Queensland),2003-04-03 22:25:00,2020-07-15, 
792,2003-04-04 04:57:00,143.2839491,-12.7426023,radio-transmitter, ,#1006146645,9,"Green python Morelia viridis, Cape York Australia",747987,8590238,54S,Australian Eastern Standard Time (Queensland),2003-04-04 14:57:00,2020-07-15, 
793,2003-04-04 06:16:00,143.2839491,-12.7426023,radio-transmitter, ,#1006146645,9,"Green python Morelia viridis, Cape York Australia",747987,8590238,54S,Australian Eastern Standard Time (Queensland),2003-04-04 16:16:00,2020-07-15, 
794,2003-04-05 10:47:00,143.2839501,-12.74271073,radio-transmitter, ,#1006146645,9,"Green python Morelia viridis, Cape York Australia",747987,8590226,54S,Australian Eastern Standard Time (Queensland),2003-04-05 20:47:00,2020-07-15, 
795,2003-04-07 05:42:00,143.283866,-12.74257591,radio-transmitter, ,#1006146645,9,"Green python Morelia viridis, Cape York Australia",747978,8590241,54S,Australian Eastern Standard Time (Queensland),2003-04-07 15:42:00,2020-07-15, 
796,2003-04-07 12:08:00,143.283866,-12.74257591,radio-transmitter, ,#1006146645,9,"Green python Morelia viridis, Cape York Australia",747978,8590241,54S,Australian Eastern Standard Time (Queensland),2003-04-07 22:08:00,2020-07-15, 
797,2003-04-08 04:55:00,143.2838475,-12.74256703,radio-transmitter, ,#1006146645,9,"Green python Morelia viridis, Cape York Australia",747976,8590242,54S,Australian Eastern Standard Time (Queensland),2003-04-08 14:55:00,2020-07-15, 
798,2003-04-09 01:15:00,143.2838481,-12.74263028,radio-transmitter, ,#1006146645,9,"Green python Morelia viridis, Cape York Australia",747976,8590235,54S,Australian Eastern Standard Time (Queensland),2003-04-09 11:15:00,2020-07-15, 
799,2019-01-15 11:16:00,143.2811892,-12.74587922,radio-transmitter, ,#1006146649,10,"Green python Morelia viridis, Cape York Australia",747684,8589878,54S,Australian Eastern Standard Time (Queensland),2019-01-15 21:16:00,2020-07-15, 
800,2019-01-22 01:12:00,143.2812639,-12.74600508,radio-transmitter, ,#1006146649,10,"Green python Morelia viridis, Cape York Australia",747692,8589864,54S,Australian Eastern Standard Time (Queensland),2019-01-22 11:12:00,2020-07-15, 
801,2019-01-23 01:21:00,143.2812639,-12.74600508,radio-transmitter, ,#1006146649,10,"Green python Morelia viridis, Cape York Australia",747692,8589864,54S,Australian Eastern Standard Time (Queensland),2019-01-23 11:21:00,2020-07-15, 
802,2019-01-23 23:59:00,143.2812639,-12.74600508,radio-transmitter, ,#1006146649,10,"Green python Morelia viridis, Cape York Australia",747692,8589864,54S,Australian Eastern Standard Time (Queensland),2019-01-24 09:59:00,2020-07-15, 
803,2019-01-25 00:29:00,143.2813555,-12.74595007,radio-transmitter, ,#1006146649,10,"Green python Morelia viridis, Cape York Australia",747702,8589870,54S,Australian Eastern Standard Time (Queensland),2019-01-25 10:29:00,2020-07-15, 
804,2019-01-27 00:18:00,143.2813557,-12.74597718,radio-transmitter, ,#1006146649,10,"Green python Morelia viridis, Cape York Australia",747702,8589867,54S,Australian Eastern Standard Time (Queensland),2019-01-27 10:18:00,2020-07-15, 
805,2019-01-28 05:37:00,143.2813917,-12.7458865,radio-transmitter, ,#1006146649,10,"Green python Morelia viridis, Cape York Australia",747706,8589877,54S,Australian Eastern Standard Time (Queensland),2019-01-28 15:37:00,2020-07-15, 
806,2019-01-28 09:39:00,143.2813736,-12.74591377,radio-transmitter, ,#1006146649,10,"Green python Morelia viridis, Cape York Australia",747704,8589874,54S,Australian Eastern Standard Time (Queensland),2019-01-28 19:39:00,2020-07-15, 
807,2019-01-29 00:40:00,143.2813917,-12.7458865,radio-transmitter, ,#1006146649,10,"Green python Morelia viridis, Cape York Australia",747706,8589877,54S,Australian Eastern Standard Time (Queensland),2019-01-29 10:40:00,2020-07-15, 
808,2019-01-29 12:04:00,143.2812899,-12.74582413,radio-transmitter, ,#1006146649,10,"Green python Morelia viridis, Cape York Australia",747695,8589884,54S,Australian Eastern Standard Time (Queensland),2019-01-29 22:04:00,2020-07-15, 
809,2019-01-30 05:14:00,143.281255,-12.7460413,radio-transmitter, ,#1006146649,10,"Green python Morelia viridis, Cape York Australia",747691,8589860,54S,Australian Eastern Standard Time (Queensland),2019-01-30 15:14:00,2020-07-15, 
810,2019-01-30 10:14:00,143.281255,-12.7460413,radio-transmitter, ,#1006146649,10,"Green python Morelia viridis, Cape York Australia",747691,8589860,54S,Australian Eastern Standard Time (Queensland),2019-01-30 20:14:00,2020-07-15, 
811,2019-01-31 01:04:00,143.2812367,-12.7460505,radio-transmitter, ,#1006146649,10,"Green python Morelia viridis, Cape York Australia",747689,8589859,54S,Australian Eastern Standard Time (Queensland),2019-01-31 11:04:00,2020-07-15, 
812,2019-01-31 10:14:00,143.2812367,-12.7460505,radio-transmitter, ,#1006146649,10,"Green python Morelia viridis, Cape York Australia",747689,8589859,54S,Australian Eastern Standard Time (Queensland),2019-01-31 20:14:00,2020-07-15, 
813,2019-02-01 00:16:00,143.2812367,-12.7460505,radio-transmitter, ,#1006146649,10,"Green python Morelia viridis, Cape York Australia",747689,8589859,54S,Australian Eastern Standard Time (Queensland),2019-02-01 10:16:00,2020-07-15, 
814,2019-02-01 11:33:00,143.2812367,-12.7460505,radio-transmitter, ,#1006146649,10,"Green python Morelia viridis, Cape York Australia",747689,8589859,54S,Australian Eastern Standard Time (Queensland),2019-02-01 21:33:00,2020-07-15, 
815,2019-02-01 23:20:00,143.2812367,-12.7460505,radio-transmitter, ,#1006146649,10,"Green python Morelia viridis, Cape York Australia",747689,8589859,54S,Australian Eastern Standard Time (Queensland),2019-02-02 09:20:00,2020-07-15, 
816,2019-02-02 10:18:00,143.2812093,-12.74607784,radio-transmitter, ,#1006146649,10,"Green python Morelia viridis, Cape York Australia",747686,8589856,54S,Australian Eastern Standard Time (Queensland),2019-02-02 20:18:00,2020-07-15, 
817,2019-02-02 23:42:00,143.281237,-12.74608664,radio-transmitter, ,#1006146649,10,"Green python Morelia viridis, Cape York Australia",747689,8589855,54S,Australian Eastern Standard Time (Queensland),2019-02-03 09:42:00,2020-07-15, 
818,2019-02-03 23:43:00,143.2815607,-12.74625554,radio-transmitter, ,#1006146649,10,"Green python Morelia viridis, Cape York Australia",747724,8589836,54S,Australian Eastern Standard Time (Queensland),2019-02-04 09:43:00,2020-07-15, 
819,2019-02-05 03:28:00,143.2815607,-12.74625554,radio-transmitter, ,#1006146649,10,"Green python Morelia viridis, Cape York Australia",747724,8589836,54S,Australian Eastern Standard Time (Queensland),2019-02-05 13:28:00,2020-07-15, 
820,2019-02-06 01:14:00,143.2815793,-12.74627345,radio-transmitter, ,#1006146649,10,"Green python Morelia viridis, Cape York Australia",747726,8589834,54S,Australian Eastern Standard Time (Queensland),2019-02-06 11:14:00,2020-07-15, 
821,2019-02-08 02:20:00,143.2815793,-12.74627345,radio-transmitter, ,#1006146649,10,"Green python Morelia viridis, Cape York Australia",747726,8589834,54S,Australian Eastern Standard Time (Queensland),2019-02-08 12:20:00,2020-07-15, 
822,2019-02-10 00:12:00,143.2815793,-12.74627345,radio-transmitter, ,#1006146649,10,"Green python Morelia viridis, Cape York Australia",747726,8589834,54S,Australian Eastern Standard Time (Queensland),2019-02-10 10:12:00,2020-07-15, 
823,2019-02-11 01:36:00,143.2815792,-12.74625538,radio-transmitter, ,#1006146649,10,"Green python Morelia viridis, Cape York Australia",747726,8589836,54S,Australian Eastern Standard Time (Queensland),2019-02-11 11:36:00,2020-07-15, 
824,2019-02-12 00:50:00,143.2815792,-12.74625538,radio-transmitter, ,#1006146649,10,"Green python Morelia viridis, Cape York Australia",747726,8589836,54S,Australian Eastern Standard Time (Queensland),2019-02-12 10:50:00,2020-07-15, 
825,2019-02-13 00:34:00,143.2815792,-12.74625538,radio-transmitter, ,#1006146649,10,"Green python Morelia viridis, Cape York Australia",747726,8589836,54S,Australian Eastern Standard Time (Queensland),2019-02-13 10:34:00,2020-07-15, 
826,2019-02-14 00:25:00,143.2815792,-12.74625538,radio-transmitter, ,#1006146649,10,"Green python Morelia viridis, Cape York Australia",747726,8589836,54S,Australian Eastern Standard Time (Queensland),2019-02-14 10:25:00,2020-07-15, 
827,2019-02-15 00:43:00,143.2815792,-12.74625538,radio-transmitter, ,#1006146649,10,"Green python Morelia viridis, Cape York Australia",747726,8589836,54S,Australian Eastern Standard Time (Queensland),2019-02-15 10:43:00,2020-07-15, 
828,2019-02-16 01:38:00,143.2815792,-12.74625538,radio-transmitter, ,#1006146649,10,"Green python Morelia viridis, Cape York Australia",747726,8589836,54S,Australian Eastern Standard Time (Queensland),2019-02-16 11:38:00,2020-07-15, 
829,2019-02-17 00:18:00,143.2816081,-12.74640875,radio-transmitter, ,#1006146649,10,"Green python Morelia viridis, Cape York Australia",747729,8589819,54S,Australian Eastern Standard Time (Queensland),2019-02-17 10:18:00,2020-07-15, 
830,2019-02-17 22:47:00,143.2815631,-12.74651757,radio-transmitter, ,#1006146649,10,"Green python Morelia viridis, Cape York Australia",747724,8589807,54S,Australian Eastern Standard Time (Queensland),2019-02-18 08:47:00,2020-07-15, 
831,2019-02-18 11:44:00,143.2813337,-12.74660088,radio-transmitter, ,#1006146649,10,"Green python Morelia viridis, Cape York Australia",747699,8589798,54S,Australian Eastern Standard Time (Queensland),2019-02-18 21:44:00,2020-07-15, 
832,2019-02-19 00:33:00,143.2811322,-12.74671105,radio-transmitter, ,#1006146649,10,"Green python Morelia viridis, Cape York Australia",747677,8589786,54S,Australian Eastern Standard Time (Queensland),2019-02-19 10:33:00,2020-07-15, 
833,2019-02-21 00:06:00,143.2800423,-12.74631382,radio-transmitter, ,#1006146649,10,"Green python Morelia viridis, Cape York Australia",747559,8589831,54S,Australian Eastern Standard Time (Queensland),2019-02-21 10:06:00,2020-07-15, 
834,2019-02-22 23:23:00,143.2800423,-12.74631382,radio-transmitter, ,#1006146649,10,"Green python Morelia viridis, Cape York Australia",747559,8589831,54S,Australian Eastern Standard Time (Queensland),2019-02-23 09:23:00,2020-07-15, 
835,2019-02-24 23:09:00,143.2795402,-12.74574885,radio-transmitter, ,#1006146649,10,"Green python Morelia viridis, Cape York Australia",747505,8589894,54S,Australian Eastern Standard Time (Queensland),2019-02-25 09:09:00,2020-07-15, 
836,2019-02-28 01:00:00,143.2778522,-12.74434469,radio-transmitter, ,#1006146649,10,"Green python Morelia viridis, Cape York Australia",747323,8590051,54S,Australian Eastern Standard Time (Queensland),2019-02-28 11:00:00,2020-07-15, 
837,2019-03-01 02:33:00,143.277953,-12.7442896,radio-transmitter, ,#1006146649,10,"Green python Morelia viridis, Cape York Australia",747334,8590057,54S,Australian Eastern Standard Time (Queensland),2019-03-01 12:33:00,2020-07-15, 
838,2019-03-03 00:40:00,143.277953,-12.7442896,radio-transmitter, ,#1006146649,10,"Green python Morelia viridis, Cape York Australia",747334,8590057,54S,Australian Eastern Standard Time (Queensland),2019-03-03 10:40:00,2020-07-15, 
839,2019-03-06 01:06:00,143.2779889,-12.74418989,radio-transmitter, ,#1006146649,10,"Green python Morelia viridis, Cape York Australia",747338,8590068,54S,Australian Eastern Standard Time (Queensland),2019-03-06 11:06:00,2020-07-15, 
840,2019-03-08 01:14:00,143.2780903,-12.74420709,radio-transmitter, ,#1006146649,10,"Green python Morelia viridis, Cape York Australia",747349,8590066,54S,Australian Eastern Standard Time (Queensland),2019-03-08 11:14:00,2020-07-15, 
841,2019-03-10 01:10:00,143.2779148,-12.74414535,radio-transmitter, ,#1006146649,10,"Green python Morelia viridis, Cape York Australia",747330,8590073,54S,Australian Eastern Standard Time (Queensland),2019-03-10 11:10:00,2020-07-15, 
842,2019-03-14 04:14:00,143.2778668,-12.74391985,radio-transmitter, ,#1006146649,10,"Green python Morelia viridis, Cape York Australia",747325,8590098,54S,Australian Eastern Standard Time (Queensland),2019-03-14 14:14:00,2020-07-15, 
843,2019-03-16 01:16:00,143.2778664,-12.74387467,radio-transmitter, ,#1006146649,10,"Green python Morelia viridis, Cape York Australia",747325,8590103,54S,Australian Eastern Standard Time (Queensland),2019-03-16 11:16:00,2020-07-15, 
844,2019-03-19 01:13:00,143.2777109,-12.7429543,radio-transmitter, ,#1006146649,10,"Green python Morelia viridis, Cape York Australia",747309,8590205,54S,Australian Eastern Standard Time (Queensland),2019-03-19 11:13:00,2020-07-15, 
845,2019-03-21 01:26:00,143.2777101,-12.74286394,radio-transmitter, ,#1006146649,10,"Green python Morelia viridis, Cape York Australia",747309,8590215,54S,Australian Eastern Standard Time (Queensland),2019-03-21 11:26:00,2020-07-15, 
846,2019-03-23 01:34:00,143.2774325,-12.74167353,radio-transmitter, ,#1006146649,10,"Green python Morelia viridis, Cape York Australia",747280,8590347,54S,Australian Eastern Standard Time (Queensland),2019-03-23 11:34:00,2020-07-15, 
847,2019-03-25 02:02:00,143.2761828,-12.73986796,radio-transmitter, ,#1006146649,10,"Green python Morelia viridis, Cape York Australia",747146,8590548,54S,Australian Eastern Standard Time (Queensland),2019-03-25 12:02:00,2020-07-15, 
848,2019-03-27 01:42:00,143.2757238,-12.73897731,radio-transmitter, ,#1006146649,10,"Green python Morelia viridis, Cape York Australia",747097,8590647,54S,Australian Eastern Standard Time (Queensland),2019-03-27 11:42:00,2020-07-15, 
849,2019-03-29 02:07:00,143.2757046,-12.73888711,radio-transmitter, ,#1006146649,10,"Green python Morelia viridis, Cape York Australia",747095,8590657,54S,Australian Eastern Standard Time (Queensland),2019-03-29 12:07:00,2020-07-15, 
850,2019-03-31 01:47:00,143.2760826,-12.73895615,radio-transmitter, ,#1006146649,10,"Green python Morelia viridis, Cape York Australia",747136,8590649,54S,Australian Eastern Standard Time (Queensland),2019-03-31 11:47:00,2020-07-15, 
851,2019-04-02 05:52:00,143.276046,-12.73897454,radio-transmitter, ,#1006146649,10,"Green python Morelia viridis, Cape York Australia",747132,8590647,54S,Australian Eastern Standard Time (Queensland),2019-04-02 15:52:00,2020-07-15, 
852,2019-04-03 03:06:00,143.2760826,-12.73895615,radio-transmitter, ,#1006146649,10,"Green python Morelia viridis, Cape York Australia",747136,8590649,54S,Australian Eastern Standard Time (Queensland),2019-04-03 13:06:00,2020-07-15, 
853,2019-04-04 04:45:00,143.2760827,-12.73896518,radio-transmitter, ,#1006146649,10,"Green python Morelia viridis, Cape York Australia",747136,8590648,54S,Australian Eastern Standard Time (Queensland),2019-04-04 14:45:00,2020-07-15, 
854,2019-04-05 04:06:00,143.2760826,-12.73895615,radio-transmitter, ,#1006146649,10,"Green python Morelia viridis, Cape York Australia",747136,8590649,54S,Australian Eastern Standard Time (Queensland),2019-04-05 14:06:00,2020-07-15, 
855,2019-04-05 22:12:00,143.2760827,-12.73896518,radio-transmitter, ,#1006146649,10,"Green python Morelia viridis, Cape York Australia",747136,8590648,54S,Australian Eastern Standard Time (Queensland),2019-04-06 08:12:00,2020-07-15, 
856,2002-11-21 10:10:00,143.2851361,-12.72405846,radio-transmitter, ,#1006146653,11,"Green python Morelia viridis, Cape York Australia",748134,8592289,54S,Australian Eastern Standard Time (Queensland),2002-11-21 20:10:00,2020-07-15, 
857,2002-11-27 10:55:00,143.2851547,-12.72407637,radio-transmitter, ,#1006146653,11,"Green python Morelia viridis, Cape York Australia",748136,8592287,54S,Australian Eastern Standard Time (Queensland),2002-11-27 20:55:00,2020-07-15, 
858,2002-12-02 12:45:00,143.2850823,-12.72421255,radio-transmitter, ,#1006146653,11,"Green python Morelia viridis, Cape York Australia",748128,8592272,54S,Australian Eastern Standard Time (Queensland),2002-12-02 22:45:00,2020-07-15, 
859,2002-12-07 05:00:00,143.2850363,-12.72421294,radio-transmitter, ,#1006146653,11,"Green python Morelia viridis, Cape York Australia",748123,8592272,54S,Australian Eastern Standard Time (Queensland),2002-12-07 15:00:00,2020-07-15, 
860,2002-12-08 03:20:00,143.2850363,-12.72421294,radio-transmitter, ,#1006146653,11,"Green python Morelia viridis, Cape York Australia",748123,8592272,54S,Australian Eastern Standard Time (Queensland),2002-12-08 13:20:00,2020-07-15, 
861,2002-12-08 11:12:00,143.2851281,-12.72418504,radio-transmitter, ,#1006146653,11,"Green python Morelia viridis, Cape York Australia",748133,8592275,54S,Australian Eastern Standard Time (Queensland),2002-12-08 21:12:00,2020-07-15, 
862,2002-12-09 06:20:00,143.2851924,-12.72417545,radio-transmitter, ,#1006146653,11,"Green python Morelia viridis, Cape York Australia",748140,8592276,54S,Australian Eastern Standard Time (Queensland),2002-12-09 16:20:00,2020-07-15, 
863,2002-12-09 11:54:00,143.2851827,-12.72412132,radio-transmitter, ,#1006146653,11,"Green python Morelia viridis, Cape York Australia",748139,8592282,54S,Australian Eastern Standard Time (Queensland),2002-12-09 21:54:00,2020-07-15, 
864,2002-12-10 01:50:00,143.285155,-12.72410348,radio-transmitter, ,#1006146653,11,"Green python Morelia viridis, Cape York Australia",748136,8592284,54S,Australian Eastern Standard Time (Queensland),2002-12-10 11:50:00,2020-07-15, 
865,2002-12-10 11:20:00,143.285155,-12.72410348,radio-transmitter, ,#1006146653,11,"Green python Morelia viridis, Cape York Australia",748136,8592284,54S,Australian Eastern Standard Time (Queensland),2002-12-10 21:20:00,2020-07-15, 
866,2002-12-12 04:00:00,143.285155,-12.72410348,radio-transmitter, ,#1006146653,11,"Green python Morelia viridis, Cape York Australia",748136,8592284,54S,Australian Eastern Standard Time (Queensland),2002-12-12 14:00:00,2020-07-15, 
867,2003-01-16 11:01:00,143.2838288,-12.7415009,radio-transmitter, ,#1006146657,12,"Green python Morelia viridis, Cape York Australia",747975,8590360,54S,Australian Eastern Standard Time (Queensland),2003-01-16 21:01:00,2020-07-15, 
868,2003-01-24 06:58:00,143.2835987,-12.74151192,radio-transmitter, ,#1006146657,12,"Green python Morelia viridis, Cape York Australia",747950,8590359,54S,Australian Eastern Standard Time (Queensland),2003-01-24 16:58:00,2020-07-15, 
869,2003-01-25 06:39:00,143.2835717,-12.74157541,radio-transmitter, ,#1006146657,12,"Green python Morelia viridis, Cape York Australia",747947,8590352,54S,Australian Eastern Standard Time (Queensland),2003-01-25 16:39:00,2020-07-15, 
870,2003-01-26 05:48:00,143.2835716,-12.74156638,radio-transmitter, ,#1006146657,12,"Green python Morelia viridis, Cape York Australia",747947,8590353,54S,Australian Eastern Standard Time (Queensland),2003-01-26 15:48:00,2020-07-15, 
871,2003-01-27 01:13:00,143.2835701,-12.74140373,radio-transmitter, ,#1006146657,12,"Green python Morelia viridis, Cape York Australia",747947,8590371,54S,Australian Eastern Standard Time (Queensland),2003-01-27 11:13:00,2020-07-15, 
872,2003-01-27 12:21:00,143.283607,-12.74141245,radio-transmitter, ,#1006146657,12,"Green python Morelia viridis, Cape York Australia",747951,8590370,54S,Australian Eastern Standard Time (Queensland),2003-01-27 22:21:00,2020-07-15, 
873,2003-01-28 06:32:00,143.2834958,-12.74133209,radio-transmitter, ,#1006146657,12,"Green python Morelia viridis, Cape York Australia",747939,8590379,54S,Australian Eastern Standard Time (Queensland),2003-01-28 16:32:00,2020-07-15, 
874,2003-01-28 13:00:00,143.283431,-12.74128746,radio-transmitter, ,#1006146657,12,"Green python Morelia viridis, Cape York Australia",747932,8590384,54S,Australian Eastern Standard Time (Queensland),2003-01-28 23:00:00,2020-07-15, 
875,2003-01-29 07:15:00,143.2835694,-12.74132241,radio-transmitter, ,#1006146657,12,"Green python Morelia viridis, Cape York Australia",747947,8590380,54S,Australian Eastern Standard Time (Queensland),2003-01-29 17:15:00,2020-07-15, 
876,2003-01-29 13:55:00,143.2836343,-12.74137607,radio-transmitter, ,#1006146657,12,"Green python Morelia viridis, Cape York Australia",747954,8590374,54S,Australian Eastern Standard Time (Queensland),2003-01-29 23:55:00,2020-07-15, 
877,2003-01-30 05:31:00,143.2836063,-12.74133113,radio-transmitter, ,#1006146657,12,"Green python Morelia viridis, Cape York Australia",747951,8590379,54S,Australian Eastern Standard Time (Queensland),2003-01-30 15:31:00,2020-07-15, 
878,2003-01-30 10:48:00,143.2836055,-12.74124077,radio-transmitter, ,#1006146657,12,"Green python Morelia viridis, Cape York Australia",747951,8590389,54S,Australian Eastern Standard Time (Queensland),2003-01-30 20:48:00,2020-07-15, 
879,2003-02-01 01:25:00,143.2836154,-12.74132202,radio-transmitter, ,#1006146657,12,"Green python Morelia viridis, Cape York Australia",747952,8590380,54S,Australian Eastern Standard Time (Queensland),2003-02-01 11:25:00,2020-07-15, 
880,2003-02-03 06:39:00,143.2835877,-12.74131322,radio-transmitter, ,#1006146657,12,"Green python Morelia viridis, Cape York Australia",747949,8590381,54S,Australian Eastern Standard Time (Queensland),2003-02-03 16:39:00,2020-07-15, 
881,2003-02-05 02:03:00,143.2835877,-12.74131322,radio-transmitter, ,#1006146657,12,"Green python Morelia viridis, Cape York Australia",747949,8590381,54S,Australian Eastern Standard Time (Queensland),2003-02-05 12:03:00,2020-07-15, 
882,2003-02-07 07:07:00,143.283606,-12.74129499,radio-transmitter, ,#1006146657,12,"Green python Morelia viridis, Cape York Australia",747951,8590383,54S,Australian Eastern Standard Time (Queensland),2003-02-07 17:07:00,2020-07-15, 
883,2003-02-07 12:01:00,143.2836243,-12.74128579,radio-transmitter, ,#1006146657,12,"Green python Morelia viridis, Cape York Australia",747953,8590384,54S,Australian Eastern Standard Time (Queensland),2003-02-07 22:01:00,2020-07-15, 
884,2003-02-09 01:14:00,143.2839996,-12.74104761,radio-transmitter, ,#1006146657,12,"Green python Morelia viridis, Cape York Australia",747994,8590410,54S,Australian Eastern Standard Time (Queensland),2003-02-09 11:14:00,2020-07-15, 
885,2003-02-09 11:56:00,143.2839902,-12.74102058,radio-transmitter, ,#1006146657,12,"Green python Morelia viridis, Cape York Australia",747993,8590413,54S,Australian Eastern Standard Time (Queensland),2003-02-09 21:56:00,2020-07-15, 
886,2003-02-11 06:54:00,143.2839806,-12.74098452,radio-transmitter, ,#1006146657,12,"Green python Morelia viridis, Cape York Australia",747992,8590417,54S,Australian Eastern Standard Time (Queensland),2003-02-11 16:54:00,2020-07-15, 
887,2003-02-13 01:32:00,143.2839434,-12.74093966,radio-transmitter, ,#1006146657,12,"Green python Morelia viridis, Cape York Australia",747988,8590422,54S,Australian Eastern Standard Time (Queensland),2003-02-13 11:32:00,2020-07-15, 
888,2003-02-15 01:56:00,143.2839434,-12.74093966,radio-transmitter, ,#1006146657,12,"Green python Morelia viridis, Cape York Australia",747988,8590422,54S,Australian Eastern Standard Time (Queensland),2003-02-15 11:56:00,2020-07-15, 
889,2003-02-17 00:02:00,143.2838053,-12.74094085,radio-transmitter, ,#1006146657,12,"Green python Morelia viridis, Cape York Australia",747973,8590422,54S,Australian Eastern Standard Time (Queensland),2003-02-17 10:02:00,2020-07-15, 
890,2003-02-19 02:34:00,143.2825791,-12.74072552,radio-transmitter, ,#1006146657,12,"Green python Morelia viridis, Cape York Australia",747840,8590447,54S,Australian Eastern Standard Time (Queensland),2003-02-19 12:34:00,2020-07-15, 
891,2003-02-21 00:52:00,143.2826064,-12.74069818,radio-transmitter, ,#1006146657,12,"Green python Morelia viridis, Cape York Australia",747843,8590450,54S,Australian Eastern Standard Time (Queensland),2003-02-21 10:52:00,2020-07-15, 
892,2003-02-23 00:36:00,143.2826064,-12.74069818,radio-transmitter, ,#1006146657,12,"Green python Morelia viridis, Cape York Australia",747843,8590450,54S,Australian Eastern Standard Time (Queensland),2003-02-23 10:36:00,2020-07-15, 
893,2003-02-25 04:52:00,143.2823932,-12.74052833,radio-transmitter, ,#1006146657,12,"Green python Morelia viridis, Cape York Australia",747820,8590469,54S,Australian Eastern Standard Time (Queensland),2003-02-25 14:52:00,2020-07-15, 
894,2003-02-27 04:37:00,143.2823835,-12.74047419,radio-transmitter, ,#1006146657,12,"Green python Morelia viridis, Cape York Australia",747819,8590475,54S,Australian Eastern Standard Time (Queensland),2003-02-27 14:37:00,2020-07-15, 
895,2003-02-28 23:43:00,143.2823835,-12.74047419,radio-transmitter, ,#1006146657,12,"Green python Morelia viridis, Cape York Australia",747819,8590475,54S,Australian Eastern Standard Time (Queensland),2003-03-01 09:43:00,2020-07-15, 
896,2003-03-07 04:56:00,143.2823834,-12.74046516,radio-transmitter, ,#1006146657,12,"Green python Morelia viridis, Cape York Australia",747819,8590476,54S,Australian Eastern Standard Time (Queensland),2003-03-07 14:56:00,2020-07-15, 
897,2003-03-09 04:45:00,143.2822844,-12.74071903,radio-transmitter, ,#1006146657,12,"Green python Morelia viridis, Cape York Australia",747808,8590448,54S,Australian Eastern Standard Time (Queensland),2003-03-09 14:45:00,2020-07-15, 
898,2003-03-12 00:34:00,143.2823217,-12.74077293,radio-transmitter, ,#1006146657,12,"Green python Morelia viridis, Cape York Australia",747812,8590442,54S,Australian Eastern Standard Time (Queensland),2003-03-12 10:34:00,2020-07-15, 
899,2003-03-15 01:06:00,143.2823231,-12.74092653,radio-transmitter, ,#1006146657,12,"Green python Morelia viridis, Cape York Australia",747812,8590425,54S,Australian Eastern Standard Time (Queensland),2003-03-15 11:06:00,2020-07-15, 
900,2003-03-17 02:32:00,143.282388,-12.74098019,radio-transmitter, ,#1006146657,12,"Green python Morelia viridis, Cape York Australia",747819,8590419,54S,Australian Eastern Standard Time (Queensland),2003-03-17 12:32:00,2020-07-15, 
901,2003-03-27 04:49:00,143.2825445,-12.74097884,radio-transmitter, ,#1006146657,12,"Green python Morelia viridis, Cape York Australia",747836,8590419,54S,Australian Eastern Standard Time (Queensland),2003-03-27 14:49:00,2020-07-15, 
902,2003-03-29 04:15:00,143.2824521,-12.74094349,radio-transmitter, ,#1006146657,12,"Green python Morelia viridis, Cape York Australia",747826,8590423,54S,Australian Eastern Standard Time (Queensland),2003-03-29 14:15:00,2020-07-15, 
903,2003-03-31 01:49:00,143.2824521,-12.74094349,radio-transmitter, ,#1006146657,12,"Green python Morelia viridis, Cape York Australia",747826,8590423,54S,Australian Eastern Standard Time (Queensland),2003-03-31 11:49:00,2020-07-15, 
904,2003-04-01 06:10:00,143.2825255,-12.74091575,radio-transmitter, ,#1006146657,12,"Green python Morelia viridis, Cape York Australia",747834,8590426,54S,Australian Eastern Standard Time (Queensland),2003-04-01 16:10:00,2020-07-15, 
905,2003-04-02 05:25:00,143.2825823,-12.74108695,radio-transmitter, ,#1006146657,12,"Green python Morelia viridis, Cape York Australia",747840,8590407,54S,Australian Eastern Standard Time (Queensland),2003-04-02 15:25:00,2020-07-15, 
906,2003-04-03 05:45:00,143.2826209,-12.74128542,radio-transmitter, ,#1006146657,12,"Green python Morelia viridis, Cape York Australia",747844,8590385,54S,Australian Eastern Standard Time (Queensland),2003-04-03 15:45:00,2020-07-15, 
907,2003-04-03 12:25:00,143.2832422,-12.74179513,radio-transmitter, ,#1006146657,12,"Green python Morelia viridis, Cape York Australia",747911,8590328,54S,Australian Eastern Standard Time (Queensland),2003-04-03 22:25:00,2020-07-15, 
908,2003-04-04 05:08:00,143.2831785,-12.74186797,radio-transmitter, ,#1006146657,12,"Green python Morelia viridis, Cape York Australia",747904,8590320,54S,Australian Eastern Standard Time (Queensland),2003-04-04 15:08:00,2020-07-15, 
909,2003-04-04 06:07:00,143.2836108,-12.74182809,radio-transmitter, ,#1006146657,12,"Green python Morelia viridis, Cape York Australia",747951,8590324,54S,Australian Eastern Standard Time (Queensland),2003-04-04 16:07:00,2020-07-15, 
910,2003-04-05 10:54:00,143.2837377,-12.74161012,radio-transmitter, ,#1006146657,12,"Green python Morelia viridis, Cape York Australia",747965,8590348,54S,Australian Eastern Standard Time (Queensland),2003-04-05 20:54:00,2020-07-15, 
911,2003-04-07 05:23:00,143.2850353,-12.74260195,radio-transmitter, ,#1006146657,12,"Green python Morelia viridis, Cape York Australia",748105,8590237,54S,Australian Eastern Standard Time (Queensland),2003-04-07 15:23:00,2020-07-15, 
912,2003-04-08 05:06:00,143.2858982,-12.74232341,radio-transmitter, ,#1006146657,12,"Green python Morelia viridis, Cape York Australia",748199,8590267,54S,Australian Eastern Standard Time (Queensland),2003-04-08 15:06:00,2020-07-15, 
913,2003-04-09 04:25:00,143.2858981,-12.74231437,radio-transmitter, ,#1006146657,12,"Green python Morelia viridis, Cape York Australia",748199,8590268,54S,Australian Eastern Standard Time (Queensland),2003-04-09 14:25:00,2020-07-15, 
914,2003-04-10 00:11:00,143.2858981,-12.74231437,radio-transmitter, ,#1006146657,12,"Green python Morelia viridis, Cape York Australia",748199,8590268,54S,Australian Eastern Standard Time (Queensland),2003-04-10 10:11:00,2020-07-15, 
915,2003-04-11 04:10:00,143.2858981,-12.74231437,radio-transmitter, ,#1006146657,12,"Green python Morelia viridis, Cape York Australia",748199,8590268,54S,Australian Eastern Standard Time (Queensland),2003-04-11 14:10:00,2020-07-15, 
916,2003-04-12 01:06:00,143.2859258,-12.74232317,radio-transmitter, ,#1006146657,12,"Green python Morelia viridis, Cape York Australia",748202,8590267,54S,Australian Eastern Standard Time (Queensland),2003-04-12 11:06:00,2020-07-15, 
917,2003-05-23 00:13:00,143.2841405,-12.74136266,radio-transmitter, ,#1006146657,12,"Green python Morelia viridis, Cape York Australia",748009,8590375,54S,Australian Eastern Standard Time (Queensland),2003-05-23 10:13:00,2020-07-15, 
918,2003-05-23 11:18:00,143.2841125,-12.74131772,radio-transmitter, ,#1006146657,12,"Green python Morelia viridis, Cape York Australia",748006,8590380,54S,Australian Eastern Standard Time (Queensland),2003-05-23 21:18:00,2020-07-15, 
919,2003-05-24 02:53:00,143.2841212,-12.74126343,radio-transmitter, ,#1006146657,12,"Green python Morelia viridis, Cape York Australia",748007,8590386,54S,Australian Eastern Standard Time (Queensland),2003-05-24 12:53:00,2020-07-15, 
920,2003-05-24 12:18:00,143.2841212,-12.74126343,radio-transmitter, ,#1006146657,12,"Green python Morelia viridis, Cape York Australia",748007,8590386,54S,Australian Eastern Standard Time (Queensland),2003-05-24 22:18:00,2020-07-15, 
921,2003-05-25 00:28:00,143.2841212,-12.74126343,radio-transmitter, ,#1006146657,12,"Green python Morelia viridis, Cape York Australia",748007,8590386,54S,Australian Eastern Standard Time (Queensland),2003-05-25 10:28:00,2020-07-15, 
922,2003-05-25 13:08:00,143.2841212,-12.74126343,radio-transmitter, ,#1006146657,12,"Green python Morelia viridis, Cape York Australia",748007,8590386,54S,Australian Eastern Standard Time (Queensland),2003-05-25 23:08:00,2020-07-15, 
923,2003-05-26 03:27:00,143.2840473,-12.74123696,radio-transmitter, ,#1006146657,12,"Green python Morelia viridis, Cape York Australia",747999,8590389,54S,Australian Eastern Standard Time (Queensland),2003-05-26 13:27:00,2020-07-15, 
924,2003-05-26 11:32:00,143.2840103,-12.74121921,radio-transmitter, ,#1006146657,12,"Green python Morelia viridis, Cape York Australia",747995,8590391,54S,Australian Eastern Standard Time (Queensland),2003-05-26 21:32:00,2020-07-15, 
925,2003-05-27 00:45:00,143.2827563,-12.74098605,radio-transmitter, ,#1006146657,12,"Green python Morelia viridis, Cape York Australia",747859,8590418,54S,Australian Eastern Standard Time (Queensland),2003-05-27 10:45:00,2020-07-15, 
926,2003-05-27 10:44:00,143.2827563,-12.74098605,radio-transmitter, ,#1006146657,12,"Green python Morelia viridis, Cape York Australia",747859,8590418,54S,Australian Eastern Standard Time (Queensland),2003-05-27 20:44:00,2020-07-15, 
927,2003-05-28 00:36:00,143.2827563,-12.74098605,radio-transmitter, ,#1006146657,12,"Green python Morelia viridis, Cape York Australia",747859,8590418,54S,Australian Eastern Standard Time (Queensland),2003-05-28 10:36:00,2020-07-15, 
928,2003-05-28 12:09:00,143.2827563,-12.74098605,radio-transmitter, ,#1006146657,12,"Green python Morelia viridis, Cape York Australia",747859,8590418,54S,Australian Eastern Standard Time (Queensland),2003-05-28 22:09:00,2020-07-15, 
929,2003-05-29 00:01:00,143.2827563,-12.74098605,radio-transmitter, ,#1006146657,12,"Green python Morelia viridis, Cape York Australia",747859,8590418,54S,Australian Eastern Standard Time (Queensland),2003-05-29 10:01:00,2020-07-15, 
930,2003-05-29 13:40:00,143.2827563,-12.74098605,radio-transmitter, ,#1006146657,12,"Green python Morelia viridis, Cape York Australia",747859,8590418,54S,Australian Eastern Standard Time (Queensland),2003-05-29 23:40:00,2020-07-15, 
931,2003-05-30 06:22:00,143.2827563,-12.74098605,radio-transmitter, ,#1006146657,12,"Green python Morelia viridis, Cape York Australia",747859,8590418,54S,Australian Eastern Standard Time (Queensland),2003-05-30 16:22:00,2020-07-15, 
932,2003-05-30 12:11:00,143.2827563,-12.74098605,radio-transmitter, ,#1006146657,12,"Green python Morelia viridis, Cape York Australia",747859,8590418,54S,Australian Eastern Standard Time (Queensland),2003-05-30 22:11:00,2020-07-15, 
933,2003-05-31 01:11:00,143.2827563,-12.74098605,radio-transmitter, ,#1006146657,12,"Green python Morelia viridis, Cape York Australia",747859,8590418,54S,Australian Eastern Standard Time (Queensland),2003-05-31 11:11:00,2020-07-15, 
934,2003-05-31 12:10:00,143.2827563,-12.74098605,radio-transmitter, ,#1006146657,12,"Green python Morelia viridis, Cape York Australia",747859,8590418,54S,Australian Eastern Standard Time (Queensland),2003-05-31 22:10:00,2020-07-15, 
935,2003-06-01 01:19:00,143.2827563,-12.74098605,radio-transmitter, ,#1006146657,12,"Green python Morelia viridis, Cape York Australia",747859,8590418,54S,Australian Eastern Standard Time (Queensland),2003-06-01 11:19:00,2020-07-15, 
936,2003-06-01 11:32:00,143.2827563,-12.74098605,radio-transmitter, ,#1006146657,12,"Green python Morelia viridis, Cape York Australia",747859,8590418,54S,Australian Eastern Standard Time (Queensland),2003-06-01 21:32:00,2020-07-15, 
937,2003-06-01 23:59:00,143.2827563,-12.74098605,radio-transmitter, ,#1006146657,12,"Green python Morelia viridis, Cape York Australia",747859,8590418,54S,Australian Eastern Standard Time (Queensland),2003-06-02 09:59:00,2020-07-15, 
938,2003-06-02 10:25:00,143.2827563,-12.74098605,radio-transmitter, ,#1006146657,12,"Green python Morelia viridis, Cape York Australia",747859,8590418,54S,Australian Eastern Standard Time (Queensland),2003-06-02 20:25:00,2020-07-15, 
939,2003-06-03 01:24:00,143.2827563,-12.74098605,radio-transmitter, ,#1006146657,12,"Green python Morelia viridis, Cape York Australia",747859,8590418,54S,Australian Eastern Standard Time (Queensland),2003-06-03 11:24:00,2020-07-15, 
940,2003-06-03 10:24:00,143.2827563,-12.74098605,radio-transmitter, ,#1006146657,12,"Green python Morelia viridis, Cape York Australia",747859,8590418,54S,Australian Eastern Standard Time (Queensland),2003-06-03 20:24:00,2020-07-15, 
941,2003-06-04 03:36:00,143.2827563,-12.74098605,radio-transmitter, ,#1006146657,12,"Green python Morelia viridis, Cape York Australia",747859,8590418,54S,Australian Eastern Standard Time (Queensland),2003-06-04 13:36:00,2020-07-15, 
942,2003-07-30 00:00:00,143.2825616,-12.74082508,radio-transmitter, ,#1006146657,12,"Green python Morelia viridis, Cape York Australia",747838,8590436,54S,Australian Eastern Standard Time (Queensland),2003-07-30 10:00:00,2020-07-15, 
943,2003-09-09 22:50:00,143.2831775,-12.73970829,radio-transmitter, ,#1006146657,12,"Green python Morelia viridis, Cape York Australia",747906,8590559,54S,Australian Eastern Standard Time (Queensland),2003-09-10 08:50:00,2020-07-15, 
944,2003-09-11 01:00:00,143.2831133,-12.73973595,radio-transmitter, ,#1006146657,12,"Green python Morelia viridis, Cape York Australia",747899,8590556,54S,Australian Eastern Standard Time (Queensland),2003-09-11 11:00:00,2020-07-15, 
945,2003-09-12 00:58:00,143.2831133,-12.73973595,radio-transmitter, ,#1006146657,12,"Green python Morelia viridis, Cape York Australia",747899,8590556,54S,Australian Eastern Standard Time (Queensland),2003-09-12 10:58:00,2020-07-15, 
946,2003-09-12 22:57:00,143.2831133,-12.73973595,radio-transmitter, ,#1006146657,12,"Green python Morelia viridis, Cape York Australia",747899,8590556,54S,Australian Eastern Standard Time (Queensland),2003-09-13 08:57:00,2020-07-15, 
947,2003-09-13 10:24:00,143.2831133,-12.73973595,radio-transmitter, ,#1006146657,12,"Green python Morelia viridis, Cape York Australia",747899,8590556,54S,Australian Eastern Standard Time (Queensland),2003-09-13 20:24:00,2020-07-15, 
948,2003-09-14 07:34:00,143.2831133,-12.73973595,radio-transmitter, ,#1006146657,12,"Green python Morelia viridis, Cape York Australia",747899,8590556,54S,Australian Eastern Standard Time (Queensland),2003-09-14 17:34:00,2020-07-15, 
949,2003-09-14 11:47:00,143.2831133,-12.73973595,radio-transmitter, ,#1006146657,12,"Green python Morelia viridis, Cape York Australia",747899,8590556,54S,Australian Eastern Standard Time (Queensland),2003-09-14 21:47:00,2020-07-15, 
950,2003-09-14 23:25:00,143.2831133,-12.73973595,radio-transmitter, ,#1006146657,12,"Green python Morelia viridis, Cape York Australia",747899,8590556,54S,Australian Eastern Standard Time (Queensland),2003-09-15 09:25:00,2020-07-15, 
951,2003-09-15 11:08:00,143.2831133,-12.73973595,radio-transmitter, ,#1006146657,12,"Green python Morelia viridis, Cape York Australia",747899,8590556,54S,Australian Eastern Standard Time (Queensland),2003-09-15 21:08:00,2020-07-15, 
952,2003-09-15 23:18:00,143.2831133,-12.73973595,radio-transmitter, ,#1006146657,12,"Green python Morelia viridis, Cape York Australia",747899,8590556,54S,Australian Eastern Standard Time (Queensland),2003-09-16 09:18:00,2020-07-15, 
953,2003-09-16 12:17:00,143.2831133,-12.73973595,radio-transmitter, ,#1006146657,12,"Green python Morelia viridis, Cape York Australia",747899,8590556,54S,Australian Eastern Standard Time (Queensland),2003-09-16 22:17:00,2020-07-15, 
954,2003-09-16 23:46:00,143.2831133,-12.73973595,radio-transmitter, ,#1006146657,12,"Green python Morelia viridis, Cape York Australia",747899,8590556,54S,Australian Eastern Standard Time (Queensland),2003-09-17 09:46:00,2020-07-15, 
955,2003-09-17 12:00:00,143.2831133,-12.73973595,radio-transmitter, ,#1006146657,12,"Green python Morelia viridis, Cape York Australia",747899,8590556,54S,Australian Eastern Standard Time (Queensland),2003-09-17 22:00:00,2020-07-15, 
956,2003-09-17 22:49:00,143.2831133,-12.73973595,radio-transmitter, ,#1006146657,12,"Green python Morelia viridis, Cape York Australia",747899,8590556,54S,Australian Eastern Standard Time (Queensland),2003-09-18 08:49:00,2020-07-15, 
957,2003-09-19 07:14:00,143.2831133,-12.73973595,radio-transmitter, ,#1006146657,12,"Green python Morelia viridis, Cape York Australia",747899,8590556,54S,Australian Eastern Standard Time (Queensland),2003-09-19 17:14:00,2020-07-15, 
958,2003-09-20 01:59:00,143.2831133,-12.73973595,radio-transmitter, ,#1006146657,12,"Green python Morelia viridis, Cape York Australia",747899,8590556,54S,Australian Eastern Standard Time (Queensland),2003-09-20 11:59:00,2020-07-15, 
959,2003-09-20 23:36:00,143.2831133,-12.73973595,radio-transmitter, ,#1006146657,12,"Green python Morelia viridis, Cape York Australia",747899,8590556,54S,Australian Eastern Standard Time (Queensland),2003-09-21 09:36:00,2020-07-15, 
960,2003-09-22 05:30:00,143.2831133,-12.73973595,radio-transmitter, ,#1006146657,12,"Green python Morelia viridis, Cape York Australia",747899,8590556,54S,Australian Eastern Standard Time (Queensland),2003-09-22 15:30:00,2020-07-15, 
961,2003-09-23 00:00:00,143.2831133,-12.73973595,radio-transmitter, ,#1006146657,12,"Green python Morelia viridis, Cape York Australia",747899,8590556,54S,Australian Eastern Standard Time (Queensland),2003-09-23 10:00:00,2020-07-15, 
962,2003-09-24 06:21:00,143.2831133,-12.73973595,radio-transmitter, ,#1006146657,12,"Green python Morelia viridis, Cape York Australia",747899,8590556,54S,Australian Eastern Standard Time (Queensland),2003-09-24 16:21:00,2020-07-15, 
963,2003-09-24 11:43:00,143.2831133,-12.73973595,radio-transmitter, ,#1006146657,12,"Green python Morelia viridis, Cape York Australia",747899,8590556,54S,Australian Eastern Standard Time (Queensland),2003-09-24 21:43:00,2020-07-15, 
964,2003-09-25 00:15:00,143.2831133,-12.73973595,radio-transmitter, ,#1006146657,12,"Green python Morelia viridis, Cape York Australia",747899,8590556,54S,Australian Eastern Standard Time (Queensland),2003-09-25 10:15:00,2020-07-15, 
965,2003-09-26 02:02:00,143.2831133,-12.73973595,radio-transmitter, ,#1006146657,12,"Green python Morelia viridis, Cape York Australia",747899,8590556,54S,Australian Eastern Standard Time (Queensland),2003-09-26 12:02:00,2020-07-15, 
966,2003-09-26 11:05:00,143.2831318,-12.73974483,radio-transmitter, ,#1006146657,12,"Green python Morelia viridis, Cape York Australia",747901,8590555,54S,Australian Eastern Standard Time (Queensland),2003-09-26 21:05:00,2020-07-15, 
967,2003-09-27 00:04:00,143.2831133,-12.73973595,radio-transmitter, ,#1006146657,12,"Green python Morelia viridis, Cape York Australia",747899,8590556,54S,Australian Eastern Standard Time (Queensland),2003-09-27 10:04:00,2020-07-15, 
968,2003-09-28 03:32:00,143.2831133,-12.73973595,radio-transmitter, ,#1006146657,12,"Green python Morelia viridis, Cape York Australia",747899,8590556,54S,Australian Eastern Standard Time (Queensland),2003-09-28 13:32:00,2020-07-15, 
969,2003-09-29 05:12:00,143.2831133,-12.73973595,radio-transmitter, ,#1006146657,12,"Green python Morelia viridis, Cape York Australia",747899,8590556,54S,Australian Eastern Standard Time (Queensland),2003-09-29 15:12:00,2020-07-15, 
970,2003-09-30 11:37:00,143.2830666,-12.73965503,radio-transmitter, ,#1006146657,12,"Green python Morelia viridis, Cape York Australia",747894,8590565,54S,Australian Eastern Standard Time (Queensland),2003-09-30 21:37:00,2020-07-15, 
971,2003-10-04 04:55:00,143.2826952,-12.74032692,radio-transmitter, ,#1006146657,12,"Green python Morelia viridis, Cape York Australia",747853,8590491,54S,Australian Eastern Standard Time (Queensland),2003-10-04 14:55:00,2020-07-15, 
972,2003-10-04 11:10:00,143.2826952,-12.74032692,radio-transmitter, ,#1006146657,12,"Green python Morelia viridis, Cape York Australia",747853,8590491,54S,Australian Eastern Standard Time (Queensland),2003-10-04 21:10:00,2020-07-15, 
973,2003-10-04 21:36:00,143.2826952,-12.74032692,radio-transmitter, ,#1006146657,12,"Green python Morelia viridis, Cape York Australia",747853,8590491,54S,Australian Eastern Standard Time (Queensland),2003-10-05 07:36:00,2020-07-15, 
974,2003-11-06 04:47:00,143.2821508,-12.74121718,radio-transmitter, ,#1006146657,12,"Green python Morelia viridis, Cape York Australia",747793,8590393,54S,Australian Eastern Standard Time (Queensland),2003-11-06 14:47:00,2020-07-15, 
975,2003-11-06 23:26:00,143.282107,-12.74146154,radio-transmitter, ,#1006146657,12,"Green python Morelia viridis, Cape York Australia",747788,8590366,54S,Australian Eastern Standard Time (Queensland),2003-11-07 09:26:00,2020-07-15, 
976,2003-11-08 00:23:00,143.2821249,-12.74140717,radio-transmitter, ,#1006146657,12,"Green python Morelia viridis, Cape York Australia",747790,8590372,54S,Australian Eastern Standard Time (Queensland),2003-11-08 10:23:00,2020-07-15, 
977,2003-11-08 23:11:00,143.2821708,-12.74139774,radio-transmitter, ,#1006146657,12,"Green python Morelia viridis, Cape York Australia",747795,8590373,54S,Australian Eastern Standard Time (Queensland),2003-11-09 09:11:00,2020-07-15, 
978,2003-11-10 06:47:00,143.2823123,-12.74177605,radio-transmitter, ,#1006146657,12,"Green python Morelia viridis, Cape York Australia",747810,8590331,54S,Australian Eastern Standard Time (Queensland),2003-11-10 16:47:00,2020-07-15, 
979,2003-11-11 02:05:00,143.2823123,-12.74177605,radio-transmitter, ,#1006146657,12,"Green python Morelia viridis, Cape York Australia",747810,8590331,54S,Australian Eastern Standard Time (Queensland),2003-11-11 12:05:00,2020-07-15, 
980,2003-11-12 06:54:00,143.2823123,-12.74177605,radio-transmitter, ,#1006146657,12,"Green python Morelia viridis, Cape York Australia",747810,8590331,54S,Australian Eastern Standard Time (Queensland),2003-11-12 16:54:00,2020-07-15, 
981,2003-11-12 10:25:00,143.2823118,-12.74172183,radio-transmitter, ,#1006146657,12,"Green python Morelia viridis, Cape York Australia",747810,8590337,54S,Australian Eastern Standard Time (Queensland),2003-11-12 20:25:00,2020-07-15, 
982,2003-11-13 06:47:00,143.2823123,-12.74177605,radio-transmitter, ,#1006146657,12,"Green python Morelia viridis, Cape York Australia",747810,8590331,54S,Australian Eastern Standard Time (Queensland),2003-11-13 16:47:00,2020-07-15, 
983,2003-11-14 00:43:00,143.2823123,-12.74177605,radio-transmitter, ,#1006146657,12,"Green python Morelia viridis, Cape York Australia",747810,8590331,54S,Australian Eastern Standard Time (Queensland),2003-11-14 10:43:00,2020-07-15, 
984,2003-11-15 00:00:00,143.2823673,-12.74174846,radio-transmitter, ,#1006146657,12,"Green python Morelia viridis, Cape York Australia",747816,8590334,54S,Australian Eastern Standard Time (Queensland),2003-11-15 10:00:00,2020-07-15, 
985,2003-11-16 01:10:00,143.2823491,-12.74177573,radio-transmitter, ,#1006146657,12,"Green python Morelia viridis, Cape York Australia",747814,8590331,54S,Australian Eastern Standard Time (Queensland),2003-11-16 11:10:00,2020-07-15, 
986,2003-11-17 00:07:00,143.2823491,-12.74177573,radio-transmitter, ,#1006146657,12,"Green python Morelia viridis, Cape York Australia",747814,8590331,54S,Australian Eastern Standard Time (Queensland),2003-11-17 10:07:00,2020-07-15, 
987,2003-11-18 00:47:00,143.2823491,-12.74177573,radio-transmitter, ,#1006146657,12,"Green python Morelia viridis, Cape York Australia",747814,8590331,54S,Australian Eastern Standard Time (Queensland),2003-11-18 10:47:00,2020-07-15, 
988,2003-11-18 23:54:00,143.2823491,-12.74177573,radio-transmitter, ,#1006146657,12,"Green python Morelia viridis, Cape York Australia",747814,8590331,54S,Australian Eastern Standard Time (Queensland),2003-11-19 09:54:00,2020-07-15, 
989,2003-11-19 23:21:00,143.2823398,-12.74176677,radio-transmitter, ,#1006146657,12,"Green python Morelia viridis, Cape York Australia",747813,8590332,54S,Australian Eastern Standard Time (Queensland),2003-11-20 09:21:00,2020-07-15, 
990,2003-11-20 23:25:00,143.2823857,-12.7417483,radio-transmitter, ,#1006146657,12,"Green python Morelia viridis, Cape York Australia",747818,8590334,54S,Australian Eastern Standard Time (Queensland),2003-11-21 09:25:00,2020-07-15, 
991,2003-11-22 00:46:00,143.2823857,-12.7417483,radio-transmitter, ,#1006146657,12,"Green python Morelia viridis, Cape York Australia",747818,8590334,54S,Australian Eastern Standard Time (Queensland),2003-11-22 10:46:00,2020-07-15, 
992,2003-11-23 00:45:00,143.2823401,-12.74179388,radio-transmitter, ,#1006146657,12,"Green python Morelia viridis, Cape York Australia",747813,8590329,54S,Australian Eastern Standard Time (Queensland),2003-11-23 10:45:00,2020-07-15, 
993,2003-11-24 00:58:00,143.2823403,-12.74181195,radio-transmitter, ,#1006146657,12,"Green python Morelia viridis, Cape York Australia",747813,8590327,54S,Australian Eastern Standard Time (Queensland),2003-11-24 10:58:00,2020-07-15, 
994,2003-11-25 00:23:00,143.2823403,-12.74181195,radio-transmitter, ,#1006146657,12,"Green python Morelia viridis, Cape York Australia",747813,8590327,54S,Australian Eastern Standard Time (Queensland),2003-11-25 10:23:00,2020-07-15, 
995,2003-11-26 05:45:00,143.2823863,-12.74181155,radio-transmitter, ,#1006146657,12,"Green python Morelia viridis, Cape York Australia",747818,8590327,54S,Australian Eastern Standard Time (Queensland),2003-11-26 15:45:00,2020-07-15, 
996,2003-11-27 00:08:00,143.2823863,-12.74181155,radio-transmitter, ,#1006146657,12,"Green python Morelia viridis, Cape York Australia",747818,8590327,54S,Australian Eastern Standard Time (Queensland),2003-11-27 10:08:00,2020-07-15, 
997,2003-11-27 22:54:00,143.2823863,-12.74181155,radio-transmitter, ,#1006146657,12,"Green python Morelia viridis, Cape York Australia",747818,8590327,54S,Australian Eastern Standard Time (Queensland),2003-11-28 08:54:00,2020-07-15, 
998,2003-11-28 23:35:00,143.2823863,-12.74181155,radio-transmitter, ,#1006146657,12,"Green python Morelia viridis, Cape York Australia",747818,8590327,54S,Australian Eastern Standard Time (Queensland),2003-11-29 09:35:00,2020-07-15, 
999,2003-11-30 00:54:00,143.2823863,-12.74181155,radio-transmitter, ,#1006146657,12,"Green python Morelia viridis, Cape York Australia",747818,8590327,54S,Australian Eastern Standard Time (Queensland),2003-11-30 10:54:00,2020-07-15, 
1000,2003-12-01 00:13:00,143.2823758,-12.74166706,radio-transmitter, ,#1006146657,12,"Green python Morelia viridis, Cape York Australia",747817,8590343,54S,Australian Eastern Standard Time (Queensland),2003-12-01 10:13:00,2020-07-15, 
1001,2003-12-01 23:58:00,143.2824127,-12.74167578,radio-transmitter, ,#1006146657,12,"Green python Morelia viridis, Cape York Australia",747821,8590342,54S,Australian Eastern Standard Time (Queensland),2003-12-02 09:58:00,2020-07-15, 
1002,2003-12-03 05:38:00,143.2824127,-12.74167578,radio-transmitter, ,#1006146657,12,"Green python Morelia viridis, Cape York Australia",747821,8590342,54S,Australian Eastern Standard Time (Queensland),2003-12-03 15:38:00,2020-07-15, 
1003,2003-12-04 01:00:00,143.2824127,-12.74167578,radio-transmitter, ,#1006146657,12,"Green python Morelia viridis, Cape York Australia",747821,8590342,54S,Australian Eastern Standard Time (Queensland),2003-12-04 11:00:00,2020-07-15, 
1004,2003-12-05 00:40:00,143.2824127,-12.74167578,radio-transmitter, ,#1006146657,12,"Green python Morelia viridis, Cape York Australia",747821,8590342,54S,Australian Eastern Standard Time (Queensland),2003-12-05 10:40:00,2020-07-15, 
1005,2003-12-06 01:06:00,143.2824127,-12.74167578,radio-transmitter, ,#1006146657,12,"Green python Morelia viridis, Cape York Australia",747821,8590342,54S,Australian Eastern Standard Time (Queensland),2003-12-06 11:06:00,2020-07-15, 
1006,2003-12-18 23:59:00,143.2824721,-12.74111501,radio-transmitter, ,#1006146657,12,"Green python Morelia viridis, Cape York Australia",747828,8590404,54S,Australian Eastern Standard Time (Queensland),2003-12-19 09:59:00,2020-07-15, 
1007,2003-12-20 00:37:00,143.2824721,-12.74111501,radio-transmitter, ,#1006146657,12,"Green python Morelia viridis, Cape York Australia",747828,8590404,54S,Australian Eastern Standard Time (Queensland),2003-12-20 10:37:00,2020-07-15, 
1008,2003-12-21 23:28:00,143.2824721,-12.74111501,radio-transmitter, ,#1006146657,12,"Green python Morelia viridis, Cape York Australia",747828,8590404,54S,Australian Eastern Standard Time (Queensland),2003-12-22 09:28:00,2020-07-15, 
1009,2003-12-23 23:24:00,143.2824721,-12.74111501,radio-transmitter, ,#1006146657,12,"Green python Morelia viridis, Cape York Australia",747828,8590404,54S,Australian Eastern Standard Time (Queensland),2003-12-24 09:24:00,2020-07-15, 
1010,2003-12-25 00:35:00,143.2824536,-12.74110614,radio-transmitter, ,#1006146657,12,"Green python Morelia viridis, Cape York Australia",747826,8590405,54S,Australian Eastern Standard Time (Queensland),2003-12-25 10:35:00,2020-07-15, 
1011,2003-12-26 00:10:00,143.2824145,-12.74085345,radio-transmitter, ,#1006146657,12,"Green python Morelia viridis, Cape York Australia",747822,8590433,54S,Australian Eastern Standard Time (Queensland),2003-12-26 10:10:00,2020-07-15, 
1012,2003-12-27 01:05:00,143.2824145,-12.74085345,radio-transmitter, ,#1006146657,12,"Green python Morelia viridis, Cape York Australia",747822,8590433,54S,Australian Eastern Standard Time (Queensland),2003-12-27 11:05:00,2020-07-15, 
1013,2003-12-28 01:51:00,143.2824145,-12.74085345,radio-transmitter, ,#1006146657,12,"Green python Morelia viridis, Cape York Australia",747822,8590433,54S,Australian Eastern Standard Time (Queensland),2003-12-28 11:51:00,2020-07-15, 
1014,2003-12-29 00:55:00,143.2824145,-12.74085345,radio-transmitter, ,#1006146657,12,"Green python Morelia viridis, Cape York Australia",747822,8590433,54S,Australian Eastern Standard Time (Queensland),2003-12-29 10:55:00,2020-07-15, 
1015,2003-12-30 23:30:00,143.2819573,-12.74017063,radio-transmitter, ,#1006146657,12,"Green python Morelia viridis, Cape York Australia",747773,8590509,54S,Australian Eastern Standard Time (Queensland),2003-12-31 09:30:00,2020-07-15, 
1016,2004-01-01 00:04:00,143.2819292,-12.74010762,radio-transmitter, ,#1006146657,12,"Green python Morelia viridis, Cape York Australia",747770,8590516,54S,Australian Eastern Standard Time (Queensland),2004-01-01 10:04:00,2020-07-15, 
1017,2004-01-02 23:20:00,143.2818826,-12.7400538,radio-transmitter, ,#1006146657,12,"Green python Morelia viridis, Cape York Australia",747765,8590522,54S,Australian Eastern Standard Time (Queensland),2004-01-03 09:20:00,2020-07-15, 
1018,2004-01-05 00:33:00,143.2818543,-12.73997272,radio-transmitter, ,#1006146657,12,"Green python Morelia viridis, Cape York Australia",747762,8590531,54S,Australian Eastern Standard Time (Queensland),2004-01-05 10:33:00,2020-07-15, 
1019,2004-01-07 23:32:00,143.2817455,-12.74015439,radio-transmitter, ,#1006146657,12,"Green python Morelia viridis, Cape York Australia",747750,8590511,54S,Australian Eastern Standard Time (Queensland),2004-01-08 09:32:00,2020-07-15, 
1020,2004-01-10 00:30:00,143.2813128,-12.74015812,radio-transmitter, ,#1006146657,12,"Green python Morelia viridis, Cape York Australia",747703,8590511,54S,Australian Eastern Standard Time (Queensland),2004-01-10 10:30:00,2020-07-15, 
1021,2004-01-11 23:56:00,143.2813128,-12.74015812,radio-transmitter, ,#1006146657,12,"Green python Morelia viridis, Cape York Australia",747703,8590511,54S,Australian Eastern Standard Time (Queensland),2004-01-12 09:56:00,2020-07-15, 
1022,2004-01-13 23:04:00,143.2813227,-12.74023033,radio-transmitter, ,#1006146657,12,"Green python Morelia viridis, Cape York Australia",747704,8590503,54S,Australian Eastern Standard Time (Queensland),2004-01-14 09:04:00,2020-07-15, 
1023,2004-01-17 00:29:00,143.2810378,-12.74027796,radio-transmitter, ,#1006146657,12,"Green python Morelia viridis, Cape York Australia",747673,8590498,54S,Australian Eastern Standard Time (Queensland),2004-01-17 10:29:00,2020-07-15, 
1024,2004-01-18 22:53:00,143.2810669,-12.7404494,radio-transmitter, ,#1006146657,12,"Green python Morelia viridis, Cape York Australia",747676,8590479,54S,Australian Eastern Standard Time (Queensland),2004-01-19 08:53:00,2020-07-15, 
1025,2004-01-21 00:27:00,143.2810021,-12.74041382,radio-transmitter, ,#1006146657,12,"Green python Morelia viridis, Cape York Australia",747669,8590483,54S,Australian Eastern Standard Time (Queensland),2004-01-21 10:27:00,2020-07-15, 
1026,2004-01-23 01:42:00,143.2810204,-12.74039559,radio-transmitter, ,#1006146657,12,"Green python Morelia viridis, Cape York Australia",747671,8590485,54S,Australian Eastern Standard Time (Queensland),2004-01-23 11:42:00,2020-07-15, 
1027,2004-01-24 23:57:00,143.2810204,-12.74039559,radio-transmitter, ,#1006146657,12,"Green python Morelia viridis, Cape York Australia",747671,8590485,54S,Australian Eastern Standard Time (Queensland),2004-01-25 09:57:00,2020-07-15, 
1028,2004-01-26 23:33:00,143.2810848,-12.74039503,radio-transmitter, ,#1006146657,12,"Green python Morelia viridis, Cape York Australia",747678,8590485,54S,Australian Eastern Standard Time (Queensland),2004-01-27 09:33:00,2020-07-15, 
1029,2004-01-29 00:17:00,143.2810848,-12.74039503,radio-transmitter, ,#1006146657,12,"Green python Morelia viridis, Cape York Australia",747678,8590485,54S,Australian Eastern Standard Time (Queensland),2004-01-29 10:17:00,2020-07-15, 
1030,2004-01-31 00:40:00,143.2812057,-12.74052954,radio-transmitter, ,#1006146657,12,"Green python Morelia viridis, Cape York Australia",747691,8590470,54S,Australian Eastern Standard Time (Queensland),2004-01-31 10:40:00,2020-07-15, 
1031,2004-02-01 22:56:00,143.2812057,-12.74052954,radio-transmitter, ,#1006146657,12,"Green python Morelia viridis, Cape York Australia",747691,8590470,54S,Australian Eastern Standard Time (Queensland),2004-02-02 08:56:00,2020-07-15, 
1032,2004-02-03 23:03:00,143.2812066,-12.74062893,radio-transmitter, ,#1006146657,12,"Green python Morelia viridis, Cape York Australia",747691,8590459,54S,Australian Eastern Standard Time (Queensland),2004-02-04 09:03:00,2020-07-15, 
1033,2004-02-06 00:35:00,143.281265,-12.74098084,radio-transmitter, ,#1006146657,12,"Green python Morelia viridis, Cape York Australia",747697,8590420,54S,Australian Eastern Standard Time (Queensland),2004-02-06 10:35:00,2020-07-15, 
1034,2004-02-08 02:57:00,143.2810702,-12.74081987,radio-transmitter, ,#1006146657,12,"Green python Morelia viridis, Cape York Australia",747676,8590438,54S,Australian Eastern Standard Time (Queensland),2004-02-08 12:57:00,2020-07-15, 
1035,2004-02-09 23:43:00,143.281265,-12.74098084,radio-transmitter, ,#1006146657,12,"Green python Morelia viridis, Cape York Australia",747697,8590420,54S,Australian Eastern Standard Time (Queensland),2004-02-10 09:43:00,2020-07-15, 
1036,2004-02-12 00:29:00,143.2812836,-12.74100779,radio-transmitter, ,#1006146657,12,"Green python Morelia viridis, Cape York Australia",747699,8590417,54S,Australian Eastern Standard Time (Queensland),2004-02-12 10:29:00,2020-07-15, 
1037,2004-02-14 00:03:00,143.2812932,-12.74105289,radio-transmitter, ,#1006146657,12,"Green python Morelia viridis, Cape York Australia",747700,8590412,54S,Australian Eastern Standard Time (Queensland),2004-02-14 10:03:00,2020-07-15, 
1038,2004-02-17 02:25:00,143.2812659,-12.74108927,radio-transmitter, ,#1006146657,12,"Green python Morelia viridis, Cape York Australia",747697,8590408,54S,Australian Eastern Standard Time (Queensland),2004-02-17 12:25:00,2020-07-15, 
1039,2004-02-19 00:06:00,143.2812661,-12.74110734,radio-transmitter, ,#1006146657,12,"Green python Morelia viridis, Cape York Australia",747697,8590406,54S,Australian Eastern Standard Time (Queensland),2004-02-19 10:06:00,2020-07-15, 
1040,2004-02-20 23:44:00,143.2812661,-12.74110734,radio-transmitter, ,#1006146657,12,"Green python Morelia viridis, Cape York Australia",747697,8590406,54S,Australian Eastern Standard Time (Queensland),2004-02-21 09:44:00,2020-07-15, 
1041,2004-02-23 00:05:00,143.2812661,-12.74110734,radio-transmitter, ,#1006146657,12,"Green python Morelia viridis, Cape York Australia",747697,8590406,54S,Australian Eastern Standard Time (Queensland),2004-02-23 10:05:00,2020-07-15, 
1042,2004-02-24 23:45:00,143.2812661,-12.74110734,radio-transmitter, ,#1006146657,12,"Green python Morelia viridis, Cape York Australia",747697,8590406,54S,Australian Eastern Standard Time (Queensland),2004-02-25 09:45:00,2020-07-15, 
1043,2004-02-27 01:14:00,143.2811583,-12.74140647,radio-transmitter, ,#1006146657,12,"Green python Morelia viridis, Cape York Australia",747685,8590373,54S,Australian Eastern Standard Time (Queensland),2004-02-27 11:14:00,2020-07-15, 
1044,2004-03-01 03:07:00,143.2804898,-12.7418008,radio-transmitter, ,#1006146657,12,"Green python Morelia viridis, Cape York Australia",747612,8590330,54S,Australian Eastern Standard Time (Queensland),2004-03-01 13:07:00,2020-07-15, 
1045,2004-03-03 01:09:00,143.28063,-12.74203454,radio-transmitter, ,#1006146657,12,"Green python Morelia viridis, Cape York Australia",747627,8590304,54S,Australian Eastern Standard Time (Queensland),2004-03-03 11:09:00,2020-07-15, 
1046,2004-03-06 01:23:00,143.2808488,-12.74281882,radio-transmitter, ,#1006146657,12,"Green python Morelia viridis, Cape York Australia",747650,8590217,54S,Australian Eastern Standard Time (Queensland),2004-03-06 11:23:00,2020-07-15, 
1047,2004-03-08 01:26:00,143.2808672,-12.74281866,radio-transmitter, ,#1006146657,12,"Green python Morelia viridis, Cape York Australia",747652,8590217,54S,Australian Eastern Standard Time (Queensland),2004-03-08 11:26:00,2020-07-15, 
1048,2004-03-10 01:31:00,143.2806679,-12.74318183,radio-transmitter, ,#1006146657,12,"Green python Morelia viridis, Cape York Australia",747630,8590177,54S,Australian Eastern Standard Time (Queensland),2004-03-10 11:31:00,2020-07-15, 
1049,2004-03-14 04:24:00,143.2783498,-12.74440365,radio-transmitter, ,#1006146657,12,"Green python Morelia viridis, Cape York Australia",747377,8590044,54S,Australian Eastern Standard Time (Queensland),2004-03-14 14:24:00,2020-07-15, 
1050,2004-03-16 01:24:00,143.2785055,-12.74431195,radio-transmitter, ,#1006146657,12,"Green python Morelia viridis, Cape York Australia",747394,8590054,54S,Australian Eastern Standard Time (Queensland),2004-03-16 11:24:00,2020-07-15, 
1051,2004-03-19 01:27:00,143.2786252,-12.74431092,radio-transmitter, ,#1006146657,12,"Green python Morelia viridis, Cape York Australia",747407,8590054,54S,Australian Eastern Standard Time (Queensland),2004-03-19 11:27:00,2020-07-15, 
1052,2004-03-21 01:39:00,143.2787717,-12.74422833,radio-transmitter, ,#1006146657,12,"Green python Morelia viridis, Cape York Australia",747423,8590063,54S,Australian Eastern Standard Time (Queensland),2004-03-21 11:39:00,2020-07-15, 
1053,2004-03-23 01:56:00,143.2787717,-12.74422833,radio-transmitter, ,#1006146657,12,"Green python Morelia viridis, Cape York Australia",747423,8590063,54S,Australian Eastern Standard Time (Queensland),2004-03-23 11:56:00,2020-07-15, 
1054,2004-03-25 00:22:00,143.2787717,-12.74422833,radio-transmitter, ,#1006146657,12,"Green python Morelia viridis, Cape York Australia",747423,8590063,54S,Australian Eastern Standard Time (Queensland),2004-03-25 10:22:00,2020-07-15, 
1055,2004-03-27 00:27:00,143.2787717,-12.74422833,radio-transmitter, ,#1006146657,12,"Green python Morelia viridis, Cape York Australia",747423,8590063,54S,Australian Eastern Standard Time (Queensland),2004-03-27 10:27:00,2020-07-15, 
1056,2004-03-29 00:30:00,143.2787717,-12.74422833,radio-transmitter, ,#1006146657,12,"Green python Morelia viridis, Cape York Australia",747423,8590063,54S,Australian Eastern Standard Time (Queensland),2004-03-29 10:30:00,2020-07-15, 
1057,2004-03-31 00:32:00,143.2789926,-12.74422642,radio-transmitter, ,#1006146657,12,"Green python Morelia viridis, Cape York Australia",747447,8590063,54S,Australian Eastern Standard Time (Queensland),2004-03-31 10:32:00,2020-07-15, 
1058,2004-04-02 04:40:00,143.2791154,-12.74456875,radio-transmitter, ,#1006146657,12,"Green python Morelia viridis, Cape York Australia",747460,8590025,54S,Australian Eastern Standard Time (Queensland),2004-04-02 14:40:00,2020-07-15, 
1059,2004-04-03 00:00:00,143.2792456,-12.74472125,radio-transmitter, ,#1006146657,12,"Green python Morelia viridis, Cape York Australia",747474,8590008,54S,Australian Eastern Standard Time (Queensland),2004-04-03 10:00:00,2020-07-15, 
1060,2004-04-05 12:39:00,143.2792456,-12.74472125,radio-transmitter, ,#1006146657,12,"Green python Morelia viridis, Cape York Australia",747474,8590008,54S,Australian Eastern Standard Time (Queensland),2004-04-05 22:39:00,2020-07-15, 
1061,2004-01-31 12:00:00,143.2838385,-12.74258518,radio-transmitter, ,#1006146661,13,"Green python Morelia viridis, Cape York Australia",747975,8590240,54S,Australian Eastern Standard Time (Queensland),2004-01-31 22:00:00,2020-07-15, 
1062,2004-02-06 01:25:00,143.2838646,-12.7424223,radio-transmitter, ,#1006146661,13,"Green python Morelia viridis, Cape York Australia",747978,8590258,54S,Australian Eastern Standard Time (Queensland),2004-02-06 11:25:00,2020-07-15, 
1063,2004-02-07 23:51:00,143.2836022,-12.7429306,radio-transmitter, ,#1006146661,13,"Green python Morelia viridis, Cape York Australia",747949,8590202,54S,Australian Eastern Standard Time (Queensland),2004-02-08 09:51:00,2020-07-15, 
1064,2004-02-10 00:31:00,143.2835123,-12.74316633,radio-transmitter, ,#1006146661,13,"Green python Morelia viridis, Cape York Australia",747939,8590176,54S,Australian Eastern Standard Time (Queensland),2004-02-10 10:31:00,2020-07-15, 
1065,2004-02-11 01:03:00,143.2834211,-12.74326651,radio-transmitter, ,#1006146661,13,"Green python Morelia viridis, Cape York Australia",747929,8590165,54S,Australian Eastern Standard Time (Queensland),2004-02-11 11:03:00,2020-07-15, 
1066,2004-02-12 01:07:00,143.2832929,-12.74333991,radio-transmitter, ,#1006146661,13,"Green python Morelia viridis, Cape York Australia",747915,8590157,54S,Australian Eastern Standard Time (Queensland),2004-02-12 11:07:00,2020-07-15, 
1067,2004-02-13 00:10:00,143.2831688,-12.74387413,radio-transmitter, ,#1006146661,13,"Green python Morelia viridis, Cape York Australia",747901,8590098,54S,Australian Eastern Standard Time (Queensland),2004-02-13 10:10:00,2020-07-15, 
1068,2004-02-14 01:00:00,143.2829312,-12.74406594,radio-transmitter, ,#1006146661,13,"Green python Morelia viridis, Cape York Australia",747875,8590077,54S,Australian Eastern Standard Time (Queensland),2004-02-14 11:00:00,2020-07-15, 
1069,2004-02-18 01:00:00,143.281951,-12.74460755,radio-transmitter, ,#1006146661,13,"Green python Morelia viridis, Cape York Australia",747768,8590018,54S,Australian Eastern Standard Time (Queensland),2004-02-18 11:00:00,2020-07-15, 
1070,2003-01-09 12:50:00,143.2772135,-12.74910333,radio-transmitter, ,#1006146665,14,"Green python Morelia viridis, Cape York Australia",747249,8589525,54S,Australian Eastern Standard Time (Queensland),2003-01-09 22:50:00,2020-07-15, 
1071,2003-01-14 02:00:00,143.2771309,-12.74913116,radio-transmitter, ,#1006146665,14,"Green python Morelia viridis, Cape York Australia",747240,8589522,54S,Australian Eastern Standard Time (Queensland),2003-01-14 12:00:00,2020-07-15, 
1072,2003-01-15 02:14:00,143.2771123,-12.74910421,radio-transmitter, ,#1006146665,14,"Green python Morelia viridis, Cape York Australia",747238,8589525,54S,Australian Eastern Standard Time (Queensland),2003-01-15 12:14:00,2020-07-15, 
1073,2003-01-15 22:00:00,143.2770678,-12.74927628,radio-transmitter, ,#1006146665,14,"Green python Morelia viridis, Cape York Australia",747233,8589506,54S,Australian Eastern Standard Time (Queensland),2003-01-16 08:00:00,2020-07-15, 
1074,2003-01-17 00:35:00,143.2771323,-12.74928476,radio-transmitter, ,#1006146665,14,"Green python Morelia viridis, Cape York Australia",747240,8589505,54S,Australian Eastern Standard Time (Queensland),2003-01-17 10:35:00,2020-07-15, 
1075,2003-01-18 03:45:00,143.2772435,-12.74937417,radio-transmitter, ,#1006146665,14,"Green python Morelia viridis, Cape York Australia",747252,8589495,54S,Australian Eastern Standard Time (Queensland),2003-01-18 13:45:00,2020-07-15, 
1076,2003-01-18 23:52:00,143.2772342,-12.74935618,radio-transmitter, ,#1006146665,14,"Green python Morelia viridis, Cape York Australia",747251,8589497,54S,Australian Eastern Standard Time (Queensland),2003-01-19 09:52:00,2020-07-15, 
1077,2003-01-20 00:15:00,143.2772342,-12.74935618,radio-transmitter, ,#1006146665,14,"Green python Morelia viridis, Cape York Australia",747251,8589497,54S,Australian Eastern Standard Time (Queensland),2003-01-20 10:15:00,2020-07-15, 
1078,2003-01-24 03:55:00,143.2772527,-12.74936505,radio-transmitter, ,#1006146665,14,"Green python Morelia viridis, Cape York Australia",747253,8589496,54S,Australian Eastern Standard Time (Queensland),2003-01-24 13:55:00,2020-07-15, 
1079,2003-01-24 23:54:00,143.2772238,-12.74922976,radio-transmitter, ,#1006146665,14,"Green python Morelia viridis, Cape York Australia",747250,8589511,54S,Australian Eastern Standard Time (Queensland),2003-01-25 09:54:00,2020-07-15, 
1080,2003-01-26 05:00:00,143.2772238,-12.74922976,radio-transmitter, ,#1006146665,14,"Green python Morelia viridis, Cape York Australia",747250,8589511,54S,Australian Eastern Standard Time (Queensland),2003-01-26 15:00:00,2020-07-15, 
1081,2003-01-26 12:26:00,143.2772238,-12.74922976,radio-transmitter, ,#1006146665,14,"Green python Morelia viridis, Cape York Australia",747250,8589511,54S,Australian Eastern Standard Time (Queensland),2003-01-26 22:26:00,2020-07-15, 
1082,2003-01-27 02:07:00,143.2772238,-12.74922976,radio-transmitter, ,#1006146665,14,"Green python Morelia viridis, Cape York Australia",747250,8589511,54S,Australian Eastern Standard Time (Queensland),2003-01-27 12:07:00,2020-07-15, 
1083,2003-01-28 05:23:00,143.2772238,-12.74922976,radio-transmitter, ,#1006146665,14,"Green python Morelia viridis, Cape York Australia",747250,8589511,54S,Australian Eastern Standard Time (Queensland),2003-01-28 15:23:00,2020-07-15, 
1084,2003-01-29 00:15:00,143.2772335,-12.74927485,radio-transmitter, ,#1006146665,14,"Green python Morelia viridis, Cape York Australia",747251,8589506,54S,Australian Eastern Standard Time (Queensland),2003-01-29 10:15:00,2020-07-15, 
1085,2003-01-30 04:25:00,143.2772066,-12.74935641,radio-transmitter, ,#1006146665,14,"Green python Morelia viridis, Cape York Australia",747248,8589497,54S,Australian Eastern Standard Time (Queensland),2003-01-30 14:25:00,2020-07-15, 
1086,2003-01-30 10:16:00,143.2772066,-12.74935641,radio-transmitter, ,#1006146665,14,"Green python Morelia viridis, Cape York Australia",747248,8589497,54S,Australian Eastern Standard Time (Queensland),2003-01-30 20:16:00,2020-07-15, 
1087,2003-01-31 05:50:00,143.2771609,-12.74940199,radio-transmitter, ,#1006146665,14,"Green python Morelia viridis, Cape York Australia",747243,8589492,54S,Australian Eastern Standard Time (Queensland),2003-01-31 15:50:00,2020-07-15, 
1088,2003-02-02 07:20:00,143.2765485,-12.75091634,radio-transmitter, ,#1006146665,14,"Green python Morelia viridis, Cape York Australia",747175,8589325,54S,Australian Eastern Standard Time (Queensland),2003-02-02 17:20:00,2020-07-15, 
1089,2003-02-03 23:08:00,143.2768281,-12.75233265,radio-transmitter, ,#1006146665,14,"Green python Morelia viridis, Cape York Australia",747204,8589168,54S,Australian Eastern Standard Time (Queensland),2003-02-04 09:08:00,2020-07-15, 
1090,2003-02-04 07:10:00,143.2768281,-12.75233265,radio-transmitter, ,#1006146665,14,"Green python Morelia viridis, Cape York Australia",747204,8589168,54S,Australian Eastern Standard Time (Queensland),2003-02-04 17:10:00,2020-07-15, 
1091,2003-02-05 00:50:00,143.276828,-12.75232361,radio-transmitter, ,#1006146665,14,"Green python Morelia viridis, Cape York Australia",747204,8589169,54S,Australian Eastern Standard Time (Queensland),2003-02-05 10:50:00,2020-07-15, 
1092,2003-02-06 00:23:00,143.276828,-12.75232361,radio-transmitter, ,#1006146665,14,"Green python Morelia viridis, Cape York Australia",747204,8589169,54S,Australian Eastern Standard Time (Queensland),2003-02-06 10:23:00,2020-07-15, 
1093,2003-02-07 05:50:00,143.2780833,-12.75268329,radio-transmitter, ,#1006146665,14,"Green python Morelia viridis, Cape York Australia",747340,8589128,54S,Australian Eastern Standard Time (Queensland),2003-02-07 15:50:00,2020-07-15, 
1094,2003-02-08 02:53:00,143.2781109,-12.75268305,radio-transmitter, ,#1006146665,14,"Green python Morelia viridis, Cape York Australia",747343,8589128,54S,Australian Eastern Standard Time (Queensland),2003-02-08 12:53:00,2020-07-15, 
1095,2003-02-08 23:50:00,143.2782212,-12.75266403,radio-transmitter, ,#1006146665,14,"Green python Morelia viridis, Cape York Australia",747355,8589130,54S,Australian Eastern Standard Time (Queensland),2003-02-09 09:50:00,2020-07-15, 
1096,2003-02-10 06:20:00,143.2783507,-12.7527352,radio-transmitter, ,#1006146665,14,"Green python Morelia viridis, Cape York Australia",747369,8589122,54S,Australian Eastern Standard Time (Queensland),2003-02-10 16:20:00,2020-07-15, 
1097,2003-02-11 05:38:00,143.27847,-12.75268899,radio-transmitter, ,#1006146665,14,"Green python Morelia viridis, Cape York Australia",747382,8589127,54S,Australian Eastern Standard Time (Queensland),2003-02-11 15:38:00,2020-07-15, 
1098,2003-02-12 07:34:00,143.2784793,-12.75270698,radio-transmitter, ,#1006146665,14,"Green python Morelia viridis, Cape York Australia",747383,8589125,54S,Australian Eastern Standard Time (Queensland),2003-02-12 17:34:00,2020-07-15, 
1099,2003-02-14 01:04:00,143.2784979,-12.7527249,radio-transmitter, ,#1006146665,14,"Green python Morelia viridis, Cape York Australia",747385,8589123,54S,Australian Eastern Standard Time (Queensland),2003-02-14 11:04:00,2020-07-15, 
1100,2003-02-15 03:20:00,143.2784979,-12.7527249,radio-transmitter, ,#1006146665,14,"Green python Morelia viridis, Cape York Australia",747385,8589123,54S,Australian Eastern Standard Time (Queensland),2003-02-15 13:20:00,2020-07-15, 
1101,2003-02-16 01:53:00,143.2785891,-12.75262471,radio-transmitter, ,#1006146665,14,"Green python Morelia viridis, Cape York Australia",747395,8589134,54S,Australian Eastern Standard Time (Queensland),2003-02-16 11:53:00,2020-07-15, 
1102,2003-02-17 01:27:00,143.2788196,-12.75266791,radio-transmitter, ,#1006146665,14,"Green python Morelia viridis, Cape York Australia",747420,8589129,54S,Australian Eastern Standard Time (Queensland),2003-02-17 11:27:00,2020-07-15, 
1103,2003-02-18 01:50:00,143.2789958,-12.75281097,radio-transmitter, ,#1006146665,14,"Green python Morelia viridis, Cape York Australia",747439,8589113,54S,Australian Eastern Standard Time (Queensland),2003-02-18 11:50:00,2020-07-15, 
1104,2003-02-19 01:03:00,143.2792371,-12.75302576,radio-transmitter, ,#1006146665,14,"Green python Morelia viridis, Cape York Australia",747465,8589089,54S,Australian Eastern Standard Time (Queensland),2003-02-19 11:03:00,2020-07-15, 
1105,2003-02-22 04:45:00,143.2794136,-12.75320497,radio-transmitter, ,#1006146665,14,"Green python Morelia viridis, Cape York Australia",747484,8589069,54S,Australian Eastern Standard Time (Queensland),2003-02-22 14:45:00,2020-07-15, 
1106,2003-02-22 23:38:00,143.2794136,-12.75320497,radio-transmitter, ,#1006146665,14,"Green python Morelia viridis, Cape York Australia",747484,8589069,54S,Australian Eastern Standard Time (Queensland),2003-02-23 09:38:00,2020-07-15, 
1107,2003-02-25 02:53:00,143.2794234,-12.75326814,radio-transmitter, ,#1006146665,14,"Green python Morelia viridis, Cape York Australia",747485,8589062,54S,Australian Eastern Standard Time (Queensland),2003-02-25 12:53:00,2020-07-15, 
1108,2003-02-27 06:55:00,143.2800717,-12.75370533,radio-transmitter, ,#1006146665,14,"Green python Morelia viridis, Cape York Australia",747555,8589013,54S,Australian Eastern Standard Time (Queensland),2003-02-27 16:55:00,2020-07-15, 
1109,2003-03-01 02:07:00,143.2799175,-12.75395968,radio-transmitter, ,#1006146665,14,"Green python Morelia viridis, Cape York Australia",747538,8588985,54S,Australian Eastern Standard Time (Queensland),2003-03-01 12:07:00,2020-07-15, 
1110,2003-03-02 07:37:00,143.2799175,-12.75395968,radio-transmitter, ,#1006146665,14,"Green python Morelia viridis, Cape York Australia",747538,8588985,54S,Australian Eastern Standard Time (Queensland),2003-03-02 17:37:00,2020-07-15, 
1111,2003-03-04 07:54:00,143.279945,-12.7539504,radio-transmitter, ,#1006146665,14,"Green python Morelia viridis, Cape York Australia",747541,8588986,54S,Australian Eastern Standard Time (Queensland),2003-03-04 17:54:00,2020-07-15, 
1112,2003-03-05 06:46:00,143.2799081,-12.75394168,radio-transmitter, ,#1006146665,14,"Green python Morelia viridis, Cape York Australia",747537,8588987,54S,Australian Eastern Standard Time (Queensland),2003-03-05 16:46:00,2020-07-15, 
1113,2003-03-06 05:39:00,143.2798991,-12.75396887,radio-transmitter, ,#1006146665,14,"Green python Morelia viridis, Cape York Australia",747536,8588984,54S,Australian Eastern Standard Time (Queensland),2003-03-06 15:39:00,2020-07-15, 
1114,2003-03-07 07:37:00,143.280149,-12.7541113,radio-transmitter, ,#1006146665,14,"Green python Morelia viridis, Cape York Australia",747563,8588968,54S,Australian Eastern Standard Time (Queensland),2003-03-07 17:37:00,2020-07-15, 
1115,2003-03-11 07:44:00,143.2801138,-12.75429233,radio-transmitter, ,#1006146665,14,"Green python Morelia viridis, Cape York Australia",747559,8588948,54S,Australian Eastern Standard Time (Queensland),2003-03-11 17:44:00,2020-07-15, 
1116,2003-03-13 03:15:00,143.2801138,-12.75429233,radio-transmitter, ,#1006146665,14,"Green python Morelia viridis, Cape York Australia",747559,8588948,54S,Australian Eastern Standard Time (Queensland),2003-03-13 13:15:00,2020-07-15, 
1117,2003-03-15 03:48:00,143.2801138,-12.75429233,radio-transmitter, ,#1006146665,14,"Green python Morelia viridis, Cape York Australia",747559,8588948,54S,Australian Eastern Standard Time (Queensland),2003-03-15 13:48:00,2020-07-15, 
1118,2003-03-17 05:50:00,143.2801138,-12.75429233,radio-transmitter, ,#1006146665,14,"Green python Morelia viridis, Cape York Australia",747559,8588948,54S,Australian Eastern Standard Time (Queensland),2003-03-17 15:50:00,2020-07-15, 
1119,2003-03-25 04:58:00,143.2803556,-12.75457037,radio-transmitter, ,#1006146665,14,"Green python Morelia viridis, Cape York Australia",747585,8588917,54S,Australian Eastern Standard Time (Queensland),2003-03-25 14:58:00,2020-07-15, 
1120,2003-03-28 02:50:00,143.2802542,-12.75455317,radio-transmitter, ,#1006146665,14,"Green python Morelia viridis, Cape York Australia",747574,8588919,54S,Australian Eastern Standard Time (Queensland),2003-03-28 12:50:00,2020-07-15, 
1121,2003-03-31 03:04:00,143.2799897,-12.75482655,radio-transmitter, ,#1006146665,14,"Green python Morelia viridis, Cape York Australia",747545,8588889,54S,Australian Eastern Standard Time (Queensland),2003-03-31 13:04:00,2020-07-15, 
1122,2003-04-02 06:28:00,143.2801767,-12.75515024,radio-transmitter, ,#1006146665,14,"Green python Morelia viridis, Cape York Australia",747565,8588853,54S,Australian Eastern Standard Time (Queensland),2003-04-02 16:28:00,2020-07-15, 
1123,2003-04-04 07:15:00,143.2801767,-12.75515024,radio-transmitter, ,#1006146665,14,"Green python Morelia viridis, Cape York Australia",747565,8588853,54S,Australian Eastern Standard Time (Queensland),2003-04-04 17:15:00,2020-07-15, 
1124,2003-04-06 05:09:00,143.2803054,-12.75513106,radio-transmitter, ,#1006146665,14,"Green python Morelia viridis, Cape York Australia",747579,8588855,54S,Australian Eastern Standard Time (Queensland),2003-04-06 15:09:00,2020-07-15, 
1125,2003-04-08 06:24:00,143.2805258,-12.75507494,radio-transmitter, ,#1006146665,14,"Green python Morelia viridis, Cape York Australia",747603,8588861,54S,Australian Eastern Standard Time (Queensland),2003-04-08 16:24:00,2020-07-15, 
1126,2003-04-10 04:31:00,143.2804432,-12.75510276,radio-transmitter, ,#1006146665,14,"Green python Morelia viridis, Cape York Australia",747594,8588858,54S,Australian Eastern Standard Time (Queensland),2003-04-10 14:31:00,2020-07-15, 
1127,2003-04-12 03:50:00,143.280915,-12.75433059,radio-transmitter, ,#1006146665,14,"Green python Morelia viridis, Cape York Australia",747646,8588943,54S,Australian Eastern Standard Time (Queensland),2003-04-12 13:50:00,2020-07-15, 
1128,2003-05-22 06:29:00,143.2838845,-12.75696164,radio-transmitter, ,#1006146665,14,"Green python Morelia viridis, Cape York Australia",747966,8588649,54S,Australian Eastern Standard Time (Queensland),2003-05-22 16:29:00,2020-07-15, 
1129,2003-05-22 11:17:00,143.283866,-12.75695276,radio-transmitter, ,#1006146665,14,"Green python Morelia viridis, Cape York Australia",747964,8588650,54S,Australian Eastern Standard Time (Queensland),2003-05-22 21:17:00,2020-07-15, 
1130,2003-05-22 23:27:00,143.2839504,-12.75712372,radio-transmitter, ,#1006146665,14,"Green python Morelia viridis, Cape York Australia",747973,8588631,54S,Australian Eastern Standard Time (Queensland),2003-05-23 09:27:00,2020-07-15, 
1131,2003-05-23 11:54:00,143.2838769,-12.75713339,radio-transmitter, ,#1006146665,14,"Green python Morelia viridis, Cape York Australia",747965,8588630,54S,Australian Eastern Standard Time (Queensland),2003-05-23 21:54:00,2020-07-15, 
1132,2003-05-24 00:02:00,143.2838672,-12.75707926,radio-transmitter, ,#1006146665,14,"Green python Morelia viridis, Cape York Australia",747964,8588636,54S,Australian Eastern Standard Time (Queensland),2003-05-24 10:02:00,2020-07-15, 
1133,2003-05-24 12:52:00,143.2838396,-12.7570795,radio-transmitter, ,#1006146665,14,"Green python Morelia viridis, Cape York Australia",747961,8588636,54S,Australian Eastern Standard Time (Queensland),2003-05-24 22:52:00,2020-07-15, 
1134,2003-05-24 23:58:00,143.2838304,-12.75708861,radio-transmitter, ,#1006146665,14,"Green python Morelia viridis, Cape York Australia",747960,8588635,54S,Australian Eastern Standard Time (Queensland),2003-05-25 09:58:00,2020-07-15, 
1135,2003-05-25 13:38:00,143.283821,-12.75706159,radio-transmitter, ,#1006146665,14,"Green python Morelia viridis, Cape York Australia",747959,8588638,54S,Australian Eastern Standard Time (Queensland),2003-05-25 23:38:00,2020-07-15, 
1136,2003-05-26 07:03:00,143.2836072,-12.75682849,radio-transmitter, ,#1006146665,14,"Green python Morelia viridis, Cape York Australia",747936,8588664,54S,Australian Eastern Standard Time (Queensland),2003-05-26 17:03:00,2020-07-15, 
1137,2003-05-26 12:17:00,143.2836072,-12.75682849,radio-transmitter, ,#1006146665,14,"Green python Morelia viridis, Cape York Australia",747936,8588664,54S,Australian Eastern Standard Time (Queensland),2003-05-26 22:17:00,2020-07-15, 
1138,2003-05-26 23:27:00,143.2835142,-12.75672989,radio-transmitter, ,#1006146665,14,"Green python Morelia viridis, Cape York Australia",747926,8588675,54S,Australian Eastern Standard Time (Queensland),2003-05-27 09:27:00,2020-07-15, 
1139,2003-05-27 11:30:00,143.2835142,-12.75672989,radio-transmitter, ,#1006146665,14,"Green python Morelia viridis, Cape York Australia",747926,8588675,54S,Australian Eastern Standard Time (Queensland),2003-05-27 21:30:00,2020-07-15, 
1140,2003-05-27 23:32:00,143.2835142,-12.75672989,radio-transmitter, ,#1006146665,14,"Green python Morelia viridis, Cape York Australia",747926,8588675,54S,Australian Eastern Standard Time (Queensland),2003-05-28 09:32:00,2020-07-15, 
1141,2003-05-28 12:42:00,143.2835142,-12.75672989,radio-transmitter, ,#1006146665,14,"Green python Morelia viridis, Cape York Australia",747926,8588675,54S,Australian Eastern Standard Time (Queensland),2003-05-28 22:42:00,2020-07-15, 
1142,2003-05-28 23:24:00,143.2834679,-12.75670318,radio-transmitter, ,#1006146665,14,"Green python Morelia viridis, Cape York Australia",747921,8588678,54S,Australian Eastern Standard Time (Queensland),2003-05-29 09:24:00,2020-07-15, 
1143,2003-05-29 14:12:00,143.2834312,-12.75671254,radio-transmitter, ,#1006146665,14,"Green python Morelia viridis, Cape York Australia",747917,8588677,54S,Australian Eastern Standard Time (Queensland),2003-05-30 00:12:00,2020-07-15, 
1144,2003-05-30 07:22:00,143.2834587,-12.75670326,radio-transmitter, ,#1006146665,14,"Green python Morelia viridis, Cape York Australia",747920,8588678,54S,Australian Eastern Standard Time (Queensland),2003-05-30 17:22:00,2020-07-15, 
1145,2003-05-30 12:47:00,143.283422,-12.75671262,radio-transmitter, ,#1006146665,14,"Green python Morelia viridis, Cape York Australia",747916,8588677,54S,Australian Eastern Standard Time (Queensland),2003-05-30 22:47:00,2020-07-15, 
1146,2003-05-31 00:41:00,143.2834587,-12.75670326,radio-transmitter, ,#1006146665,14,"Green python Morelia viridis, Cape York Australia",747920,8588678,54S,Australian Eastern Standard Time (Queensland),2003-05-31 10:41:00,2020-07-15, 
1147,2003-05-31 12:35:00,143.2834035,-12.75670374,radio-transmitter, ,#1006146665,14,"Green python Morelia viridis, Cape York Australia",747914,8588678,54S,Australian Eastern Standard Time (Queensland),2003-05-31 22:35:00,2020-07-15, 
1148,2003-06-01 03:16:00,143.2833847,-12.75665872,radio-transmitter, ,#1006146665,14,"Green python Morelia viridis, Cape York Australia",747912,8588683,54S,Australian Eastern Standard Time (Queensland),2003-06-01 13:16:00,2020-07-15, 
1149,2003-06-01 12:08:00,143.2834123,-12.75665848,radio-transmitter, ,#1006146665,14,"Green python Morelia viridis, Cape York Australia",747915,8588683,54S,Australian Eastern Standard Time (Queensland),2003-06-01 22:08:00,2020-07-15, 
1150,2003-06-01 23:25:00,143.2834032,-12.7566676,radio-transmitter, ,#1006146665,14,"Green python Morelia viridis, Cape York Australia",747914,8588682,54S,Australian Eastern Standard Time (Queensland),2003-06-02 09:25:00,2020-07-15, 
1151,2003-06-02 10:54:00,143.2832743,-12.75666871,radio-transmitter, ,#1006146665,14,"Green python Morelia viridis, Cape York Australia",747900,8588682,54S,Australian Eastern Standard Time (Queensland),2003-06-02 20:54:00,2020-07-15, 
1152,2003-06-03 00:37:00,143.2833102,-12.756569,radio-transmitter, ,#1006146665,14,"Green python Morelia viridis, Cape York Australia",747904,8588693,54S,Australian Eastern Standard Time (Queensland),2003-06-03 10:37:00,2020-07-15, 
1153,2003-06-03 10:53:00,143.2833102,-12.756569,radio-transmitter, ,#1006146665,14,"Green python Morelia viridis, Cape York Australia",747904,8588693,54S,Australian Eastern Standard Time (Queensland),2003-06-03 20:53:00,2020-07-15, 
1154,2003-06-04 03:04:00,143.2833102,-12.756569,radio-transmitter, ,#1006146665,14,"Green python Morelia viridis, Cape York Australia",747904,8588693,54S,Australian Eastern Standard Time (Queensland),2003-06-04 13:04:00,2020-07-15, 
1155,2003-06-04 13:01:00,143.2833102,-12.756569,radio-transmitter, ,#1006146665,14,"Green python Morelia viridis, Cape York Australia",747904,8588693,54S,Australian Eastern Standard Time (Queensland),2003-06-04 23:01:00,2020-07-15, 
1156,2003-07-30 02:00:00,143.2803042,-12.75705582,radio-transmitter, ,#1006146665,14,"Green python Morelia viridis, Cape York Australia",747577,8588642,54S,Australian Eastern Standard Time (Queensland),2003-07-30 12:00:00,2020-07-15, 
1157,2004-01-31 12:00:00,143.2861117,-12.75688816,radio-transmitter, ,#1006146669,15,"Green python Morelia viridis, Cape York Australia",748208,8588655,54S,Australian Eastern Standard Time (Queensland),2004-01-31 22:00:00,2020-07-15, 
1158,2004-02-05 23:20:00,143.2860207,-12.75699738,radio-transmitter, ,#1006146669,15,"Green python Morelia viridis, Cape York Australia",748198,8588643,54S,Australian Eastern Standard Time (Queensland),2004-02-06 09:20:00,2020-07-15, 
1159,2004-02-06 23:20:00,143.2859473,-12.75703416,radio-transmitter, ,#1006146669,15,"Green python Morelia viridis, Cape York Australia",748190,8588639,54S,Australian Eastern Standard Time (Queensland),2004-02-07 09:20:00,2020-07-15, 
1160,2004-02-07 23:42:00,143.2859473,-12.75703416,radio-transmitter, ,#1006146669,15,"Green python Morelia viridis, Cape York Australia",748190,8588639,54S,Australian Eastern Standard Time (Queensland),2004-02-08 09:42:00,2020-07-15, 
1161,2004-02-09 07:23:00,143.2859473,-12.75703416,radio-transmitter, ,#1006146669,15,"Green python Morelia viridis, Cape York Australia",748190,8588639,54S,Australian Eastern Standard Time (Queensland),2004-02-09 17:23:00,2020-07-15, 
1162,2004-02-09 22:27:00,143.2859473,-12.75703416,radio-transmitter, ,#1006146669,15,"Green python Morelia viridis, Cape York Australia",748190,8588639,54S,Australian Eastern Standard Time (Queensland),2004-02-10 08:27:00,2020-07-15, 
1163,2004-02-10 23:06:00,143.2859473,-12.75703416,radio-transmitter, ,#1006146669,15,"Green python Morelia viridis, Cape York Australia",748190,8588639,54S,Australian Eastern Standard Time (Queensland),2004-02-11 09:06:00,2020-07-15, 
1164,2004-02-11 22:51:00,143.2859473,-12.75703416,radio-transmitter, ,#1006146669,15,"Green python Morelia viridis, Cape York Australia",748190,8588639,54S,Australian Eastern Standard Time (Queensland),2004-02-12 08:51:00,2020-07-15, 
1165,2004-02-12 23:02:00,143.2859473,-12.75703416,radio-transmitter, ,#1006146669,15,"Green python Morelia viridis, Cape York Australia",748190,8588639,54S,Australian Eastern Standard Time (Queensland),2004-02-13 09:02:00,2020-07-15, 
1166,2004-02-13 22:37:00,143.2859473,-12.75703416,radio-transmitter, ,#1006146669,15,"Green python Morelia viridis, Cape York Australia",748190,8588639,54S,Australian Eastern Standard Time (Queensland),2004-02-14 08:37:00,2020-07-15, 
1167,2004-02-14 10:51:00,143.2859473,-12.75703416,radio-transmitter, ,#1006146669,15,"Green python Morelia viridis, Cape York Australia",748190,8588639,54S,Australian Eastern Standard Time (Queensland),2004-02-14 20:51:00,2020-07-15, 
1168,2004-02-15 00:33:00,143.2859473,-12.75703416,radio-transmitter, ,#1006146669,15,"Green python Morelia viridis, Cape York Australia",748190,8588639,54S,Australian Eastern Standard Time (Queensland),2004-02-15 10:33:00,2020-07-15, 
1169,2004-02-15 11:35:00,143.2859473,-12.75703416,radio-transmitter, ,#1006146669,15,"Green python Morelia viridis, Cape York Australia",748190,8588639,54S,Australian Eastern Standard Time (Queensland),2004-02-15 21:35:00,2020-07-15, 
1170,2004-02-15 23:14:00,143.2859473,-12.75703416,radio-transmitter, ,#1006146669,15,"Green python Morelia viridis, Cape York Australia",748190,8588639,54S,Australian Eastern Standard Time (Queensland),2004-02-16 09:14:00,2020-07-15, 
1171,2004-02-16 10:40:00,143.2859473,-12.75703416,radio-transmitter, ,#1006146669,15,"Green python Morelia viridis, Cape York Australia",748190,8588639,54S,Australian Eastern Standard Time (Queensland),2004-02-16 20:40:00,2020-07-15, 
1172,2004-02-17 00:02:00,143.2857623,-12.75692733,radio-transmitter, ,#1006146669,15,"Green python Morelia viridis, Cape York Australia",748170,8588651,54S,Australian Eastern Standard Time (Queensland),2004-02-17 10:02:00,2020-07-15, 
1173,2004-02-17 22:35:00,143.2857623,-12.75692733,radio-transmitter, ,#1006146669,15,"Green python Morelia viridis, Cape York Australia",748170,8588651,54S,Australian Eastern Standard Time (Queensland),2004-02-18 08:35:00,2020-07-15, 
1174,2004-02-18 11:54:00,143.2857621,-12.75690925,radio-transmitter, ,#1006146669,15,"Green python Morelia viridis, Cape York Australia",748170,8588653,54S,Australian Eastern Standard Time (Queensland),2004-02-18 21:54:00,2020-07-15, 
1175,2004-02-19 04:17:00,143.2854861,-12.75692971,radio-transmitter, ,#1006146669,15,"Green python Morelia viridis, Cape York Australia",748140,8588651,54S,Australian Eastern Standard Time (Queensland),2004-02-19 14:17:00,2020-07-15, 
1176,2004-02-19 10:58:00,143.2853124,-12.75706676,radio-transmitter, ,#1006146669,15,"Green python Morelia viridis, Cape York Australia",748121,8588636,54S,Australian Eastern Standard Time (Queensland),2004-02-19 20:58:00,2020-07-15, 
1177,2004-02-21 01:54:00,143.2853307,-12.75704853,radio-transmitter, ,#1006146669,15,"Green python Morelia viridis, Cape York Australia",748123,8588638,54S,Australian Eastern Standard Time (Queensland),2004-02-21 11:54:00,2020-07-15, 
1178,2004-02-21 11:27:00,143.2853307,-12.75704853,radio-transmitter, ,#1006146669,15,"Green python Morelia viridis, Cape York Australia",748123,8588638,54S,Australian Eastern Standard Time (Queensland),2004-02-21 21:27:00,2020-07-15, 
1179,2004-02-22 02:47:00,143.2853307,-12.75704853,radio-transmitter, ,#1006146669,15,"Green python Morelia viridis, Cape York Australia",748123,8588638,54S,Australian Eastern Standard Time (Queensland),2004-02-22 12:47:00,2020-07-15, 
1180,2004-02-22 10:55:00,143.2853307,-12.75704853,radio-transmitter, ,#1006146669,15,"Green python Morelia viridis, Cape York Australia",748123,8588638,54S,Australian Eastern Standard Time (Queensland),2004-02-22 20:55:00,2020-07-15, 
1181,2004-02-23 01:27:00,143.2853307,-12.75704853,radio-transmitter, ,#1006146669,15,"Green python Morelia viridis, Cape York Australia",748123,8588638,54S,Australian Eastern Standard Time (Queensland),2004-02-23 11:27:00,2020-07-15, 
1182,2004-02-24 22:07:00,143.2853307,-12.75704853,radio-transmitter, ,#1006146669,15,"Green python Morelia viridis, Cape York Australia",748123,8588638,54S,Australian Eastern Standard Time (Queensland),2004-02-25 08:07:00,2020-07-15, 
1183,2004-02-25 22:55:00,143.2853307,-12.75704853,radio-transmitter, ,#1006146669,15,"Green python Morelia viridis, Cape York Australia",748123,8588638,54S,Australian Eastern Standard Time (Queensland),2004-02-26 08:55:00,2020-07-15, 
1184,2004-02-27 23:09:00,143.2853307,-12.75704853,radio-transmitter, ,#1006146669,15,"Green python Morelia viridis, Cape York Australia",748123,8588638,54S,Australian Eastern Standard Time (Queensland),2004-02-28 09:09:00,2020-07-15, 
1185,2004-02-29 03:56:00,143.2853496,-12.75711162,radio-transmitter, ,#1006146669,15,"Green python Morelia viridis, Cape York Australia",748125,8588631,54S,Australian Eastern Standard Time (Queensland),2004-02-29 13:56:00,2020-07-15, 
1186,2004-03-01 01:30:00,143.2853312,-12.75711178,radio-transmitter, ,#1006146669,15,"Green python Morelia viridis, Cape York Australia",748123,8588631,54S,Australian Eastern Standard Time (Queensland),2004-03-01 11:30:00,2020-07-15, 
1187,2004-03-02 00:19:00,143.2852951,-12.75718438,radio-transmitter, ,#1006146669,15,"Green python Morelia viridis, Cape York Australia",748119,8588623,54S,Australian Eastern Standard Time (Queensland),2004-03-02 10:19:00,2020-07-15, 
1188,2004-03-03 02:31:00,143.2848102,-12.75752292,radio-transmitter, ,#1006146669,15,"Green python Morelia viridis, Cape York Australia",748066,8588586,54S,Australian Eastern Standard Time (Queensland),2004-03-03 12:31:00,2020-07-15, 
1189,2004-03-04 01:06:00,143.2845897,-12.75757001,radio-transmitter, ,#1006146669,15,"Green python Morelia viridis, Cape York Australia",748042,8588581,54S,Australian Eastern Standard Time (Queensland),2004-03-04 11:06:00,2020-07-15, 
1190,2004-03-05 02:05:00,143.284562,-12.75757025,radio-transmitter, ,#1006146669,15,"Green python Morelia viridis, Cape York Australia",748039,8588581,54S,Australian Eastern Standard Time (Queensland),2004-03-05 12:05:00,2020-07-15, 
1191,2004-03-05 11:05:00,143.284562,-12.75757025,radio-transmitter, ,#1006146669,15,"Green python Morelia viridis, Cape York Australia",748039,8588581,54S,Australian Eastern Standard Time (Queensland),2004-03-05 21:05:00,2020-07-15, 
1192,2004-03-07 00:07:00,143.28458,-12.75752491,radio-transmitter, ,#1006146669,15,"Green python Morelia viridis, Cape York Australia",748041,8588586,54S,Australian Eastern Standard Time (Queensland),2004-03-07 10:07:00,2020-07-15, 
1193,2004-03-08 02:23:00,143.2845892,-12.75752483,radio-transmitter, ,#1006146669,15,"Green python Morelia viridis, Cape York Australia",748042,8588586,54S,Australian Eastern Standard Time (Queensland),2004-03-08 12:23:00,2020-07-15, 
1194,2004-03-08 11:17:00,143.2845892,-12.75752483,radio-transmitter, ,#1006146669,15,"Green python Morelia viridis, Cape York Australia",748042,8588586,54S,Australian Eastern Standard Time (Queensland),2004-03-08 21:17:00,2020-07-15, 
1195,2004-03-09 02:27:00,143.2846168,-12.75751556,radio-transmitter, ,#1006146669,15,"Green python Morelia viridis, Cape York Australia",748045,8588587,54S,Australian Eastern Standard Time (Queensland),2004-03-09 12:27:00,2020-07-15, 
1196,2004-03-10 02:43:00,143.2846168,-12.75751556,radio-transmitter, ,#1006146669,15,"Green python Morelia viridis, Cape York Australia",748045,8588587,54S,Australian Eastern Standard Time (Queensland),2004-03-10 12:43:00,2020-07-15, 
1197,2004-03-11 01:58:00,143.2846075,-12.7575066,radio-transmitter, ,#1006146669,15,"Green python Morelia viridis, Cape York Australia",748044,8588588,54S,Australian Eastern Standard Time (Queensland),2004-03-11 11:58:00,2020-07-15, 
1198,2004-03-13 01:44:00,143.2846075,-12.7575066,radio-transmitter, ,#1006146669,15,"Green python Morelia viridis, Cape York Australia",748044,8588588,54S,Australian Eastern Standard Time (Queensland),2004-03-13 11:44:00,2020-07-15, 
1199,2004-03-14 02:15:00,143.2846073,-12.75748853,radio-transmitter, ,#1006146669,15,"Green python Morelia viridis, Cape York Australia",748044,8588590,54S,Australian Eastern Standard Time (Queensland),2004-03-14 12:15:00,2020-07-15, 
1200,2004-03-15 00:56:00,143.2846073,-12.75748853,radio-transmitter, ,#1006146669,15,"Green python Morelia viridis, Cape York Australia",748044,8588590,54S,Australian Eastern Standard Time (Queensland),2004-03-15 10:56:00,2020-07-15, 
1201,2004-03-15 11:43:00,143.2846063,-12.75737107,radio-transmitter, ,#1006146669,15,"Green python Morelia viridis, Cape York Australia",748044,8588603,54S,Australian Eastern Standard Time (Queensland),2004-03-15 21:43:00,2020-07-15, 
1202,2004-03-16 00:50:00,143.2846063,-12.75737107,radio-transmitter, ,#1006146669,15,"Green python Morelia viridis, Cape York Australia",748044,8588603,54S,Australian Eastern Standard Time (Queensland),2004-03-16 10:50:00,2020-07-15, 
1203,2004-03-18 03:45:00,143.2846063,-12.75737107,radio-transmitter, ,#1006146669,15,"Green python Morelia viridis, Cape York Australia",748044,8588603,54S,Australian Eastern Standard Time (Queensland),2004-03-18 13:45:00,2020-07-15, 
1204,2004-03-22 03:14:00,143.2846063,-12.75737107,radio-transmitter, ,#1006146669,15,"Green python Morelia viridis, Cape York Australia",748044,8588603,54S,Australian Eastern Standard Time (Queensland),2004-03-22 13:14:00,2020-07-15, 
1205,2004-03-23 00:36:00,143.2846063,-12.75737107,radio-transmitter, ,#1006146669,15,"Green python Morelia viridis, Cape York Australia",748044,8588603,54S,Australian Eastern Standard Time (Queensland),2004-03-23 10:36:00,2020-07-15, 
1206,2004-03-24 23:50:00,143.2846063,-12.75737107,radio-transmitter, ,#1006146669,15,"Green python Morelia viridis, Cape York Australia",748044,8588603,54S,Australian Eastern Standard Time (Queensland),2004-03-25 09:50:00,2020-07-15, 
1207,2004-03-26 00:44:00,143.2846063,-12.75737107,radio-transmitter, ,#1006146669,15,"Green python Morelia viridis, Cape York Australia",748044,8588603,54S,Australian Eastern Standard Time (Queensland),2004-03-26 10:44:00,2020-07-15, 
1208,2004-03-28 06:50:00,143.284468,-12.75734516,radio-transmitter, ,#1006146669,15,"Green python Morelia viridis, Cape York Australia",748029,8588606,54S,Australian Eastern Standard Time (Queensland),2004-03-28 16:50:00,2020-07-15, 
1209,2004-03-30 02:32:00,143.2843581,-12.75740936,radio-transmitter, ,#1006146669,15,"Green python Morelia viridis, Cape York Australia",748017,8588599,54S,Australian Eastern Standard Time (Queensland),2004-03-30 12:32:00,2020-07-15, 
1210,2004-04-01 03:10:00,143.2843586,-12.75747261,radio-transmitter, ,#1006146669,15,"Green python Morelia viridis, Cape York Australia",748017,8588592,54S,Australian Eastern Standard Time (Queensland),2004-04-01 13:10:00,2020-07-15, 
1211,2004-04-06 03:00:00,143.28458,-12.75752491,radio-transmitter, ,#1006146669,15,"Green python Morelia viridis, Cape York Australia",748041,8588586,54S,Australian Eastern Standard Time (Queensland),2004-04-06 13:00:00,2020-07-15, 
1212,2002-12-02 12:29:00,143.2851007,-12.72421239,radio-transmitter, ,#1006146673,16,"Green python Morelia viridis, Cape York Australia",748130,8592272,54S,Australian Eastern Standard Time (Queensland),2002-12-02 22:29:00,2020-07-15, 
1213,2002-12-07 06:40:00,143.2847811,-12.72449527,radio-transmitter, ,#1006146673,16,"Green python Morelia viridis, Cape York Australia",748095,8592241,54S,Australian Eastern Standard Time (Queensland),2002-12-07 16:40:00,2020-07-15, 
1214,2002-12-08 03:26:00,143.2847811,-12.72449527,radio-transmitter, ,#1006146673,16,"Green python Morelia viridis, Cape York Australia",748095,8592241,54S,Australian Eastern Standard Time (Queensland),2002-12-08 13:26:00,2020-07-15, 
1215,2002-12-08 11:40:00,143.2850381,-12.72442076,radio-transmitter, ,#1006146673,16,"Green python Morelia viridis, Cape York Australia",748123,8592249,54S,Australian Eastern Standard Time (Queensland),2002-12-08 21:40:00,2020-07-15, 
1216,2002-12-09 05:50:00,143.2851204,-12.7243568,radio-transmitter, ,#1006146673,16,"Green python Morelia viridis, Cape York Australia",748132,8592256,54S,Australian Eastern Standard Time (Queensland),2002-12-09 15:50:00,2020-07-15, 
1217,2002-12-10 02:15:00,143.2854931,-12.72485962,radio-transmitter, ,#1006146673,16,"Green python Morelia viridis, Cape York Australia",748172,8592200,54S,Australian Eastern Standard Time (Queensland),2002-12-10 12:15:00,2020-07-15, 
1218,2002-12-10 11:02:00,143.2853822,-12.72480636,radio-transmitter, ,#1006146673,16,"Green python Morelia viridis, Cape York Australia",748160,8592206,54S,Australian Eastern Standard Time (Queensland),2002-12-10 21:02:00,2020-07-15, 
1219,2002-12-11 00:40:00,143.2862947,-12.72494306,radio-transmitter, ,#1006146673,16,"Green python Morelia viridis, Cape York Australia",748259,8592190,54S,Australian Eastern Standard Time (Queensland),2002-12-11 10:40:00,2020-07-15, 
1220,2002-12-11 12:38:00,143.2857972,-12.72489314,radio-transmitter, ,#1006146673,16,"Green python Morelia viridis, Cape York Australia",748205,8592196,54S,Australian Eastern Standard Time (Queensland),2002-12-11 22:38:00,2020-07-15, 
1221,2002-12-12 04:58:00,143.2863227,-12.724988,radio-transmitter, ,#1006146673,16,"Green python Morelia viridis, Cape York Australia",748262,8592185,54S,Australian Eastern Standard Time (Queensland),2002-12-12 14:58:00,2020-07-15, 
1222,2002-12-13 06:00:00,143.2863132,-12.72496098,radio-transmitter, ,#1006146673,16,"Green python Morelia viridis, Cape York Australia",748261,8592188,54S,Australian Eastern Standard Time (Queensland),2002-12-13 16:00:00,2020-07-15, 
1223,2002-12-13 22:54:00,143.2869884,-12.7253166,radio-transmitter, ,#1006146673,16,"Green python Morelia viridis, Cape York Australia",748334,8592148,54S,Australian Eastern Standard Time (Queensland),2002-12-14 08:54:00,2020-07-15, 
1224,2002-12-15 06:04:00,143.2869975,-12.72530749,radio-transmitter, ,#1006146673,16,"Green python Morelia viridis, Cape York Australia",748335,8592149,54S,Australian Eastern Standard Time (Queensland),2002-12-15 16:04:00,2020-07-15, 
1225,2002-12-16 06:10:00,143.2869975,-12.72530749,radio-transmitter, ,#1006146673,16,"Green python Morelia viridis, Cape York Australia",748335,8592149,54S,Australian Eastern Standard Time (Queensland),2002-12-16 16:10:00,2020-07-15, 
1226,2002-12-17 05:10:00,143.2869884,-12.7253166,radio-transmitter, ,#1006146673,16,"Green python Morelia viridis, Cape York Australia",748334,8592148,54S,Australian Eastern Standard Time (Queensland),2002-12-17 15:10:00,2020-07-15, 
1227,2002-12-17 23:36:00,143.2869975,-12.72530749,radio-transmitter, ,#1006146673,16,"Green python Morelia viridis, Cape York Australia",748335,8592149,54S,Australian Eastern Standard Time (Queensland),2002-12-18 09:36:00,2020-07-15, 
1228,2002-12-20 04:00:00,143.2869884,-12.7253166,radio-transmitter, ,#1006146673,16,"Green python Morelia viridis, Cape York Australia",748334,8592148,54S,Australian Eastern Standard Time (Queensland),2002-12-20 14:00:00,2020-07-15, 
1229,2002-12-21 06:40:00,143.2880193,-12.72531673,radio-transmitter, ,#1006146673,16,"Green python Morelia viridis, Cape York Australia",748446,8592147,54S,Australian Eastern Standard Time (Queensland),2002-12-21 16:40:00,2020-07-15, 
1230,2002-12-22 03:10:00,143.2876257,-12.72556411,radio-transmitter, ,#1006146673,16,"Green python Morelia viridis, Cape York Australia",748403,8592120,54S,Australian Eastern Standard Time (Queensland),2002-12-22 13:10:00,2020-07-15, 
1231,2002-12-23 06:48:00,143.2876623,-12.72553669,radio-transmitter, ,#1006146673,16,"Green python Morelia viridis, Cape York Australia",748407,8592123,54S,Australian Eastern Standard Time (Queensland),2002-12-23 16:48:00,2020-07-15, 
1232,2002-12-24 03:30:00,143.2877729,-12.72555381,radio-transmitter, ,#1006146673,16,"Green python Morelia viridis, Cape York Australia",748419,8592121,54S,Australian Eastern Standard Time (Queensland),2002-12-24 13:30:00,2020-07-15, 
1233,2002-12-25 06:40:00,143.2878011,-12.72561682,radio-transmitter, ,#1006146673,16,"Green python Morelia viridis, Cape York Australia",748422,8592114,54S,Australian Eastern Standard Time (Queensland),2002-12-25 16:40:00,2020-07-15, 
1234,2002-12-26 03:23:00,143.2877833,-12.72568926,radio-transmitter, ,#1006146673,16,"Green python Morelia viridis, Cape York Australia",748420,8592106,54S,Australian Eastern Standard Time (Queensland),2002-12-26 13:23:00,2020-07-15, 
1235,2002-12-27 22:55:00,143.2875985,-12.72560049,radio-transmitter, ,#1006146673,16,"Green python Morelia viridis, Cape York Australia",748400,8592116,54S,Australian Eastern Standard Time (Queensland),2002-12-28 08:55:00,2020-07-15, 
1236,2002-12-29 00:37:00,143.2878085,-12.72540892,radio-transmitter, ,#1006146673,16,"Green python Morelia viridis, Cape York Australia",748423,8592137,54S,Australian Eastern Standard Time (Queensland),2002-12-29 10:37:00,2020-07-15, 
1237,2002-12-29 23:50:00,143.2879004,-12.72539909,radio-transmitter, ,#1006146673,16,"Green python Morelia viridis, Cape York Australia",748433,8592138,54S,Australian Eastern Standard Time (Queensland),2002-12-30 09:50:00,2020-07-15, 
1238,2002-12-30 23:12:00,143.2877174,-12.72551814,radio-transmitter, ,#1006146673,16,"Green python Morelia viridis, Cape York Australia",748413,8592125,54S,Australian Eastern Standard Time (Queensland),2002-12-31 09:12:00,2020-07-15, 
1239,2003-01-01 00:10:00,143.2876354,-12.72560921,radio-transmitter, ,#1006146673,16,"Green python Morelia viridis, Cape York Australia",748404,8592115,54S,Australian Eastern Standard Time (Queensland),2003-01-01 10:10:00,2020-07-15, 
1240,2003-01-01 23:40:00,143.2874556,-12.72609873,radio-transmitter, ,#1006146673,16,"Green python Morelia viridis, Cape York Australia",748384,8592061,54S,Australian Eastern Standard Time (Queensland),2003-01-02 09:40:00,2020-07-15, 
1241,2003-01-03 01:45:00,143.2874556,-12.72608969,radio-transmitter, ,#1006146673,16,"Green python Morelia viridis, Cape York Australia",748384,8592062,54S,Australian Eastern Standard Time (Queensland),2003-01-03 11:45:00,2020-07-15, 
1242,2003-01-04 01:50:00,143.2874924,-12.72608937,radio-transmitter, ,#1006146673,16,"Green python Morelia viridis, Cape York Australia",748388,8592062,54S,Australian Eastern Standard Time (Queensland),2003-01-04 11:50:00,2020-07-15, 
1243,2003-01-04 23:50:00,143.2875472,-12.72604372,radio-transmitter, ,#1006146673,16,"Green python Morelia viridis, Cape York Australia",748394,8592067,54S,Australian Eastern Standard Time (Queensland),2003-01-05 09:50:00,2020-07-15, 
1244,2003-01-06 04:40:00,143.287777,-12.72600559,radio-transmitter, ,#1006146673,16,"Green python Morelia viridis, Cape York Australia",748419,8592071,54S,Australian Eastern Standard Time (Queensland),2003-01-06 14:40:00,2020-07-15, 
1245,2003-01-07 01:55:00,143.2877055,-12.72625019,radio-transmitter, ,#1006146673,16,"Green python Morelia viridis, Cape York Australia",748411,8592044,54S,Australian Eastern Standard Time (Queensland),2003-01-07 11:55:00,2020-07-15, 
1246,2003-01-08 05:35:00,143.2877054,-12.72623212,radio-transmitter, ,#1006146673,16,"Green python Morelia viridis, Cape York Australia",748411,8592046,54S,Australian Eastern Standard Time (Queensland),2003-01-08 15:35:00,2020-07-15, 
1247,2003-01-09 00:45:00,143.2877604,-12.72621357,radio-transmitter, ,#1006146673,16,"Green python Morelia viridis, Cape York Australia",748417,8592048,54S,Australian Eastern Standard Time (Queensland),2003-01-09 10:45:00,2020-07-15, 
1248,2003-01-10 05:58:00,143.2877604,-12.72621357,radio-transmitter, ,#1006146673,16,"Green python Morelia viridis, Cape York Australia",748417,8592048,54S,Australian Eastern Standard Time (Queensland),2003-01-10 15:58:00,2020-07-15, 
1249,2003-01-11 11:35:00,143.2877604,-12.72621357,radio-transmitter, ,#1006146673,16,"Green python Morelia viridis, Cape York Australia",748417,8592048,54S,Australian Eastern Standard Time (Queensland),2003-01-11 21:35:00,2020-07-15, 
1250,2003-01-12 07:00:00,143.2877514,-12.72623172,radio-transmitter, ,#1006146673,16,"Green python Morelia viridis, Cape York Australia",748416,8592046,54S,Australian Eastern Standard Time (Queensland),2003-01-12 17:00:00,2020-07-15, 
1251,2003-01-13 05:30:00,143.2877604,-12.72621357,radio-transmitter, ,#1006146673,16,"Green python Morelia viridis, Cape York Australia",748417,8592048,54S,Australian Eastern Standard Time (Queensland),2003-01-13 15:30:00,2020-07-15, 
1252,2003-01-14 03:20:00,143.2878069,-12.72626738,radio-transmitter, ,#1006146673,16,"Green python Morelia viridis, Cape York Australia",748422,8592042,54S,Australian Eastern Standard Time (Queensland),2003-01-14 13:20:00,2020-07-15, 
1253,2003-01-16 06:40:00,143.2878435,-12.72623996,radio-transmitter, ,#1006146673,16,"Green python Morelia viridis, Cape York Australia",748426,8592045,54S,Australian Eastern Standard Time (Queensland),2003-01-16 16:40:00,2020-07-15, 
1254,2003-01-17 02:45:00,143.2878073,-12.72630353,radio-transmitter, ,#1006146673,16,"Green python Morelia viridis, Cape York Australia",748422,8592038,54S,Australian Eastern Standard Time (Queensland),2003-01-17 12:45:00,2020-07-15, 
1255,2003-01-18 02:10:00,143.2878617,-12.72621269,radio-transmitter, ,#1006146673,16,"Green python Morelia viridis, Cape York Australia",748428,8592048,54S,Australian Eastern Standard Time (Queensland),2003-01-18 12:10:00,2020-07-15, 
1256,2003-01-19 02:10:00,143.2878715,-12.7262849,radio-transmitter, ,#1006146673,16,"Green python Morelia viridis, Cape York Australia",748429,8592040,54S,Australian Eastern Standard Time (Queensland),2003-01-19 12:10:00,2020-07-15, 
1257,2003-01-21 02:14:00,143.2878258,-12.72632144,radio-transmitter, ,#1006146673,16,"Green python Morelia viridis, Cape York Australia",748424,8592036,54S,Australian Eastern Standard Time (Queensland),2003-01-21 12:14:00,2020-07-15, 
1258,2003-01-23 06:20:00,143.2877522,-12.72632207,radio-transmitter, ,#1006146673,16,"Green python Morelia viridis, Cape York Australia",748416,8592036,54S,Australian Eastern Standard Time (Queensland),2003-01-23 16:20:00,2020-07-15, 
1259,2003-01-25 05:35:00,143.2877335,-12.72628609,radio-transmitter, ,#1006146673,16,"Green python Morelia viridis, Cape York Australia",748414,8592040,54S,Australian Eastern Standard Time (Queensland),2003-01-25 15:35:00,2020-07-15, 
1260,2003-01-26 07:12:00,143.2877153,-12.72631336,radio-transmitter, ,#1006146673,16,"Green python Morelia viridis, Cape York Australia",748412,8592037,54S,Australian Eastern Standard Time (Queensland),2003-01-26 17:12:00,2020-07-15, 
1261,2003-01-26 23:53:00,143.2877155,-12.72633143,radio-transmitter, ,#1006146673,16,"Green python Morelia viridis, Cape York Australia",748412,8592035,54S,Australian Eastern Standard Time (Queensland),2003-01-27 09:53:00,2020-07-15, 
1262,2003-01-28 07:36:00,143.287752,-12.72629497,radio-transmitter, ,#1006146673,16,"Green python Morelia viridis, Cape York Australia",748416,8592039,54S,Australian Eastern Standard Time (Queensland),2003-01-28 17:36:00,2020-07-15, 
1263,2003-01-30 06:57:00,143.287752,-12.72629497,radio-transmitter, ,#1006146673,16,"Green python Morelia viridis, Cape York Australia",748416,8592039,54S,Australian Eastern Standard Time (Queensland),2003-01-30 16:57:00,2020-07-15, 
1264,2003-01-31 23:26:00,143.2875667,-12.72617006,radio-transmitter, ,#1006146673,16,"Green python Morelia viridis, Cape York Australia",748396,8592053,54S,Australian Eastern Standard Time (Queensland),2003-02-01 09:26:00,2020-07-15, 
1265,2003-02-04 07:14:00,143.2874488,-12.72636084,radio-transmitter, ,#1006146673,16,"Green python Morelia viridis, Cape York Australia",748383,8592032,54S,Australian Eastern Standard Time (Queensland),2003-02-04 17:14:00,2020-07-15, 
1266,2003-02-05 03:46:00,143.2875976,-12.72653125,radio-transmitter, ,#1006146673,16,"Green python Morelia viridis, Cape York Australia",748399,8592013,54S,Australian Eastern Standard Time (Queensland),2003-02-05 13:46:00,2020-07-15, 
1267,2003-02-07 08:28:00,143.2873607,-12.72680438,radio-transmitter, ,#1006146673,16,"Green python Morelia viridis, Cape York Australia",748373,8591983,54S,Australian Eastern Standard Time (Queensland),2003-02-07 18:28:00,2020-07-15, 
1268,2003-02-09 02:57:00,143.2869596,-12.72724159,radio-transmitter, ,#1006146673,16,"Green python Morelia viridis, Cape York Australia",748329,8591935,54S,Australian Eastern Standard Time (Queensland),2003-02-09 12:57:00,2020-07-15, 
1269,2003-02-11 07:35:00,143.286849,-12.72722448,radio-transmitter, ,#1006146673,16,"Green python Morelia viridis, Cape York Australia",748317,8591937,54S,Australian Eastern Standard Time (Queensland),2003-02-11 17:35:00,2020-07-15, 
1270,2003-02-13 02:36:00,143.2866132,-12.72659397,radio-transmitter, ,#1006146673,16,"Green python Morelia viridis, Cape York Australia",748292,8592007,54S,Australian Eastern Standard Time (Queensland),2003-02-13 12:36:00,2020-07-15, 
1271,2003-02-15 02:55:00,143.2862809,-12.7264884,radio-transmitter, ,#1006146673,16,"Green python Morelia viridis, Cape York Australia",748256,8592019,54S,Australian Eastern Standard Time (Queensland),2003-02-15 12:55:00,2020-07-15, 
1272,2003-02-16 23:01:00,143.2863806,-12.72631585,radio-transmitter, ,#1006146673,16,"Green python Morelia viridis, Cape York Australia",748267,8592038,54S,Australian Eastern Standard Time (Queensland),2003-02-17 09:01:00,2020-07-15, 
1273,2003-02-21 00:20:00,143.2867753,-12.72619497,radio-transmitter, ,#1006146673,16,"Green python Morelia viridis, Cape York Australia",748310,8592051,54S,Australian Eastern Standard Time (Queensland),2003-02-21 10:20:00,2020-07-15, 
1274,2003-02-22 06:45:00,143.2872077,-12.72616412,radio-transmitter, ,#1006146673,16,"Green python Morelia viridis, Cape York Australia",748357,8592054,54S,Australian Eastern Standard Time (Queensland),2003-02-22 16:45:00,2020-07-15, 
1275,2003-02-24 01:21:00,143.2872628,-12.72614558,radio-transmitter, ,#1006146673,16,"Green python Morelia viridis, Cape York Australia",748363,8592056,54S,Australian Eastern Standard Time (Queensland),2003-02-24 11:21:00,2020-07-15, 
1276,2003-02-25 05:50:00,143.2872909,-12.72619955,radio-transmitter, ,#1006146673,16,"Green python Morelia viridis, Cape York Australia",748366,8592050,54S,Australian Eastern Standard Time (Queensland),2003-02-25 15:50:00,2020-07-15, 
1277,2003-02-27 05:34:00,143.2873283,-12.72627152,radio-transmitter, ,#1006146673,16,"Green python Morelia viridis, Cape York Australia",748370,8592042,54S,Australian Eastern Standard Time (Queensland),2003-02-27 15:34:00,2020-07-15, 
1278,2003-03-01 01:00:00,143.2873283,-12.72627152,radio-transmitter, ,#1006146673,16,"Green python Morelia viridis, Cape York Australia",748370,8592042,54S,Australian Eastern Standard Time (Queensland),2003-03-01 11:00:00,2020-07-15, 
1279,2003-03-04 06:00:00,143.2876881,-12.72635877,radio-transmitter, ,#1006146673,16,"Green python Morelia viridis, Cape York Australia",748409,8592032,54S,Australian Eastern Standard Time (Queensland),2003-03-04 16:00:00,2020-07-15, 
1280,2003-03-07 05:53:00,143.2877151,-12.72628625,radio-transmitter, ,#1006146673,16,"Green python Morelia viridis, Cape York Australia",748412,8592040,54S,Australian Eastern Standard Time (Queensland),2003-03-07 15:53:00,2020-07-15, 
1281,2003-03-09 05:34:00,143.2875237,-12.72650478,radio-transmitter, ,#1006146673,16,"Green python Morelia viridis, Cape York Australia",748391,8592016,54S,Australian Eastern Standard Time (Queensland),2003-03-09 15:34:00,2020-07-15, 
1282,2003-03-13 01:53:00,143.2875626,-12.72673938,radio-transmitter, ,#1006146673,16,"Green python Morelia viridis, Cape York Australia",748395,8591990,54S,Australian Eastern Standard Time (Queensland),2003-03-13 11:53:00,2020-07-15, 
1283,2003-03-15 02:30:00,143.2875256,-12.7267126,radio-transmitter, ,#1006146673,16,"Green python Morelia viridis, Cape York Australia",748391,8591993,54S,Australian Eastern Standard Time (Queensland),2003-03-15 12:30:00,2020-07-15, 
1284,2003-03-17 04:05:00,143.287052,-12.7262468,radio-transmitter, ,#1006146673,16,"Green python Morelia viridis, Cape York Australia",748340,8592045,54S,Australian Eastern Standard Time (Queensland),2003-03-17 14:05:00,2020-07-15, 
1285,2003-03-27 05:56:00,143.2859622,-12.72584957,radio-transmitter, ,#1006146673,16,"Green python Morelia viridis, Cape York Australia",748222,8592090,54S,Australian Eastern Standard Time (Queensland),2003-03-27 15:56:00,2020-07-15, 
1286,2003-03-29 05:08:00,143.2859622,-12.72584957,radio-transmitter, ,#1006146673,16,"Green python Morelia viridis, Cape York Australia",748222,8592090,54S,Australian Eastern Standard Time (Queensland),2003-03-29 15:08:00,2020-07-15, 
1287,2003-04-01 05:11:00,143.2863699,-12.72512314,radio-transmitter, ,#1006146673,16,"Green python Morelia viridis, Cape York Australia",748267,8592170,54S,Australian Eastern Standard Time (Queensland),2003-04-01 15:11:00,2020-07-15, 
1288,2003-04-03 05:01:00,143.2860734,-12.72386965,radio-transmitter, ,#1006146673,16,"Green python Morelia viridis, Cape York Australia",748236,8592309,54S,Australian Eastern Standard Time (Queensland),2003-04-03 15:01:00,2020-07-15, 
1289,2003-04-04 05:46:00,143.2860083,-12.72379792,radio-transmitter, ,#1006146673,16,"Green python Morelia viridis, Cape York Australia",748229,8592317,54S,Australian Eastern Standard Time (Queensland),2003-04-04 15:46:00,2020-07-15, 
1290,2003-04-07 04:42:00,143.285925,-12.72374442,radio-transmitter, ,#1006146673,16,"Green python Morelia viridis, Cape York Australia",748220,8592323,54S,Australian Eastern Standard Time (Queensland),2003-04-07 14:42:00,2020-07-15, 
1291,2003-04-09 05:02:00,143.2859799,-12.72371684,radio-transmitter, ,#1006146673,16,"Green python Morelia viridis, Cape York Australia",748226,8592326,54S,Australian Eastern Standard Time (Queensland),2003-04-09 15:02:00,2020-07-15, 
1292,2003-04-09 23:34:00,143.2858952,-12.72350069,radio-transmitter, ,#1006146673,16,"Green python Morelia viridis, Cape York Australia",748217,8592350,54S,Australian Eastern Standard Time (Queensland),2003-04-10 09:34:00,2020-07-15, 
1293,2003-04-11 03:40:00,143.2858952,-12.72350069,radio-transmitter, ,#1006146673,16,"Green python Morelia viridis, Cape York Australia",748217,8592350,54S,Australian Eastern Standard Time (Queensland),2003-04-11 13:40:00,2020-07-15, 
1294,2003-04-12 01:45:00,143.2858951,-12.72349166,radio-transmitter, ,#1006146673,16,"Green python Morelia viridis, Cape York Australia",748217,8592351,54S,Australian Eastern Standard Time (Queensland),2003-04-12 11:45:00,2020-07-15, 
1295,2003-05-25 01:50:00,143.2871248,-12.7261558,radio-transmitter, ,#1006146673,16,"Green python Morelia viridis, Cape York Australia",748348,8592055,54S,Australian Eastern Standard Time (Queensland),2003-05-25 11:50:00,2020-07-15, 
1296,2003-05-26 00:42:00,143.2871248,-12.7261558,radio-transmitter, ,#1006146673,16,"Green python Morelia viridis, Cape York Australia",748348,8592055,54S,Australian Eastern Standard Time (Queensland),2003-05-26 10:42:00,2020-07-15, 
1297,2003-05-27 01:57:00,143.2868443,-12.72670041,radio-transmitter, ,#1006146673,16,"Green python Morelia viridis, Cape York Australia",748317,8591995,54S,Australian Eastern Standard Time (Queensland),2003-05-27 11:57:00,2020-07-15, 
1298,2003-05-28 01:35:00,143.2864042,-12.72689397,radio-transmitter, ,#1006146673,16,"Green python Morelia viridis, Cape York Australia",748269,8591974,54S,Australian Eastern Standard Time (Queensland),2003-05-28 11:35:00,2020-07-15, 
1299,2003-05-29 00:40:00,143.2864599,-12.72694771,radio-transmitter, ,#1006146673,16,"Green python Morelia viridis, Cape York Australia",748275,8591968,54S,Australian Eastern Standard Time (Queensland),2003-05-29 10:40:00,2020-07-15, 
1300,2003-05-30 05:44:00,143.2865152,-12.72695627,radio-transmitter, ,#1006146673,16,"Green python Morelia viridis, Cape York Australia",748281,8591967,54S,Australian Eastern Standard Time (Queensland),2003-05-30 15:44:00,2020-07-15, 
1301,2003-05-31 02:13:00,143.2866441,-12.72695516,radio-transmitter, ,#1006146673,16,"Green python Morelia viridis, Cape York Australia",748295,8591967,54S,Australian Eastern Standard Time (Queensland),2003-05-31 12:13:00,2020-07-15, 
1302,2003-06-01 01:55:00,143.2867665,-12.72726133,radio-transmitter, ,#1006146673,16,"Green python Morelia viridis, Cape York Australia",748308,8591933,54S,Australian Eastern Standard Time (Queensland),2003-06-01 11:55:00,2020-07-15, 
1303,2003-06-02 00:28:00,143.2867572,-12.72725238,radio-transmitter, ,#1006146673,16,"Green python Morelia viridis, Cape York Australia",748307,8591934,54S,Australian Eastern Standard Time (Queensland),2003-06-02 10:28:00,2020-07-15, 
1304,2003-06-03 01:47:00,143.2867572,-12.72725238,radio-transmitter, ,#1006146673,16,"Green python Morelia viridis, Cape York Australia",748307,8591934,54S,Australian Eastern Standard Time (Queensland),2003-06-03 11:47:00,2020-07-15, 
1305,2003-06-04 03:59:00,143.2867572,-12.72725238,radio-transmitter, ,#1006146673,16,"Green python Morelia viridis, Cape York Australia",748307,8591934,54S,Australian Eastern Standard Time (Queensland),2003-06-04 13:59:00,2020-07-15, 
1306,2003-09-28 12:00:00,143.2822298,-12.74489431,radio-transmitter, ,#1006146677,17,"Green python Morelia viridis, Cape York Australia",747798,8589986,54S,Australian Eastern Standard Time (Queensland),2003-09-28 22:00:00,2020-07-15, 
1307,2003-10-04 04:23:00,143.2821848,-12.74501217,radio-transmitter, ,#1006146677,17,"Green python Morelia viridis, Cape York Australia",747793,8589973,54S,Australian Eastern Standard Time (Queensland),2003-10-04 14:23:00,2020-07-15, 
1308,2003-10-04 10:42:00,143.2821386,-12.74499449,radio-transmitter, ,#1006146677,17,"Green python Morelia viridis, Cape York Australia",747788,8589975,54S,Australian Eastern Standard Time (Queensland),2003-10-04 20:42:00,2020-07-15, 
1309,2003-10-04 21:20:00,143.2821386,-12.74499449,radio-transmitter, ,#1006146677,17,"Green python Morelia viridis, Cape York Australia",747788,8589975,54S,Australian Eastern Standard Time (Queensland),2003-10-05 07:20:00,2020-07-15, 
1310,2003-11-06 05:09:00,143.2821268,-12.74573558,radio-transmitter, ,#1006146677,17,"Green python Morelia viridis, Cape York Australia",747786,8589893,54S,Australian Eastern Standard Time (Queensland),2003-11-06 15:09:00,2020-07-15, 
1311,2003-11-06 23:04:00,143.2819884,-12.74569159,radio-transmitter, ,#1006146677,17,"Green python Morelia viridis, Cape York Australia",747771,8589898,54S,Australian Eastern Standard Time (Queensland),2003-11-07 09:04:00,2020-07-15, 
1312,2003-11-07 11:13:00,143.2819974,-12.74567344,radio-transmitter, ,#1006146677,17,"Green python Morelia viridis, Cape York Australia",747772,8589900,54S,Australian Eastern Standard Time (Queensland),2003-11-07 21:13:00,2020-07-15, 
1313,2003-11-08 00:05:00,143.2819974,-12.74567344,radio-transmitter, ,#1006146677,17,"Green python Morelia viridis, Cape York Australia",747772,8589900,54S,Australian Eastern Standard Time (Queensland),2003-11-08 10:05:00,2020-07-15, 
1314,2003-11-08 23:40:00,143.2819974,-12.74567344,radio-transmitter, ,#1006146677,17,"Green python Morelia viridis, Cape York Australia",747772,8589900,54S,Australian Eastern Standard Time (Queensland),2003-11-09 09:40:00,2020-07-15, 
1315,2003-11-09 12:05:00,143.2819974,-12.74567344,radio-transmitter, ,#1006146677,17,"Green python Morelia viridis, Cape York Australia",747772,8589900,54S,Australian Eastern Standard Time (Queensland),2003-11-09 22:05:00,2020-07-15, 
1316,2003-11-10 06:17:00,143.2819974,-12.74567344,radio-transmitter, ,#1006146677,17,"Green python Morelia viridis, Cape York Australia",747772,8589900,54S,Australian Eastern Standard Time (Queensland),2003-11-10 16:17:00,2020-07-15, 
1317,2003-11-10 13:01:00,143.2820066,-12.74567336,radio-transmitter, ,#1006146677,17,"Green python Morelia viridis, Cape York Australia",747773,8589900,54S,Australian Eastern Standard Time (Queensland),2003-11-10 23:01:00,2020-07-15, 
1318,2003-11-11 01:34:00,143.2820799,-12.74563658,radio-transmitter, ,#1006146677,17,"Green python Morelia viridis, Cape York Australia",747781,8589904,54S,Australian Eastern Standard Time (Queensland),2003-11-11 11:34:00,2020-07-15, 
1319,2003-11-11 12:21:00,143.2820799,-12.74563658,radio-transmitter, ,#1006146677,17,"Green python Morelia viridis, Cape York Australia",747781,8589904,54S,Australian Eastern Standard Time (Queensland),2003-11-11 22:21:00,2020-07-15, 
1320,2003-11-12 00:54:00,143.2821805,-12.74555439,radio-transmitter, ,#1006146677,17,"Green python Morelia viridis, Cape York Australia",747792,8589913,54S,Australian Eastern Standard Time (Queensland),2003-11-12 10:54:00,2020-07-15, 
1321,2003-11-13 06:28:00,143.2821805,-12.74555439,radio-transmitter, ,#1006146677,17,"Green python Morelia viridis, Cape York Australia",747792,8589913,54S,Australian Eastern Standard Time (Queensland),2003-11-13 16:28:00,2020-07-15, 
1322,2003-11-14 01:10:00,143.2821805,-12.74555439,radio-transmitter, ,#1006146677,17,"Green python Morelia viridis, Cape York Australia",747792,8589913,54S,Australian Eastern Standard Time (Queensland),2003-11-14 11:10:00,2020-07-15, 
1323,2003-11-15 00:23:00,143.2822837,-12.74577037,radio-transmitter, ,#1006146677,17,"Green python Morelia viridis, Cape York Australia",747803,8589889,54S,Australian Eastern Standard Time (Queensland),2003-11-15 10:23:00,2020-07-15, 
1324,2003-11-16 00:48:00,143.2822837,-12.74577037,radio-transmitter, ,#1006146677,17,"Green python Morelia viridis, Cape York Australia",747803,8589889,54S,Australian Eastern Standard Time (Queensland),2003-11-16 10:48:00,2020-07-15, 
1325,2003-11-16 23:48:00,143.2823021,-12.74577021,radio-transmitter, ,#1006146677,17,"Green python Morelia viridis, Cape York Australia",747805,8589889,54S,Australian Eastern Standard Time (Queensland),2003-11-17 09:48:00,2020-07-15, 
1326,2003-11-18 01:06:00,143.2823021,-12.74577021,radio-transmitter, ,#1006146677,17,"Green python Morelia viridis, Cape York Australia",747805,8589889,54S,Australian Eastern Standard Time (Queensland),2003-11-18 11:06:00,2020-07-15, 
1327,2003-11-19 00:12:00,143.2823021,-12.74577021,radio-transmitter, ,#1006146677,17,"Green python Morelia viridis, Cape York Australia",747805,8589889,54S,Australian Eastern Standard Time (Queensland),2003-11-19 10:12:00,2020-07-15, 
1328,2003-11-19 23:40:00,143.2823019,-12.74575214,radio-transmitter, ,#1006146677,17,"Green python Morelia viridis, Cape York Australia",747805,8589891,54S,Australian Eastern Standard Time (Queensland),2003-11-20 09:40:00,2020-07-15, 
1329,2003-11-20 23:44:00,143.2823481,-12.74576981,radio-transmitter, ,#1006146677,17,"Green python Morelia viridis, Cape York Australia",747810,8589889,54S,Australian Eastern Standard Time (Queensland),2003-11-21 09:44:00,2020-07-15, 
1330,2003-11-22 01:06:00,143.2823481,-12.74576981,radio-transmitter, ,#1006146677,17,"Green python Morelia viridis, Cape York Australia",747810,8589889,54S,Australian Eastern Standard Time (Queensland),2003-11-22 11:06:00,2020-07-15, 
1331,2003-11-23 01:02:00,143.2823481,-12.74576981,radio-transmitter, ,#1006146677,17,"Green python Morelia viridis, Cape York Australia",747810,8589889,54S,Australian Eastern Standard Time (Queensland),2003-11-23 11:02:00,2020-07-15, 
1332,2003-11-24 01:17:00,143.2824136,-12.74588672,radio-transmitter, ,#1006146677,17,"Green python Morelia viridis, Cape York Australia",747817,8589876,54S,Australian Eastern Standard Time (Queensland),2003-11-24 11:17:00,2020-07-15, 
1333,2003-11-24 23:58:00,143.2824226,-12.74586857,radio-transmitter, ,#1006146677,17,"Green python Morelia viridis, Cape York Australia",747818,8589878,54S,Australian Eastern Standard Time (Queensland),2003-11-25 09:58:00,2020-07-15, 
1334,2003-11-25 12:35:00,143.2824041,-12.74585969,radio-transmitter, ,#1006146677,17,"Green python Morelia viridis, Cape York Australia",747816,8589879,54S,Australian Eastern Standard Time (Queensland),2003-11-25 22:35:00,2020-07-15, 
1335,2003-11-25 23:52:00,143.282423,-12.74591375,radio-transmitter, ,#1006146677,17,"Green python Morelia viridis, Cape York Australia",747818,8589873,54S,Australian Eastern Standard Time (Queensland),2003-11-26 09:52:00,2020-07-15, 
1336,2003-11-26 11:42:00,143.282387,-12.74600442,radio-transmitter, ,#1006146677,17,"Green python Morelia viridis, Cape York Australia",747814,8589863,54S,Australian Eastern Standard Time (Queensland),2003-11-26 21:42:00,2020-07-15, 
1337,2003-11-26 23:37:00,143.282387,-12.74600442,radio-transmitter, ,#1006146677,17,"Green python Morelia viridis, Cape York Australia",747814,8589863,54S,Australian Eastern Standard Time (Queensland),2003-11-27 09:37:00,2020-07-15, 
1338,2003-11-27 23:11:00,143.2823226,-12.74600498,radio-transmitter, ,#1006146677,17,"Green python Morelia viridis, Cape York Australia",747807,8589863,54S,Australian Eastern Standard Time (Queensland),2003-11-28 09:11:00,2020-07-15, 
1339,2003-11-28 23:10:00,143.282176,-12.74608757,radio-transmitter, ,#1006146677,17,"Green python Morelia viridis, Cape York Australia",747791,8589854,54S,Australian Eastern Standard Time (Queensland),2003-11-29 09:10:00,2020-07-15, 
1340,2003-11-29 03:08:00,143.282176,-12.74608757,radio-transmitter, ,#1006146677,17,"Green python Morelia viridis, Cape York Australia",747791,8589854,54S,Australian Eastern Standard Time (Queensland),2003-11-29 13:08:00,2020-07-15, 
1341,2003-11-29 10:17:00,143.282029,-12.74611595,radio-transmitter, ,#1006146677,17,"Green python Morelia viridis, Cape York Australia",747775,8589851,54S,Australian Eastern Standard Time (Queensland),2003-11-29 20:17:00,2020-07-15, 
1342,2003-11-30 00:33:00,143.28202,-12.74614314,radio-transmitter, ,#1006146677,17,"Green python Morelia viridis, Cape York Australia",747774,8589848,54S,Australian Eastern Standard Time (Queensland),2003-11-30 10:33:00,2020-07-15, 
1343,2003-11-30 23:34:00,143.2819549,-12.74607141,radio-transmitter, ,#1006146677,17,"Green python Morelia viridis, Cape York Australia",747767,8589856,54S,Australian Eastern Standard Time (Queensland),2003-12-01 09:34:00,2020-07-15, 
1344,2003-12-01 11:43:00,143.2819364,-12.7460535,radio-transmitter, ,#1006146677,17,"Green python Morelia viridis, Cape York Australia",747765,8589858,54S,Australian Eastern Standard Time (Queensland),2003-12-01 21:43:00,2020-07-15, 
1345,2003-12-01 23:38:00,143.2819177,-12.74602655,radio-transmitter, ,#1006146677,17,"Green python Morelia viridis, Cape York Australia",747763,8589861,54S,Australian Eastern Standard Time (Queensland),2003-12-02 09:38:00,2020-07-15, 
1346,2003-12-02 11:47:00,143.2819088,-12.74605373,radio-transmitter, ,#1006146677,17,"Green python Morelia viridis, Cape York Australia",747762,8589858,54S,Australian Eastern Standard Time (Queensland),2003-12-02 21:47:00,2020-07-15, 
1347,2003-12-03 05:20:00,143.281944,-12.7458727,radio-transmitter, ,#1006146677,17,"Green python Morelia viridis, Cape York Australia",747766,8589878,54S,Australian Eastern Standard Time (Queensland),2003-12-03 15:20:00,2020-07-15, 
1348,2003-12-04 00:44:00,143.2820086,-12.74589925,radio-transmitter, ,#1006146677,17,"Green python Morelia viridis, Cape York Australia",747773,8589875,54S,Australian Eastern Standard Time (Queensland),2003-12-04 10:44:00,2020-07-15, 
1349,2003-12-05 00:55:00,143.2820091,-12.74595347,radio-transmitter, ,#1006146677,17,"Green python Morelia viridis, Cape York Australia",747773,8589869,54S,Australian Eastern Standard Time (Queensland),2003-12-05 10:55:00,2020-07-15, 
1350,2003-12-06 01:17:00,143.2820091,-12.74595347,radio-transmitter, ,#1006146677,17,"Green python Morelia viridis, Cape York Australia",747773,8589869,54S,Australian Eastern Standard Time (Queensland),2003-12-06 11:17:00,2020-07-15, 
1351,2003-12-19 00:27:00,143.2817482,-12.74662441,radio-transmitter, ,#1006146677,17,"Green python Morelia viridis, Cape York Australia",747744,8589795,54S,Australian Eastern Standard Time (Queensland),2003-12-19 10:27:00,2020-07-15, 
1352,2003-12-20 00:53:00,143.2816551,-12.74651678,radio-transmitter, ,#1006146677,17,"Green python Morelia viridis, Cape York Australia",747734,8589807,54S,Australian Eastern Standard Time (Queensland),2003-12-20 10:53:00,2020-07-15, 
1353,2003-12-21 06:02:00,143.2816551,-12.74651678,radio-transmitter, ,#1006146677,17,"Green python Morelia viridis, Cape York Australia",747734,8589807,54S,Australian Eastern Standard Time (Queensland),2003-12-21 16:02:00,2020-07-15, 
1354,2003-12-21 23:48:00,143.2816735,-12.74650758,radio-transmitter, ,#1006146677,17,"Green python Morelia viridis, Cape York Australia",747736,8589808,54S,Australian Eastern Standard Time (Queensland),2003-12-22 09:48:00,2020-07-15, 
1355,2003-12-22 11:32:00,143.2816737,-12.74653469,radio-transmitter, ,#1006146677,17,"Green python Morelia viridis, Cape York Australia",747736,8589805,54S,Australian Eastern Standard Time (Queensland),2003-12-22 21:32:00,2020-07-15, 
1356,2003-12-23 07:55:00,143.2816735,-12.74650758,radio-transmitter, ,#1006146677,17,"Green python Morelia viridis, Cape York Australia",747736,8589808,54S,Australian Eastern Standard Time (Queensland),2003-12-23 17:55:00,2020-07-15, 
1357,2003-12-23 10:32:00,143.2816737,-12.74653469,radio-transmitter, ,#1006146677,17,"Green python Morelia viridis, Cape York Australia",747736,8589805,54S,Australian Eastern Standard Time (Queensland),2003-12-23 20:32:00,2020-07-15, 
1358,2003-12-23 23:34:00,143.2816735,-12.74650758,radio-transmitter, ,#1006146677,17,"Green python Morelia viridis, Cape York Australia",747736,8589808,54S,Australian Eastern Standard Time (Queensland),2003-12-24 09:34:00,2020-07-15, 
1359,2003-12-24 10:55:00,143.2816737,-12.74653469,radio-transmitter, ,#1006146677,17,"Green python Morelia viridis, Cape York Australia",747736,8589805,54S,Australian Eastern Standard Time (Queensland),2003-12-24 20:55:00,2020-07-15, 
1360,2003-12-25 00:46:00,143.2816735,-12.74650758,radio-transmitter, ,#1006146677,17,"Green python Morelia viridis, Cape York Australia",747736,8589808,54S,Australian Eastern Standard Time (Queensland),2003-12-25 10:46:00,2020-07-15, 
1361,2003-12-26 00:25:00,143.2816735,-12.74650758,radio-transmitter, ,#1006146677,17,"Green python Morelia viridis, Cape York Australia",747736,8589808,54S,Australian Eastern Standard Time (Queensland),2003-12-26 10:25:00,2020-07-15, 
1362,2003-12-26 11:53:00,143.2816737,-12.74653469,radio-transmitter, ,#1006146677,17,"Green python Morelia viridis, Cape York Australia",747736,8589805,54S,Australian Eastern Standard Time (Queensland),2003-12-26 21:53:00,2020-07-15, 
1363,2003-12-27 00:19:00,143.2816735,-12.74650758,radio-transmitter, ,#1006146677,17,"Green python Morelia viridis, Cape York Australia",747736,8589808,54S,Australian Eastern Standard Time (Queensland),2003-12-27 10:19:00,2020-07-15, 
1364,2003-12-27 10:49:00,143.2816737,-12.74653469,radio-transmitter, ,#1006146677,17,"Green python Morelia viridis, Cape York Australia",747736,8589805,54S,Australian Eastern Standard Time (Queensland),2003-12-27 20:49:00,2020-07-15, 
1365,2003-12-28 02:47:00,143.2816736,-12.74651662,radio-transmitter, ,#1006146677,17,"Green python Morelia viridis, Cape York Australia",747736,8589807,54S,Australian Eastern Standard Time (Queensland),2003-12-28 12:47:00,2020-07-15, 
1366,2003-12-28 10:18:00,143.2817478,-12.74657923,radio-transmitter, ,#1006146677,17,"Green python Morelia viridis, Cape York Australia",747744,8589800,54S,Australian Eastern Standard Time (Queensland),2003-12-28 20:18:00,2020-07-15, 
1367,2003-12-29 01:07:00,143.2818044,-12.74673236,radio-transmitter, ,#1006146677,17,"Green python Morelia viridis, Cape York Australia",747750,8589783,54S,Australian Eastern Standard Time (Queensland),2003-12-29 11:07:00,2020-07-15, 
1368,2003-12-29 10:59:00,143.2817586,-12.74675987,radio-transmitter, ,#1006146677,17,"Green python Morelia viridis, Cape York Australia",747745,8589780,54S,Australian Eastern Standard Time (Queensland),2003-12-29 20:59:00,2020-07-15, 
1369,2003-12-29 20:12:00,143.2817856,-12.74669638,radio-transmitter, ,#1006146677,17,"Green python Morelia viridis, Cape York Australia",747748,8589787,54S,Australian Eastern Standard Time (Queensland),2003-12-30 06:12:00,2020-07-15, 
1370,2003-12-30 11:04:00,143.2817211,-12.7466879,radio-transmitter, ,#1006146677,17,"Green python Morelia viridis, Cape York Australia",747741,8589788,54S,Australian Eastern Standard Time (Queensland),2003-12-30 21:04:00,2020-07-15, 
1371,2003-12-30 22:50:00,143.2817395,-12.74668774,radio-transmitter, ,#1006146677,17,"Green python Morelia viridis, Cape York Australia",747743,8589788,54S,Australian Eastern Standard Time (Queensland),2003-12-31 08:50:00,2020-07-15, 
1372,2003-12-31 11:45:00,143.2817116,-12.74665184,radio-transmitter, ,#1006146677,17,"Green python Morelia viridis, Cape York Australia",747740,8589792,54S,Australian Eastern Standard Time (Queensland),2003-12-31 21:45:00,2020-07-15, 
1373,2003-12-31 23:27:00,143.2817935,-12.74654269,radio-transmitter, ,#1006146677,17,"Green python Morelia viridis, Cape York Australia",747749,8589804,54S,Australian Eastern Standard Time (Queensland),2004-01-01 09:27:00,2020-07-15, 
1374,2004-01-01 11:15:00,143.2817116,-12.74665184,radio-transmitter, ,#1006146677,17,"Green python Morelia viridis, Cape York Australia",747740,8589792,54S,Australian Eastern Standard Time (Queensland),2004-01-01 21:15:00,2020-07-15, 
1375,2004-01-02 01:23:00,143.2817116,-12.74665184,radio-transmitter, ,#1006146677,17,"Green python Morelia viridis, Cape York Australia",747740,8589792,54S,Australian Eastern Standard Time (Queensland),2004-01-02 11:23:00,2020-07-15, 
1376,2004-01-02 22:53:00,143.2817116,-12.74665184,radio-transmitter, ,#1006146677,17,"Green python Morelia viridis, Cape York Australia",747740,8589792,54S,Australian Eastern Standard Time (Queensland),2004-01-03 08:53:00,2020-07-15, 
1377,2004-01-05 00:03:00,143.2817116,-12.74665184,radio-transmitter, ,#1006146677,17,"Green python Morelia viridis, Cape York Australia",747740,8589792,54S,Australian Eastern Standard Time (Queensland),2004-01-05 10:03:00,2020-07-15, 
1378,2004-01-07 23:58:00,143.28161,-12.74661657,radio-transmitter, ,#1006146677,17,"Green python Morelia viridis, Cape York Australia",747729,8589796,54S,Australian Eastern Standard Time (Queensland),2004-01-08 09:58:00,2020-07-15, 
1379,2004-01-08 22:35:00,143.2818761,-12.74652391,radio-transmitter, ,#1006146677,17,"Green python Morelia viridis, Cape York Australia",747758,8589806,54S,Australian Eastern Standard Time (Queensland),2004-01-09 08:35:00,2020-07-15, 
1380,2004-01-10 01:36:00,143.2817107,-12.74655244,radio-transmitter, ,#1006146677,17,"Green python Morelia viridis, Cape York Australia",747740,8589803,54S,Australian Eastern Standard Time (Queensland),2004-01-10 11:36:00,2020-07-15, 
1381,2004-01-10 10:15:00,143.2817107,-12.74655244,radio-transmitter, ,#1006146677,17,"Green python Morelia viridis, Cape York Australia",747740,8589803,54S,Australian Eastern Standard Time (Queensland),2004-01-10 20:15:00,2020-07-15, 
1382,2004-01-10 23:05:00,143.2816918,-12.74649839,radio-transmitter, ,#1006146677,17,"Green python Morelia viridis, Cape York Australia",747738,8589809,54S,Australian Eastern Standard Time (Queensland),2004-01-11 09:05:00,2020-07-15, 
1383,2004-01-11 23:31:00,143.2817194,-12.74649815,radio-transmitter, ,#1006146677,17,"Green python Morelia viridis, Cape York Australia",747741,8589809,54S,Australian Eastern Standard Time (Queensland),2004-01-12 09:31:00,2020-07-15, 
1384,2004-01-12 23:09:00,143.281738,-12.74651606,radio-transmitter, ,#1006146677,17,"Green python Morelia viridis, Cape York Australia",747743,8589807,54S,Australian Eastern Standard Time (Queensland),2004-01-13 09:09:00,2020-07-15, 
1385,2004-01-13 22:40:00,143.281738,-12.74651606,radio-transmitter, ,#1006146677,17,"Green python Morelia viridis, Cape York Australia",747743,8589807,54S,Australian Eastern Standard Time (Queensland),2004-01-14 08:40:00,2020-07-15, 
1386,2004-01-17 00:02:00,143.2813816,-12.7468083,radio-transmitter, ,#1006146677,17,"Green python Morelia viridis, Cape York Australia",747704,8589775,54S,Australian Eastern Standard Time (Queensland),2004-01-17 10:02:00,2020-07-15, 
1387,2004-01-17 23:31:00,143.2813445,-12.74678151,radio-transmitter, ,#1006146677,17,"Green python Morelia viridis, Cape York Australia",747700,8589778,54S,Australian Eastern Standard Time (Queensland),2004-01-18 09:31:00,2020-07-15, 
1388,2004-01-18 22:28:00,143.2813724,-12.74680838,radio-transmitter, ,#1006146677,17,"Green python Morelia viridis, Cape York Australia",747703,8589775,54S,Australian Eastern Standard Time (Queensland),2004-01-19 08:28:00,2020-07-15, 
1389,2004-01-21 00:03:00,143.2813734,-12.74692585,radio-transmitter, ,#1006146677,17,"Green python Morelia viridis, Cape York Australia",747703,8589762,54S,Australian Eastern Standard Time (Queensland),2004-01-21 10:03:00,2020-07-15, 
1390,2004-01-21 12:11:00,143.2815394,-12.74695152,radio-transmitter, ,#1006146677,17,"Green python Morelia viridis, Cape York Australia",747721,8589759,54S,Australian Eastern Standard Time (Queensland),2004-01-21 22:11:00,2020-07-15, 
1391,2004-01-22 00:55:00,143.2815214,-12.7470059,radio-transmitter, ,#1006146677,17,"Green python Morelia viridis, Cape York Australia",747719,8589753,54S,Australian Eastern Standard Time (Queensland),2004-01-22 10:55:00,2020-07-15, 
1392,2004-01-23 01:12:00,143.2815581,-12.74698751,radio-transmitter, ,#1006146677,17,"Green python Morelia viridis, Cape York Australia",747723,8589755,54S,Australian Eastern Standard Time (Queensland),2004-01-23 11:12:00,2020-07-15, 
1393,2004-01-24 00:14:00,143.2814383,-12.74697047,radio-transmitter, ,#1006146677,17,"Green python Morelia viridis, Cape York Australia",747710,8589757,54S,Australian Eastern Standard Time (Queensland),2004-01-24 10:14:00,2020-07-15, 
1394,2004-01-25 00:23:00,143.2814383,-12.74697047,radio-transmitter, ,#1006146677,17,"Green python Morelia viridis, Cape York Australia",747710,8589757,54S,Australian Eastern Standard Time (Queensland),2004-01-25 10:23:00,2020-07-15, 
1395,2004-01-27 00:27:00,143.281133,-12.74680141,radio-transmitter, ,#1006146677,17,"Green python Morelia viridis, Cape York Australia",747677,8589776,54S,Australian Eastern Standard Time (Queensland),2004-01-27 10:27:00,2020-07-15, 
1396,2004-01-28 05:49:00,143.2807127,-12.74612731,radio-transmitter, ,#1006146677,17,"Green python Morelia viridis, Cape York Australia",747632,8589851,54S,Australian Eastern Standard Time (Queensland),2004-01-28 15:49:00,2020-07-15, 
1397,2004-01-28 09:03:00,143.280731,-12.74611811,radio-transmitter, ,#1006146677,17,"Green python Morelia viridis, Cape York Australia",747634,8589852,54S,Australian Eastern Standard Time (Queensland),2004-01-28 19:03:00,2020-07-15, 
1398,2004-01-29 00:37:00,143.2807127,-12.74612731,radio-transmitter, ,#1006146677,17,"Green python Morelia viridis, Cape York Australia",747632,8589851,54S,Australian Eastern Standard Time (Queensland),2004-01-29 10:37:00,2020-07-15, 
1399,2004-01-29 11:58:00,143.280731,-12.74611811,radio-transmitter, ,#1006146677,17,"Green python Morelia viridis, Cape York Australia",747634,8589852,54S,Australian Eastern Standard Time (Queensland),2004-01-29 21:58:00,2020-07-15, 
1400,2004-01-30 05:20:00,143.2807498,-12.74616313,radio-transmitter, ,#1006146677,17,"Green python Morelia viridis, Cape York Australia",747636,8589847,54S,Australian Eastern Standard Time (Queensland),2004-01-30 15:20:00,2020-07-15, 
1401,2004-01-30 10:27:00,143.2807772,-12.74613579,radio-transmitter, ,#1006146677,17,"Green python Morelia viridis, Cape York Australia",747639,8589850,54S,Australian Eastern Standard Time (Queensland),2004-01-30 20:27:00,2020-07-15, 
1402,2004-01-31 01:02:00,143.2807849,-12.74596403,radio-transmitter, ,#1006146677,17,"Green python Morelia viridis, Cape York Australia",747640,8589869,54S,Australian Eastern Standard Time (Queensland),2004-01-31 11:02:00,2020-07-15, 
1403,2004-01-31 10:10:00,143.2807845,-12.74592789,radio-transmitter, ,#1006146677,17,"Green python Morelia viridis, Cape York Australia",747640,8589873,54S,Australian Eastern Standard Time (Queensland),2004-01-31 20:10:00,2020-07-15, 
1404,2004-02-01 00:19:00,143.2807849,-12.74596403,radio-transmitter, ,#1006146677,17,"Green python Morelia viridis, Cape York Australia",747640,8589869,54S,Australian Eastern Standard Time (Queensland),2004-02-01 10:19:00,2020-07-15, 
1405,2004-02-01 11:36:00,143.2807756,-12.74595507,radio-transmitter, ,#1006146677,17,"Green python Morelia viridis, Cape York Australia",747639,8589870,54S,Australian Eastern Standard Time (Queensland),2004-02-01 21:36:00,2020-07-15, 
1406,2004-02-01 23:16:00,143.2808026,-12.74589159,radio-transmitter, ,#1006146677,17,"Green python Morelia viridis, Cape York Australia",747642,8589877,54S,Australian Eastern Standard Time (Queensland),2004-02-02 09:16:00,2020-07-15, 
1407,2004-02-02 10:23:00,143.2808115,-12.74585536,radio-transmitter, ,#1006146677,17,"Green python Morelia viridis, Cape York Australia",747643,8589881,54S,Australian Eastern Standard Time (Queensland),2004-02-02 20:23:00,2020-07-15, 
1408,2004-02-02 23:46:00,143.2808113,-12.74583729,radio-transmitter, ,#1006146677,17,"Green python Morelia viridis, Cape York Australia",747643,8589883,54S,Australian Eastern Standard Time (Queensland),2004-02-03 09:46:00,2020-07-15, 
1409,2004-02-03 23:24:00,143.2808113,-12.74583729,radio-transmitter, ,#1006146677,17,"Green python Morelia viridis, Cape York Australia",747643,8589883,54S,Australian Eastern Standard Time (Queensland),2004-02-04 09:24:00,2020-07-15, 
1410,2004-02-05 03:17:00,143.2808113,-12.74583729,radio-transmitter, ,#1006146677,17,"Green python Morelia viridis, Cape York Australia",747643,8589883,54S,Australian Eastern Standard Time (Queensland),2004-02-05 13:17:00,2020-07-15, 
1411,2004-02-05 09:51:00,143.2808018,-12.74580123,radio-transmitter, ,#1006146677,17,"Green python Morelia viridis, Cape York Australia",747642,8589887,54S,Australian Eastern Standard Time (Queensland),2004-02-05 19:51:00,2020-07-15, 
1412,2004-02-06 01:02:00,143.2808013,-12.74573798,radio-transmitter, ,#1006146677,17,"Green python Morelia viridis, Cape York Australia",747642,8589894,54S,Australian Eastern Standard Time (Queensland),2004-02-06 11:02:00,2020-07-15, 
1413,2004-02-08 02:32:00,143.2808838,-12.74570112,radio-transmitter, ,#1006146677,17,"Green python Morelia viridis, Cape York Australia",747651,8589898,54S,Australian Eastern Standard Time (Queensland),2004-02-08 12:32:00,2020-07-15, 
1414,2004-02-10 00:03:00,143.2809305,-12.74578205,radio-transmitter, ,#1006146677,17,"Green python Morelia viridis, Cape York Australia",747656,8589889,54S,Australian Eastern Standard Time (Queensland),2004-02-10 10:03:00,2020-07-15, 
1415,2004-02-12 00:10:00,143.2805697,-12.74557732,radio-transmitter, ,#1006146677,17,"Green python Morelia viridis, Cape York Australia",747617,8589912,54S,Australian Eastern Standard Time (Queensland),2004-02-12 10:10:00,2020-07-15, 
1416,2004-02-13 23:44:00,143.2805689,-12.745496,radio-transmitter, ,#1006146677,17,"Green python Morelia viridis, Cape York Australia",747617,8589921,54S,Australian Eastern Standard Time (Queensland),2004-02-14 09:44:00,2020-07-15, 
1417,2004-02-17 01:12:00,143.2805414,-12.74550528,radio-transmitter, ,#1006146677,17,"Green python Morelia viridis, Cape York Australia",747614,8589920,54S,Australian Eastern Standard Time (Queensland),2004-02-17 11:12:00,2020-07-15, 
1418,2004-02-18 23:30:00,143.2805414,-12.74550528,radio-transmitter, ,#1006146677,17,"Green python Morelia viridis, Cape York Australia",747614,8589920,54S,Australian Eastern Standard Time (Queensland),2004-02-19 09:30:00,2020-07-15, 
1419,2004-02-20 23:10:00,143.2805414,-12.74550528,radio-transmitter, ,#1006146677,17,"Green python Morelia viridis, Cape York Australia",747614,8589920,54S,Australian Eastern Standard Time (Queensland),2004-02-21 09:10:00,2020-07-15, 
1420,2004-02-22 23:30:00,143.2805414,-12.74550528,radio-transmitter, ,#1006146677,17,"Green python Morelia viridis, Cape York Australia",747614,8589920,54S,Australian Eastern Standard Time (Queensland),2004-02-23 09:30:00,2020-07-15, 
1421,2004-02-24 23:58:00,143.280569,-12.74550504,radio-transmitter, ,#1006146677,17,"Green python Morelia viridis, Cape York Australia",747617,8589920,54S,Australian Eastern Standard Time (Queensland),2004-02-25 09:58:00,2020-07-15, 
1422,2004-02-27 01:46:00,143.2806256,-12.74565817,radio-transmitter, ,#1006146677,17,"Green python Morelia viridis, Cape York Australia",747623,8589903,54S,Australian Eastern Standard Time (Queensland),2004-02-27 11:46:00,2020-07-15, 
1423,2004-03-01 03:26:00,143.2799812,-12.74565469,radio-transmitter, ,#1006146677,17,"Green python Morelia viridis, Cape York Australia",747553,8589904,54S,Australian Eastern Standard Time (Queensland),2004-03-01 13:26:00,2020-07-15, 
1424,2004-03-03 01:42:00,143.2796248,-12.74594693,radio-transmitter, ,#1006146677,17,"Green python Morelia viridis, Cape York Australia",747514,8589872,54S,Australian Eastern Standard Time (Queensland),2004-03-03 11:42:00,2020-07-15, 
1425,2004-03-06 02:17:00,143.2794869,-12.74596619,radio-transmitter, ,#1006146677,17,"Green python Morelia viridis, Cape York Australia",747499,8589870,54S,Australian Eastern Standard Time (Queensland),2004-03-06 12:17:00,2020-07-15, 
1426,2004-03-08 01:59:00,143.2794502,-12.74598458,radio-transmitter, ,#1006146677,17,"Green python Morelia viridis, Cape York Australia",747495,8589868,54S,Australian Eastern Standard Time (Queensland),2004-03-08 11:59:00,2020-07-15, 
1427,2004-03-10 02:19:00,143.2793233,-12.74620254,radio-transmitter, ,#1006146677,17,"Green python Morelia viridis, Cape York Australia",747481,8589844,54S,Australian Eastern Standard Time (Queensland),2004-03-10 12:19:00,2020-07-15, 
1428,2004-03-14 02:58:00,143.2795634,-12.74629084,radio-transmitter, ,#1006146677,17,"Green python Morelia viridis, Cape York Australia",747507,8589834,54S,Australian Eastern Standard Time (Queensland),2004-03-14 12:58:00,2020-07-15, 
1429,2004-03-16 02:09:00,143.2795659,-12.74656191,radio-transmitter, ,#1006146677,17,"Green python Morelia viridis, Cape York Australia",747507,8589804,54S,Australian Eastern Standard Time (Queensland),2004-03-16 12:09:00,2020-07-15, 
1430,2004-03-19 02:19:00,143.2795659,-12.74656191,radio-transmitter, ,#1006146677,17,"Green python Morelia viridis, Cape York Australia",747507,8589804,54S,Australian Eastern Standard Time (Queensland),2004-03-19 12:19:00,2020-07-15, 
1431,2004-03-21 02:47:00,143.2792631,-12.74667296,radio-transmitter, ,#1006146677,17,"Green python Morelia viridis, Cape York Australia",747474,8589792,54S,Australian Eastern Standard Time (Queensland),2004-03-21 12:47:00,2020-07-15, 
1432,2004-03-23 02:51:00,143.2792292,-12.74699856,radio-transmitter, ,#1006146677,17,"Green python Morelia viridis, Cape York Australia",747470,8589756,54S,Australian Eastern Standard Time (Queensland),2004-03-23 12:51:00,2020-07-15, 
1433,2004-03-25 00:02:00,143.2793833,-12.74673517,radio-transmitter, ,#1006146677,17,"Green python Morelia viridis, Cape York Australia",747487,8589785,54S,Australian Eastern Standard Time (Queensland),2004-03-25 10:02:00,2020-07-15, 
1434,2004-03-26 00:55:00,143.2793833,-12.74673517,radio-transmitter, ,#1006146677,17,"Green python Morelia viridis, Cape York Australia",747487,8589785,54S,Australian Eastern Standard Time (Queensland),2004-03-26 10:55:00,2020-07-15, 
1435,2004-03-28 06:37:00,143.2793833,-12.74673517,radio-transmitter, ,#1006146677,17,"Green python Morelia viridis, Cape York Australia",747487,8589785,54S,Australian Eastern Standard Time (Queensland),2004-03-28 16:37:00,2020-07-15, 
1436,2004-03-30 01:25:00,143.2794106,-12.74669879,radio-transmitter, ,#1006146677,17,"Green python Morelia viridis, Cape York Australia",747490,8589789,54S,Australian Eastern Standard Time (Queensland),2004-03-30 11:25:00,2020-07-15, 
1437,2004-04-01 02:57:00,143.2794106,-12.74669879,radio-transmitter, ,#1006146677,17,"Green python Morelia viridis, Cape York Australia",747490,8589789,54S,Australian Eastern Standard Time (Queensland),2004-04-01 12:57:00,2020-07-15, 
1438,2004-04-02 05:18:00,143.2794106,-12.74669879,radio-transmitter, ,#1006146677,17,"Green python Morelia viridis, Cape York Australia",747490,8589789,54S,Australian Eastern Standard Time (Queensland),2004-04-02 15:18:00,2020-07-15, 
1439,2003-01-16 11:27:00,143.2832564,-12.73104172,radio-transmitter, ,#1006146681,18,"Green python Morelia viridis, Cape York Australia",747923,8591518,54S,Australian Eastern Standard Time (Queensland),2003-01-16 21:27:00,2020-07-15, 
1440,2003-01-24 07:40:00,143.2834307,-12.73097696,radio-transmitter, ,#1006146681,18,"Green python Morelia viridis, Cape York Australia",747942,8591525,54S,Australian Eastern Standard Time (Queensland),2003-01-24 17:40:00,2020-07-15, 
1441,2003-01-25 06:05:00,143.2834313,-12.73104021,radio-transmitter, ,#1006146681,18,"Green python Morelia viridis, Cape York Australia",747942,8591518,54S,Australian Eastern Standard Time (Queensland),2003-01-25 16:05:00,2020-07-15, 
1442,2003-01-26 05:55:00,143.2837069,-12.73097458,radio-transmitter, ,#1006146681,18,"Green python Morelia viridis, Cape York Australia",747972,8591525,54S,Australian Eastern Standard Time (Queensland),2003-01-26 15:55:00,2020-07-15, 
1443,2003-01-27 00:33:00,143.2837438,-12.7309833,radio-transmitter, ,#1006146681,18,"Green python Morelia viridis, Cape York Australia",747976,8591524,54S,Australian Eastern Standard Time (Queensland),2003-01-27 10:33:00,2020-07-15, 
1444,2003-01-28 06:56:00,143.2837438,-12.7309833,radio-transmitter, ,#1006146681,18,"Green python Morelia viridis, Cape York Australia",747976,8591524,54S,Australian Eastern Standard Time (Queensland),2003-01-28 16:56:00,2020-07-15, 
1445,2003-01-29 07:40:00,143.2837438,-12.7309833,radio-transmitter, ,#1006146681,18,"Green python Morelia viridis, Cape York Australia",747976,8591524,54S,Australian Eastern Standard Time (Queensland),2003-01-29 17:40:00,2020-07-15, 
1446,2003-01-30 06:20:00,143.2837436,-12.73096523,radio-transmitter, ,#1006146681,18,"Green python Morelia viridis, Cape York Australia",747976,8591526,54S,Australian Eastern Standard Time (Queensland),2003-01-30 16:20:00,2020-07-15, 
1447,2003-02-01 00:40:00,143.2837436,-12.73096523,radio-transmitter, ,#1006146681,18,"Green python Morelia viridis, Cape York Australia",747976,8591526,54S,Australian Eastern Standard Time (Queensland),2003-02-01 10:40:00,2020-07-15, 
1448,2003-02-03 07:20:00,143.2837436,-12.73096523,radio-transmitter, ,#1006146681,18,"Green python Morelia viridis, Cape York Australia",747976,8591526,54S,Australian Eastern Standard Time (Queensland),2003-02-03 17:20:00,2020-07-15, 
1449,2003-02-05 02:50:00,143.2837436,-12.73096523,radio-transmitter, ,#1006146681,18,"Green python Morelia viridis, Cape York Australia",747976,8591526,54S,Australian Eastern Standard Time (Queensland),2003-02-05 12:50:00,2020-07-15, 
1450,2003-02-07 07:45:00,143.2837435,-12.73095619,radio-transmitter, ,#1006146681,18,"Green python Morelia viridis, Cape York Australia",747976,8591527,54S,Australian Eastern Standard Time (Queensland),2003-02-07 17:45:00,2020-07-15, 
1451,2003-02-09 01:55:00,143.2837986,-12.73093765,radio-transmitter, ,#1006146681,18,"Green python Morelia viridis, Cape York Australia",747982,8591529,54S,Australian Eastern Standard Time (Queensland),2003-02-09 11:55:00,2020-07-15, 
1452,2003-02-11 07:15:00,143.2837986,-12.73093765,radio-transmitter, ,#1006146681,18,"Green python Morelia viridis, Cape York Australia",747982,8591529,54S,Australian Eastern Standard Time (Queensland),2003-02-11 17:15:00,2020-07-15, 
1453,2003-02-13 01:57:00,143.2837986,-12.73093765,radio-transmitter, ,#1006146681,18,"Green python Morelia viridis, Cape York Australia",747982,8591529,54S,Australian Eastern Standard Time (Queensland),2003-02-13 11:57:00,2020-07-15, 
1454,2003-02-15 02:15:00,143.2837895,-12.7309558,radio-transmitter, ,#1006146681,18,"Green python Morelia viridis, Cape York Australia",747981,8591527,54S,Australian Eastern Standard Time (Queensland),2003-02-15 12:15:00,2020-07-15, 
1455,2003-02-16 23:26:00,143.2839734,-12.7309271,radio-transmitter, ,#1006146681,18,"Green python Morelia viridis, Cape York Australia",748001,8591530,54S,Australian Eastern Standard Time (Queensland),2003-02-17 09:26:00,2020-07-15, 
1456,2003-02-20 23:53:00,143.2839734,-12.7309271,radio-transmitter, ,#1006146681,18,"Green python Morelia viridis, Cape York Australia",748001,8591530,54S,Australian Eastern Standard Time (Queensland),2003-02-21 09:53:00,2020-07-15, 
1457,2003-02-22 05:58:00,143.2839734,-12.7309271,radio-transmitter, ,#1006146681,18,"Green python Morelia viridis, Cape York Australia",748001,8591530,54S,Australian Eastern Standard Time (Queensland),2003-02-22 15:58:00,2020-07-15, 
1458,2003-02-23 00:55:00,143.2839734,-12.7309271,radio-transmitter, ,#1006146681,18,"Green python Morelia viridis, Cape York Australia",748001,8591530,54S,Australian Eastern Standard Time (Queensland),2003-02-23 10:55:00,2020-07-15, 
1459,2003-02-25 05:13:00,143.2840008,-12.73089976,radio-transmitter, ,#1006146681,18,"Green python Morelia viridis, Cape York Australia",748004,8591533,54S,Australian Eastern Standard Time (Queensland),2003-02-25 15:13:00,2020-07-15, 
1460,2003-02-27 04:55:00,143.2840008,-12.73089976,radio-transmitter, ,#1006146681,18,"Green python Morelia viridis, Cape York Australia",748004,8591533,54S,Australian Eastern Standard Time (Queensland),2003-02-27 14:55:00,2020-07-15, 
1461,2003-03-01 00:26:00,143.2840008,-12.73089976,radio-transmitter, ,#1006146681,18,"Green python Morelia viridis, Cape York Australia",748004,8591533,54S,Australian Eastern Standard Time (Queensland),2003-03-01 10:26:00,2020-07-15, 
1462,2003-03-04 05:27:00,143.2840008,-12.73089976,radio-transmitter, ,#1006146681,18,"Green python Morelia viridis, Cape York Australia",748004,8591533,54S,Australian Eastern Standard Time (Queensland),2003-03-04 15:27:00,2020-07-15, 
1463,2003-03-07 05:20:00,143.2840008,-12.73089976,radio-transmitter, ,#1006146681,18,"Green python Morelia viridis, Cape York Australia",748004,8591533,54S,Australian Eastern Standard Time (Queensland),2003-03-07 15:20:00,2020-07-15, 
1464,2003-03-09 05:02:00,143.2840281,-12.73087241,radio-transmitter, ,#1006146681,18,"Green python Morelia viridis, Cape York Australia",748007,8591536,54S,Australian Eastern Standard Time (Queensland),2003-03-09 15:02:00,2020-07-15, 
1465,2003-03-13 00:48:00,143.2839823,-12.73089088,radio-transmitter, ,#1006146681,18,"Green python Morelia viridis, Cape York Australia",748002,8591534,54S,Australian Eastern Standard Time (Queensland),2003-03-13 10:48:00,2020-07-15, 
1466,2003-03-15 01:36:00,143.284331,-12.7307704,radio-transmitter, ,#1006146681,18,"Green python Morelia viridis, Cape York Australia",748040,8591547,54S,Australian Eastern Standard Time (Queensland),2003-03-15 11:36:00,2020-07-15, 
1467,2003-03-17 02:32:00,143.2844585,-12.73061568,radio-transmitter, ,#1006146681,18,"Green python Morelia viridis, Cape York Australia",748054,8591564,54S,Australian Eastern Standard Time (Queensland),2003-03-17 12:32:00,2020-07-15, 
1468,2003-03-27 05:10:00,143.2846505,-12.73047848,radio-transmitter, ,#1006146681,18,"Green python Morelia viridis, Cape York Australia",748075,8591579,54S,Australian Eastern Standard Time (Queensland),2003-03-27 15:10:00,2020-07-15, 
1469,2003-03-29 04:35:00,143.2843632,-12.73025505,radio-transmitter, ,#1006146681,18,"Green python Morelia viridis, Cape York Australia",748044,8591604,54S,Australian Eastern Standard Time (Queensland),2003-03-29 14:35:00,2020-07-15, 
1470,2003-04-01 05:37:00,143.2843632,-12.73025505,radio-transmitter, ,#1006146681,18,"Green python Morelia viridis, Cape York Australia",748044,8591604,54S,Australian Eastern Standard Time (Queensland),2003-04-01 15:37:00,2020-07-15, 
1471,2003-04-03 05:22:00,143.2843632,-12.73025505,radio-transmitter, ,#1006146681,18,"Green python Morelia viridis, Cape York Australia",748044,8591604,54S,Australian Eastern Standard Time (Queensland),2003-04-03 15:22:00,2020-07-15, 
1472,2003-04-07 04:56:00,143.2843632,-12.73025505,radio-transmitter, ,#1006146681,18,"Green python Morelia viridis, Cape York Australia",748044,8591604,54S,Australian Eastern Standard Time (Queensland),2003-04-07 14:56:00,2020-07-15, 
1473,2003-04-09 04:38:00,143.2843632,-12.73025505,radio-transmitter, ,#1006146681,18,"Green python Morelia viridis, Cape York Australia",748044,8591604,54S,Australian Eastern Standard Time (Queensland),2003-04-09 14:38:00,2020-07-15, 
1474,2003-04-09 23:49:00,143.2843632,-12.73025505,radio-transmitter, ,#1006146681,18,"Green python Morelia viridis, Cape York Australia",748044,8591604,54S,Australian Eastern Standard Time (Queensland),2003-04-10 09:49:00,2020-07-15, 
1475,2003-04-11 03:50:00,143.2843632,-12.73025505,radio-transmitter, ,#1006146681,18,"Green python Morelia viridis, Cape York Australia",748044,8591604,54S,Australian Eastern Standard Time (Queensland),2003-04-11 13:50:00,2020-07-15, 
1476,2003-04-12 01:29:00,143.2843632,-12.73025505,radio-transmitter, ,#1006146681,18,"Green python Morelia viridis, Cape York Australia",748044,8591604,54S,Australian Eastern Standard Time (Queensland),2003-04-12 11:29:00,2020-07-15, 
1477,2003-05-23 01:56:00,143.2845881,-12.73172603,radio-transmitter, ,#1006146681,18,"Green python Morelia viridis, Cape York Australia",748067,8591441,54S,Australian Eastern Standard Time (Queensland),2003-05-23 11:56:00,2020-07-15, 
1478,2003-05-24 03:20:00,143.2848459,-12.73173284,radio-transmitter, ,#1006146681,18,"Green python Morelia viridis, Cape York Australia",748095,8591440,54S,Australian Eastern Standard Time (Queensland),2003-05-24 13:20:00,2020-07-15, 
1479,2003-05-25 00:52:00,143.2849212,-12.73192196,radio-transmitter, ,#1006146681,18,"Green python Morelia viridis, Cape York Australia",748103,8591419,54S,Australian Eastern Standard Time (Queensland),2003-05-25 10:52:00,2020-07-15, 
1480,2003-05-26 03:44:00,143.2849122,-12.73194011,radio-transmitter, ,#1006146681,18,"Green python Morelia viridis, Cape York Australia",748102,8591417,54S,Australian Eastern Standard Time (Queensland),2003-05-26 13:44:00,2020-07-15, 
1481,2003-05-26 11:20:00,143.2849122,-12.73194011,radio-transmitter, ,#1006146681,18,"Green python Morelia viridis, Cape York Australia",748102,8591417,54S,Australian Eastern Standard Time (Queensland),2003-05-26 21:20:00,2020-07-15, 
1482,2003-05-27 01:11:00,143.2849125,-12.73197625,radio-transmitter, ,#1006146681,18,"Green python Morelia viridis, Cape York Australia",748102,8591413,54S,Australian Eastern Standard Time (Queensland),2003-05-27 11:11:00,2020-07-15, 
1483,2003-05-27 10:18:00,143.2849679,-12.73199385,radio-transmitter, ,#1006146681,18,"Green python Morelia viridis, Cape York Australia",748108,8591411,54S,Australian Eastern Standard Time (Queensland),2003-05-27 20:18:00,2020-07-15, 
1484,2003-05-28 00:54:00,143.2849495,-12.731994,radio-transmitter, ,#1006146681,18,"Green python Morelia viridis, Cape York Australia",748106,8591411,54S,Australian Eastern Standard Time (Queensland),2003-05-28 10:54:00,2020-07-15, 
1485,2003-05-28 11:46:00,143.2849495,-12.731994,radio-transmitter, ,#1006146681,18,"Green python Morelia viridis, Cape York Australia",748106,8591411,54S,Australian Eastern Standard Time (Queensland),2003-05-28 21:46:00,2020-07-15, 
1486,2003-05-29 00:15:00,143.2849219,-12.73199424,radio-transmitter, ,#1006146681,18,"Green python Morelia viridis, Cape York Australia",748103,8591411,54S,Australian Eastern Standard Time (Queensland),2003-05-29 10:15:00,2020-07-15, 
1487,2003-05-29 13:12:00,143.284968,-12.73200288,radio-transmitter, ,#1006146681,18,"Green python Morelia viridis, Cape York Australia",748108,8591410,54S,Australian Eastern Standard Time (Queensland),2003-05-29 23:12:00,2020-07-15, 
1488,2003-05-30 06:03:00,143.2849591,-12.7320391,radio-transmitter, ,#1006146681,18,"Green python Morelia viridis, Cape York Australia",748107,8591406,54S,Australian Eastern Standard Time (Queensland),2003-05-30 16:03:00,2020-07-15, 
1489,2003-05-30 11:48:00,143.2849592,-12.73205717,radio-transmitter, ,#1006146681,18,"Green python Morelia viridis, Cape York Australia",748107,8591404,54S,Australian Eastern Standard Time (Queensland),2003-05-30 21:48:00,2020-07-15, 
1490,2003-05-31 01:38:00,143.2849137,-12.73211179,radio-transmitter, ,#1006146681,18,"Green python Morelia viridis, Cape York Australia",748102,8591398,54S,Australian Eastern Standard Time (Queensland),2003-05-31 11:38:00,2020-07-15, 
1491,2003-05-31 11:46:00,143.2849137,-12.73211179,radio-transmitter, ,#1006146681,18,"Green python Morelia viridis, Cape York Australia",748102,8591398,54S,Australian Eastern Standard Time (Queensland),2003-05-31 21:46:00,2020-07-15, 
1492,2003-06-01 01:36:00,143.2849226,-12.73207556,radio-transmitter, ,#1006146681,18,"Green python Morelia viridis, Cape York Australia",748103,8591402,54S,Australian Eastern Standard Time (Queensland),2003-06-01 11:36:00,2020-07-15, 
1493,2003-06-01 11:10:00,143.2849226,-12.73207556,radio-transmitter, ,#1006146681,18,"Green python Morelia viridis, Cape York Australia",748103,8591402,54S,Australian Eastern Standard Time (Queensland),2003-06-01 21:10:00,2020-07-15, 
1494,2003-06-02 00:11:00,143.2849226,-12.73207556,radio-transmitter, ,#1006146681,18,"Green python Morelia viridis, Cape York Australia",748103,8591402,54S,Australian Eastern Standard Time (Queensland),2003-06-02 10:11:00,2020-07-15, 
1495,2003-06-02 10:02:00,143.2849226,-12.73207556,radio-transmitter, ,#1006146681,18,"Green python Morelia viridis, Cape York Australia",748103,8591402,54S,Australian Eastern Standard Time (Queensland),2003-06-02 20:02:00,2020-07-15, 
1496,2003-06-03 01:35:00,143.2849226,-12.73207556,radio-transmitter, ,#1006146681,18,"Green python Morelia viridis, Cape York Australia",748103,8591402,54S,Australian Eastern Standard Time (Queensland),2003-06-03 11:35:00,2020-07-15, 
1497,2003-06-03 10:01:00,143.2849226,-12.73207556,radio-transmitter, ,#1006146681,18,"Green python Morelia viridis, Cape York Australia",748103,8591402,54S,Australian Eastern Standard Time (Queensland),2003-06-03 20:01:00,2020-07-15, 
1498,2003-06-04 03:48:00,143.2849226,-12.73207556,radio-transmitter, ,#1006146681,18,"Green python Morelia viridis, Cape York Australia",748103,8591402,54S,Australian Eastern Standard Time (Queensland),2003-06-04 13:48:00,2020-07-15, 
1499,2003-12-21 12:00:00,143.2841529,-12.73452203,radio-transmitter, ,#1006146685,19,"Green python Morelia viridis, Cape York Australia",748017,8591132,54S,Australian Eastern Standard Time (Queensland),2003-12-21 22:00:00,2020-07-15, 
1500,2003-12-25 00:10:00,143.2843013,-12.73464726,radio-transmitter, ,#1006146685,19,"Green python Morelia viridis, Cape York Australia",748033,8591118,54S,Australian Eastern Standard Time (Queensland),2003-12-25 10:10:00,2020-07-15, 
1501,2003-12-25 23:42:00,143.2844027,-12.73466445,radio-transmitter, ,#1006146685,19,"Green python Morelia viridis, Cape York Australia",748044,8591116,54S,Australian Eastern Standard Time (Queensland),2003-12-26 09:42:00,2020-07-15, 
1502,2003-12-26 11:40:00,143.2844027,-12.73466445,radio-transmitter, ,#1006146685,19,"Green python Morelia viridis, Cape York Australia",748044,8591116,54S,Australian Eastern Standard Time (Queensland),2003-12-26 21:40:00,2020-07-15, 
1503,2003-12-27 00:51:00,143.2844027,-12.73466445,radio-transmitter, ,#1006146685,19,"Green python Morelia viridis, Cape York Australia",748044,8591116,54S,Australian Eastern Standard Time (Queensland),2003-12-27 10:51:00,2020-07-15, 
1504,2003-12-27 10:34:00,143.2844121,-12.73469148,radio-transmitter, ,#1006146685,19,"Green python Morelia viridis, Cape York Australia",748045,8591113,54S,Australian Eastern Standard Time (Queensland),2003-12-27 20:34:00,2020-07-15, 
1505,2003-12-28 01:37:00,143.2844121,-12.73469148,radio-transmitter, ,#1006146685,19,"Green python Morelia viridis, Cape York Australia",748045,8591113,54S,Australian Eastern Standard Time (Queensland),2003-12-28 11:37:00,2020-07-15, 
1506,2003-12-28 11:00:00,143.2843665,-12.73473706,radio-transmitter, ,#1006146685,19,"Green python Morelia viridis, Cape York Australia",748040,8591108,54S,Australian Eastern Standard Time (Queensland),2003-12-28 21:00:00,2020-07-15, 
1507,2003-12-29 00:34:00,143.2844121,-12.73469148,radio-transmitter, ,#1006146685,19,"Green python Morelia viridis, Cape York Australia",748045,8591113,54S,Australian Eastern Standard Time (Queensland),2003-12-29 10:34:00,2020-07-15, 
1508,2003-12-29 10:44:00,143.2843665,-12.73473706,radio-transmitter, ,#1006146685,19,"Green python Morelia viridis, Cape York Australia",748040,8591108,54S,Australian Eastern Standard Time (Queensland),2003-12-29 20:44:00,2020-07-15, 
1509,2003-12-30 00:47:00,143.2843938,-12.73470068,radio-transmitter, ,#1006146685,19,"Green python Morelia viridis, Cape York Australia",748043,8591112,54S,Australian Eastern Standard Time (Queensland),2003-12-30 10:47:00,2020-07-15, 
1510,2003-12-30 11:38:00,143.2843938,-12.73470068,radio-transmitter, ,#1006146685,19,"Green python Morelia viridis, Cape York Australia",748043,8591112,54S,Australian Eastern Standard Time (Queensland),2003-12-30 21:38:00,2020-07-15, 
1511,2003-12-31 00:23:00,143.2843938,-12.73470068,radio-transmitter, ,#1006146685,19,"Green python Morelia viridis, Cape York Australia",748043,8591112,54S,Australian Eastern Standard Time (Queensland),2003-12-31 10:23:00,2020-07-15, 
1512,2003-12-31 22:47:00,143.2843938,-12.73470068,radio-transmitter, ,#1006146685,19,"Green python Morelia viridis, Cape York Australia",748043,8591112,54S,Australian Eastern Standard Time (Queensland),2004-01-01 08:47:00,2020-07-15, 
1513,2004-01-02 00:56:00,143.2843938,-12.73470068,radio-transmitter, ,#1006146685,19,"Green python Morelia viridis, Cape York Australia",748043,8591112,54S,Australian Eastern Standard Time (Queensland),2004-01-02 10:56:00,2020-07-15, 
1514,2004-01-02 22:30:00,143.2844215,-12.73470947,radio-transmitter, ,#1006146685,19,"Green python Morelia viridis, Cape York Australia",748046,8591111,54S,Australian Eastern Standard Time (Queensland),2004-01-03 08:30:00,2020-07-15, 
1515,2004-01-04 23:25:00,143.2844032,-12.7347277,radio-transmitter, ,#1006146685,19,"Green python Morelia viridis, Cape York Australia",748044,8591109,54S,Australian Eastern Standard Time (Queensland),2004-01-05 09:25:00,2020-07-15, 
1516,2004-01-06 23:15:00,143.2844032,-12.7347277,radio-transmitter, ,#1006146685,19,"Green python Morelia viridis, Cape York Australia",748044,8591109,54S,Australian Eastern Standard Time (Queensland),2004-01-07 09:15:00,2020-07-15, 
1517,2004-01-07 05:40:00,143.2844032,-12.7347277,radio-transmitter, ,#1006146685,19,"Green python Morelia viridis, Cape York Australia",748044,8591109,54S,Australian Eastern Standard Time (Queensland),2004-01-07 15:40:00,2020-07-15, 
1518,2004-01-08 00:33:00,143.2844032,-12.7347277,radio-transmitter, ,#1006146685,19,"Green python Morelia viridis, Cape York Australia",748044,8591109,54S,Australian Eastern Standard Time (Queensland),2004-01-08 10:33:00,2020-07-15, 
1519,2004-01-08 23:15:00,143.2843378,-12.73461983,radio-transmitter, ,#1006146685,19,"Green python Morelia viridis, Cape York Australia",748037,8591121,54S,Australian Eastern Standard Time (Queensland),2004-01-09 09:15:00,2020-07-15, 
1520,2004-01-10 02:02:00,143.2843378,-12.73461983,radio-transmitter, ,#1006146685,19,"Green python Morelia viridis, Cape York Australia",748037,8591121,54S,Australian Eastern Standard Time (Queensland),2004-01-10 12:02:00,2020-07-15, 
1521,2004-01-11 00:10:00,143.2843378,-12.73461983,radio-transmitter, ,#1006146685,19,"Green python Morelia viridis, Cape York Australia",748037,8591121,54S,Australian Eastern Standard Time (Queensland),2004-01-11 10:10:00,2020-07-15, 
1522,2004-01-12 00:49:00,143.2843378,-12.73461983,radio-transmitter, ,#1006146685,19,"Green python Morelia viridis, Cape York Australia",748037,8591121,54S,Australian Eastern Standard Time (Queensland),2004-01-12 10:49:00,2020-07-15, 
1523,2004-01-12 11:22:00,143.2843653,-12.73460152,radio-transmitter, ,#1006146685,19,"Green python Morelia viridis, Cape York Australia",748040,8591123,54S,Australian Eastern Standard Time (Queensland),2004-01-12 21:22:00,2020-07-15, 
1524,2004-01-12 23:50:00,143.2848442,-12.7346245,radio-transmitter, ,#1006146685,19,"Green python Morelia viridis, Cape York Australia",748092,8591120,54S,Australian Eastern Standard Time (Queensland),2004-01-13 09:50:00,2020-07-15, 
1525,2004-01-13 10:54:00,143.2849457,-12.73465976,radio-transmitter, ,#1006146685,19,"Green python Morelia viridis, Cape York Australia",748103,8591116,54S,Australian Eastern Standard Time (Queensland),2004-01-13 20:54:00,2020-07-15, 
1526,2004-01-14 00:17:00,143.285028,-12.7345958,radio-transmitter, ,#1006146685,19,"Green python Morelia viridis, Cape York Australia",748112,8591123,54S,Australian Eastern Standard Time (Queensland),2004-01-14 10:17:00,2020-07-15, 
1527,2004-01-16 01:27:00,143.285027,-12.73448737,radio-transmitter, ,#1006146685,19,"Green python Morelia viridis, Cape York Australia",748112,8591135,54S,Australian Eastern Standard Time (Queensland),2004-01-16 11:27:00,2020-07-15, 
1528,2004-01-17 01:20:00,143.2851187,-12.7344414,radio-transmitter, ,#1006146685,19,"Green python Morelia viridis, Cape York Australia",748122,8591140,54S,Australian Eastern Standard Time (Queensland),2004-01-17 11:20:00,2020-07-15, 
1529,2004-01-18 00:16:00,143.2852853,-12.73453936,radio-transmitter, ,#1006146685,19,"Green python Morelia viridis, Cape York Australia",748140,8591129,54S,Australian Eastern Standard Time (Queensland),2004-01-18 10:16:00,2020-07-15, 
1530,2004-01-18 23:41:00,143.2854868,-12.73442918,radio-transmitter, ,#1006146685,19,"Green python Morelia viridis, Cape York Australia",748162,8591141,54S,Australian Eastern Standard Time (Queensland),2004-01-19 09:41:00,2020-07-15, 
1531,2004-01-21 01:25:00,143.2859584,-12.7356902,radio-transmitter, ,#1006146685,19,"Green python Morelia viridis, Cape York Australia",748212,8591001,54S,Australian Eastern Standard Time (Queensland),2004-01-21 11:25:00,2020-07-15, 
1532,2004-01-23 02:56:00,143.285488,-12.73559486,radio-transmitter, ,#1006146685,19,"Green python Morelia viridis, Cape York Australia",748161,8591012,54S,Australian Eastern Standard Time (Queensland),2004-01-23 12:56:00,2020-07-15, 
1533,2004-01-24 01:09:00,143.2848024,-12.73509475,radio-transmitter, ,#1006146685,19,"Green python Morelia viridis, Cape York Australia",748087,8591068,54S,Australian Eastern Standard Time (Queensland),2004-01-24 11:09:00,2020-07-15, 
1534,2004-01-25 01:58:00,143.2840199,-12.73509247,radio-transmitter, ,#1006146685,19,"Green python Morelia viridis, Cape York Australia",748002,8591069,54S,Australian Eastern Standard Time (Queensland),2004-01-25 11:58:00,2020-07-15, 
1535,2004-01-27 01:12:00,143.2840482,-12.73517355,radio-transmitter, ,#1006146685,19,"Green python Morelia viridis, Cape York Australia",748005,8591060,54S,Australian Eastern Standard Time (Queensland),2004-01-27 11:12:00,2020-07-15, 
1536,2004-01-28 06:10:00,143.2840666,-12.73516435,radio-transmitter, ,#1006146685,19,"Green python Morelia viridis, Cape York Australia",748007,8591061,54S,Australian Eastern Standard Time (Queensland),2004-01-28 16:10:00,2020-07-15, 
1537,2004-01-29 01:25:00,143.2840666,-12.73516435,radio-transmitter, ,#1006146685,19,"Green python Morelia viridis, Cape York Australia",748007,8591061,54S,Australian Eastern Standard Time (Queensland),2004-01-29 11:25:00,2020-07-15, 
1538,2004-01-29 12:13:00,143.2840666,-12.73516435,radio-transmitter, ,#1006146685,19,"Green python Morelia viridis, Cape York Australia",748007,8591061,54S,Australian Eastern Standard Time (Queensland),2004-01-29 22:13:00,2020-07-15, 
1539,2004-01-30 04:32:00,143.2840666,-12.73516435,radio-transmitter, ,#1006146685,19,"Green python Morelia viridis, Cape York Australia",748007,8591061,54S,Australian Eastern Standard Time (Queensland),2004-01-30 14:32:00,2020-07-15, 
1540,2004-01-30 10:46:00,143.2840666,-12.73516435,radio-transmitter, ,#1006146685,19,"Green python Morelia viridis, Cape York Australia",748007,8591061,54S,Australian Eastern Standard Time (Queensland),2004-01-30 20:46:00,2020-07-15, 
1541,2004-01-31 01:34:00,143.2840666,-12.73516435,radio-transmitter, ,#1006146685,19,"Green python Morelia viridis, Cape York Australia",748007,8591061,54S,Australian Eastern Standard Time (Queensland),2004-01-31 11:34:00,2020-07-15, 
1542,2004-01-31 10:50:00,143.2840482,-12.73517355,radio-transmitter, ,#1006146685,19,"Green python Morelia viridis, Cape York Australia",748005,8591060,54S,Australian Eastern Standard Time (Queensland),2004-01-31 20:50:00,2020-07-15, 
1543,2004-02-01 01:20:00,143.2840482,-12.73517355,radio-transmitter, ,#1006146685,19,"Green python Morelia viridis, Cape York Australia",748005,8591060,54S,Australian Eastern Standard Time (Queensland),2004-02-01 11:20:00,2020-07-15, 
1544,2004-02-01 12:11:00,143.2840482,-12.73517355,radio-transmitter, ,#1006146685,19,"Green python Morelia viridis, Cape York Australia",748005,8591060,54S,Australian Eastern Standard Time (Queensland),2004-02-01 22:11:00,2020-07-15, 
1545,2004-02-02 00:05:00,143.2846971,-12.73465287,radio-transmitter, ,#1006146685,19,"Green python Morelia viridis, Cape York Australia",748076,8591117,54S,Australian Eastern Standard Time (Queensland),2004-02-02 10:05:00,2020-07-15, 
1546,2004-02-02 10:44:00,143.2846971,-12.73465287,radio-transmitter, ,#1006146685,19,"Green python Morelia viridis, Cape York Australia",748076,8591117,54S,Australian Eastern Standard Time (Queensland),2004-02-02 20:44:00,2020-07-15, 
1547,2004-02-03 00:35:00,143.2846971,-12.73465287,radio-transmitter, ,#1006146685,19,"Green python Morelia viridis, Cape York Australia",748076,8591117,54S,Australian Eastern Standard Time (Queensland),2004-02-03 10:35:00,2020-07-15, 
1548,2004-02-04 01:54:00,143.2847797,-12.73462505,radio-transmitter, ,#1006146685,19,"Green python Morelia viridis, Cape York Australia",748085,8591120,54S,Australian Eastern Standard Time (Queensland),2004-02-04 11:54:00,2020-07-15, 
1549,2004-02-05 04:13:00,143.2847797,-12.73462505,radio-transmitter, ,#1006146685,19,"Green python Morelia viridis, Cape York Australia",748085,8591120,54S,Australian Eastern Standard Time (Queensland),2004-02-05 14:13:00,2020-07-15, 
1550,2004-02-05 10:06:00,143.2847797,-12.73462505,radio-transmitter, ,#1006146685,19,"Green python Morelia viridis, Cape York Australia",748085,8591120,54S,Australian Eastern Standard Time (Queensland),2004-02-05 20:06:00,2020-07-15, 
1551,2004-02-06 01:37:00,143.2847797,-12.73462505,radio-transmitter, ,#1006146685,19,"Green python Morelia viridis, Cape York Australia",748085,8591120,54S,Australian Eastern Standard Time (Queensland),2004-02-06 11:37:00,2020-07-15, 
1552,2004-02-06 10:38:00,143.2847797,-12.73462505,radio-transmitter, ,#1006146685,19,"Green python Morelia viridis, Cape York Australia",748085,8591120,54S,Australian Eastern Standard Time (Queensland),2004-02-06 20:38:00,2020-07-15, 
1553,2004-02-08 00:52:00,143.2856558,-12.73479821,radio-transmitter, ,#1006146685,19,"Green python Morelia viridis, Cape York Australia",748180,8591100,54S,Australian Eastern Standard Time (Queensland),2004-02-08 10:52:00,2020-07-15, 
1554,2004-02-10 00:57:00,143.2856558,-12.73479821,radio-transmitter, ,#1006146685,19,"Green python Morelia viridis, Cape York Australia",748180,8591100,54S,Australian Eastern Standard Time (Queensland),2004-02-10 10:57:00,2020-07-15, 
1555,2004-02-12 01:57:00,143.2841455,-12.73472993,radio-transmitter, ,#1006146685,19,"Green python Morelia viridis, Cape York Australia",748016,8591109,54S,Australian Eastern Standard Time (Queensland),2004-02-12 11:57:00,2020-07-15, 
1556,2004-02-13 00:51:00,143.2841455,-12.73472993,radio-transmitter, ,#1006146685,19,"Green python Morelia viridis, Cape York Australia",748016,8591109,54S,Australian Eastern Standard Time (Queensland),2004-02-13 10:51:00,2020-07-15, 
1557,2004-02-14 01:38:00,143.2841455,-12.73472993,radio-transmitter, ,#1006146685,19,"Green python Morelia viridis, Cape York Australia",748016,8591109,54S,Australian Eastern Standard Time (Queensland),2004-02-14 11:38:00,2020-07-15, 
1558,2004-02-14 10:33:00,143.2841455,-12.73472993,radio-transmitter, ,#1006146685,19,"Green python Morelia viridis, Cape York Australia",748016,8591109,54S,Australian Eastern Standard Time (Queensland),2004-02-14 20:33:00,2020-07-15, 
1559,2004-02-15 01:21:00,143.2841455,-12.73472993,radio-transmitter, ,#1006146685,19,"Green python Morelia viridis, Cape York Australia",748016,8591109,54S,Australian Eastern Standard Time (Queensland),2004-02-15 11:21:00,2020-07-15, 
1560,2004-02-15 11:48:00,143.2841455,-12.73472993,radio-transmitter, ,#1006146685,19,"Green python Morelia viridis, Cape York Australia",748016,8591109,54S,Australian Eastern Standard Time (Queensland),2004-02-15 21:48:00,2020-07-15, 
1561,2004-02-16 00:57:00,143.2841455,-12.73472993,radio-transmitter, ,#1006146685,19,"Green python Morelia viridis, Cape York Australia",748016,8591109,54S,Australian Eastern Standard Time (Queensland),2004-02-16 10:57:00,2020-07-15, 
1562,2004-02-16 10:48:00,143.2841455,-12.73472993,radio-transmitter, ,#1006146685,19,"Green python Morelia viridis, Cape York Australia",748016,8591109,54S,Australian Eastern Standard Time (Queensland),2004-02-16 20:48:00,2020-07-15, 
1563,2004-02-17 02:46:00,143.2841455,-12.73472993,radio-transmitter, ,#1006146685,19,"Green python Morelia viridis, Cape York Australia",748016,8591109,54S,Australian Eastern Standard Time (Queensland),2004-02-17 12:46:00,2020-07-15, 
1564,2004-02-17 23:40:00,143.2841167,-12.73459463,radio-transmitter, ,#1006146685,19,"Green python Morelia viridis, Cape York Australia",748013,8591124,54S,Australian Eastern Standard Time (Queensland),2004-02-18 09:40:00,2020-07-15, 
1565,2004-02-18 11:23:00,143.2841164,-12.73456752,radio-transmitter, ,#1006146685,19,"Green python Morelia viridis, Cape York Australia",748013,8591127,54S,Australian Eastern Standard Time (Queensland),2004-02-18 21:23:00,2020-07-15, 
1566,2004-02-19 01:13:00,143.2841165,-12.73457656,radio-transmitter, ,#1006146685,19,"Green python Morelia viridis, Cape York Australia",748013,8591126,54S,Australian Eastern Standard Time (Queensland),2004-02-19 11:13:00,2020-07-15, 
1567,2004-02-19 10:29:00,143.2841165,-12.73457656,radio-transmitter, ,#1006146685,19,"Green python Morelia viridis, Cape York Australia",748013,8591126,54S,Australian Eastern Standard Time (Queensland),2004-02-19 20:29:00,2020-07-15, 
1568,2004-02-20 09:57:00,143.2841165,-12.73457656,radio-transmitter, ,#1006146685,19,"Green python Morelia viridis, Cape York Australia",748013,8591126,54S,Australian Eastern Standard Time (Queensland),2004-02-20 19:57:00,2020-07-15, 
1569,2004-02-21 00:49:00,143.2841348,-12.73455833,radio-transmitter, ,#1006146685,19,"Green python Morelia viridis, Cape York Australia",748015,8591128,54S,Australian Eastern Standard Time (Queensland),2004-02-21 10:49:00,2020-07-15, 
1570,2004-02-21 11:03:00,143.2839962,-12.73450531,radio-transmitter, ,#1006146685,19,"Green python Morelia viridis, Cape York Australia",748000,8591134,54S,Australian Eastern Standard Time (Queensland),2004-02-21 21:03:00,2020-07-15, 
1571,2004-02-22 03:27:00,143.2838497,-12.7345879,radio-transmitter, ,#1006146685,19,"Green python Morelia viridis, Cape York Australia",747984,8591125,54S,Australian Eastern Standard Time (Queensland),2004-02-22 13:27:00,2020-07-15, 
1572,2004-02-22 10:44:00,143.2838132,-12.73462436,radio-transmitter, ,#1006146685,19,"Green python Morelia viridis, Cape York Australia",747980,8591121,54S,Australian Eastern Standard Time (Queensland),2004-02-22 20:44:00,2020-07-15, 
1573,2004-02-23 00:49:00,143.2837768,-12.73466986,radio-transmitter, ,#1006146685,19,"Green python Morelia viridis, Cape York Australia",747976,8591116,54S,Australian Eastern Standard Time (Queensland),2004-02-23 10:49:00,2020-07-15, 
1574,2004-02-25 00:32:00,143.2835927,-12.73467144,radio-transmitter, ,#1006146685,19,"Green python Morelia viridis, Cape York Australia",747956,8591116,54S,Australian Eastern Standard Time (Queensland),2004-02-25 10:32:00,2020-07-15, 
1575,2004-02-25 23:43:00,143.2835927,-12.73467144,radio-transmitter, ,#1006146685,19,"Green python Morelia viridis, Cape York Australia",747956,8591116,54S,Australian Eastern Standard Time (Queensland),2004-02-26 09:43:00,2020-07-15, 
1576,2004-02-26 23:37:00,143.2835836,-12.73468959,radio-transmitter, ,#1006146685,19,"Green python Morelia viridis, Cape York Australia",747955,8591114,54S,Australian Eastern Standard Time (Queensland),2004-02-27 09:37:00,2020-07-15, 
1577,2004-02-29 04:31:00,143.2834174,-12.73462777,radio-transmitter, ,#1006146685,19,"Green python Morelia viridis, Cape York Australia",747937,8591121,54S,Australian Eastern Standard Time (Queensland),2004-02-29 14:31:00,2020-07-15, 
1578,2004-03-01 23:34:00,143.2834171,-12.73460067,radio-transmitter, ,#1006146685,19,"Green python Morelia viridis, Cape York Australia",747937,8591124,54S,Australian Eastern Standard Time (Queensland),2004-03-02 09:34:00,2020-07-15, 
1579,2004-03-05 00:32:00,143.2841349,-12.7345764,radio-transmitter, ,#1006146685,19,"Green python Morelia viridis, Cape York Australia",748015,8591126,54S,Australian Eastern Standard Time (Queensland),2004-03-05 10:32:00,2020-07-15, 
1580,2004-03-05 10:55:00,143.2841076,-12.73460375,radio-transmitter, ,#1006146685,19,"Green python Morelia viridis, Cape York Australia",748012,8591123,54S,Australian Eastern Standard Time (Queensland),2004-03-05 20:55:00,2020-07-15, 
1581,2004-03-06 02:39:00,143.2841349,-12.7345764,radio-transmitter, ,#1006146685,19,"Green python Morelia viridis, Cape York Australia",748015,8591126,54S,Australian Eastern Standard Time (Queensland),2004-03-06 12:39:00,2020-07-15, 
1582,2004-03-07 00:37:00,143.2841349,-12.7345764,radio-transmitter, ,#1006146685,19,"Green python Morelia viridis, Cape York Australia",748015,8591126,54S,Australian Eastern Standard Time (Queensland),2004-03-07 10:37:00,2020-07-15, 
1583,2004-03-07 10:37:00,143.2841349,-12.7345764,radio-transmitter, ,#1006146685,19,"Green python Morelia viridis, Cape York Australia",748015,8591126,54S,Australian Eastern Standard Time (Queensland),2004-03-07 20:37:00,2020-07-15, 
1584,2004-03-08 11:07:00,143.2841349,-12.7345764,radio-transmitter, ,#1006146685,19,"Green python Morelia viridis, Cape York Australia",748015,8591126,54S,Australian Eastern Standard Time (Queensland),2004-03-08 21:07:00,2020-07-15, 
1585,2004-03-09 01:46:00,143.2841525,-12.73448588,radio-transmitter, ,#1006146685,19,"Green python Morelia viridis, Cape York Australia",748017,8591136,54S,Australian Eastern Standard Time (Queensland),2004-03-09 11:46:00,2020-07-15, 
1586,2004-03-11 01:48:00,143.2837396,-12.73463403,radio-transmitter, ,#1006146685,19,"Green python Morelia viridis, Cape York Australia",747972,8591120,54S,Australian Eastern Standard Time (Queensland),2004-03-11 11:48:00,2020-07-15, 
1587,2004-03-14 01:08:00,143.2837396,-12.73463403,radio-transmitter, ,#1006146685,19,"Green python Morelia viridis, Cape York Australia",747972,8591120,54S,Australian Eastern Standard Time (Queensland),2004-03-14 11:08:00,2020-07-15, 
1588,2004-03-15 00:07:00,143.2837396,-12.73463403,radio-transmitter, ,#1006146685,19,"Green python Morelia viridis, Cape York Australia",747972,8591120,54S,Australian Eastern Standard Time (Queensland),2004-03-15 10:07:00,2020-07-15, 
1589,2004-03-18 03:29:00,143.2837396,-12.73463403,radio-transmitter, ,#1006146685,19,"Green python Morelia viridis, Cape York Australia",747972,8591120,54S,Australian Eastern Standard Time (Queensland),2004-03-18 13:29:00,2020-07-15, 
1590,2004-03-21 00:45:00,143.2837396,-12.73463403,radio-transmitter, ,#1006146685,19,"Green python Morelia viridis, Cape York Australia",747972,8591120,54S,Australian Eastern Standard Time (Queensland),2004-03-21 10:45:00,2020-07-15, 
1591,2004-03-22 03:00:00,143.2837396,-12.73463403,radio-transmitter, ,#1006146685,19,"Green python Morelia viridis, Cape York Australia",747972,8591120,54S,Australian Eastern Standard Time (Queensland),2004-03-22 13:00:00,2020-07-15, 
1592,2004-03-24 02:32:00,143.2841623,-12.73454906,radio-transmitter, ,#1006146685,19,"Green python Morelia viridis, Cape York Australia",748018,8591129,54S,Australian Eastern Standard Time (Queensland),2004-03-24 12:32:00,2020-07-15, 
1593,2004-03-25 11:02:00,143.2841623,-12.73454906,radio-transmitter, ,#1006146685,19,"Green python Morelia viridis, Cape York Australia",748018,8591129,54S,Australian Eastern Standard Time (Queensland),2004-03-25 21:02:00,2020-07-15, 
1594,2004-03-26 01:36:00,143.2841544,-12.73469371,radio-transmitter, ,#1006146685,19,"Green python Morelia viridis, Cape York Australia",748017,8591113,54S,Australian Eastern Standard Time (Queensland),2004-03-26 11:36:00,2020-07-15, 
1595,2004-03-28 06:13:00,143.2840443,-12.7347308,radio-transmitter, ,#1006146685,19,"Green python Morelia viridis, Cape York Australia",748005,8591109,54S,Australian Eastern Standard Time (Queensland),2004-03-28 16:13:00,2020-07-15, 
1596,2004-03-29 11:55:00,143.2841701,-12.73439537,radio-transmitter, ,#1006146685,19,"Green python Morelia viridis, Cape York Australia",748019,8591146,54S,Australian Eastern Standard Time (Queensland),2004-03-29 21:55:00,2020-07-15, 
1597,2004-03-30 00:51:00,143.2839976,-12.73465891,radio-transmitter, ,#1006146685,19,"Green python Morelia viridis, Cape York Australia",748000,8591117,54S,Australian Eastern Standard Time (Queensland),2004-03-30 10:51:00,2020-07-15, 
1598,2004-04-01 02:35:00,143.28408,-12.73461302,radio-transmitter, ,#1006146685,19,"Green python Morelia viridis, Cape York Australia",748009,8591122,54S,Australian Eastern Standard Time (Queensland),2004-04-01 12:35:00,2020-07-15, 
1599,2004-04-01 12:05:00,143.28408,-12.73461302,radio-transmitter, ,#1006146685,19,"Green python Morelia viridis, Cape York Australia",748009,8591122,54S,Australian Eastern Standard Time (Queensland),2004-04-01 22:05:00,2020-07-15, 
1600,2004-04-09 17:32:00,143.28408,-12.73461302,radio-transmitter, ,#1006146685,19,"Green python Morelia viridis, Cape York Australia",748009,8591122,54S,Australian Eastern Standard Time (Queensland),2004-04-10 03:32:00,2020-07-15, 
1601,2003-01-09 13:04:00,143.2819926,-12.74514034,radio-transmitter, ,#1006146689,20,"Green python Morelia viridis, Cape York Australia",747772,8589959,54S,Australian Eastern Standard Time (Queensland),2003-01-09 23:04:00,2020-07-15, 
1602,2003-01-14 04:00:00,143.2819665,-12.74530322,radio-transmitter, ,#1006146689,20,"Green python Morelia viridis, Cape York Australia",747769,8589941,54S,Australian Eastern Standard Time (Queensland),2003-01-14 14:00:00,2020-07-15, 
1603,2003-01-15 03:39:00,143.2819398,-12.74540285,radio-transmitter, ,#1006146689,20,"Green python Morelia viridis, Cape York Australia",747766,8589930,54S,Australian Eastern Standard Time (Queensland),2003-01-15 13:39:00,2020-07-15, 
1604,2003-01-16 04:40:00,143.281986,-12.74542956,radio-transmitter, ,#1006146689,20,"Green python Morelia viridis, Cape York Australia",747771,8589927,54S,Australian Eastern Standard Time (Queensland),2003-01-16 14:40:00,2020-07-15, 
1605,2003-01-17 00:56:00,143.281986,-12.74542956,radio-transmitter, ,#1006146689,20,"Green python Morelia viridis, Cape York Australia",747771,8589927,54S,Australian Eastern Standard Time (Queensland),2003-01-17 10:56:00,2020-07-15, 
1606,2003-01-17 23:50:00,143.281986,-12.74542956,radio-transmitter, ,#1006146689,20,"Green python Morelia viridis, Cape York Australia",747771,8589927,54S,Australian Eastern Standard Time (Queensland),2003-01-18 09:50:00,2020-07-15, 
1607,2003-01-19 00:29:00,143.2820505,-12.745429,radio-transmitter, ,#1006146689,20,"Green python Morelia viridis, Cape York Australia",747778,8589927,54S,Australian Eastern Standard Time (Queensland),2003-01-19 10:29:00,2020-07-15, 
1608,2003-01-21 00:38:00,143.2820964,-12.74541957,radio-transmitter, ,#1006146689,20,"Green python Morelia viridis, Cape York Australia",747783,8589928,54S,Australian Eastern Standard Time (Queensland),2003-01-21 10:38:00,2020-07-15, 
1609,2003-01-23 04:45:00,143.2820966,-12.74543764,radio-transmitter, ,#1006146689,20,"Green python Morelia viridis, Cape York Australia",747783,8589926,54S,Australian Eastern Standard Time (Queensland),2003-01-23 14:45:00,2020-07-15, 
1610,2003-01-24 06:30:00,143.2820601,-12.74548314,radio-transmitter, ,#1006146689,20,"Green python Morelia viridis, Cape York Australia",747779,8589921,54S,Australian Eastern Standard Time (Queensland),2003-01-24 16:30:00,2020-07-15, 
1611,2003-01-25 07:03:00,143.2820601,-12.74548314,radio-transmitter, ,#1006146689,20,"Green python Morelia viridis, Cape York Australia",747779,8589921,54S,Australian Eastern Standard Time (Queensland),2003-01-25 17:03:00,2020-07-15, 
1612,2003-01-26 05:20:00,143.2820601,-12.74548314,radio-transmitter, ,#1006146689,20,"Green python Morelia viridis, Cape York Australia",747779,8589921,54S,Australian Eastern Standard Time (Queensland),2003-01-26 15:20:00,2020-07-15, 
1613,2003-01-27 01:37:00,143.282061,-12.74557349,radio-transmitter, ,#1006146689,20,"Green python Morelia viridis, Cape York Australia",747779,8589911,54S,Australian Eastern Standard Time (Queensland),2003-01-27 11:37:00,2020-07-15, 
1614,2003-01-28 06:04:00,143.2820059,-12.74559204,radio-transmitter, ,#1006146689,20,"Green python Morelia viridis, Cape York Australia",747773,8589909,54S,Australian Eastern Standard Time (Queensland),2003-01-28 16:04:00,2020-07-15, 
1615,2003-01-28 13:46:00,143.2819412,-12.74556549,radio-transmitter, ,#1006146689,20,"Green python Morelia viridis, Cape York Australia",747766,8589912,54S,Australian Eastern Standard Time (Queensland),2003-01-28 23:46:00,2020-07-15, 
1616,2003-01-29 06:43:00,143.2816206,-12.74573995,radio-transmitter, ,#1006146689,20,"Green python Morelia viridis, Cape York Australia",747731,8589893,54S,Australian Eastern Standard Time (Queensland),2003-01-29 16:43:00,2020-07-15, 
1617,2003-01-29 13:30:00,143.2815009,-12.74574098,radio-transmitter, ,#1006146689,20,"Green python Morelia viridis, Cape York Australia",747718,8589893,54S,Australian Eastern Standard Time (Queensland),2003-01-29 23:30:00,2020-07-15, 
1618,2003-01-30 05:16:00,143.2814919,-12.74576817,radio-transmitter, ,#1006146689,20,"Green python Morelia viridis, Cape York Australia",747717,8589890,54S,Australian Eastern Standard Time (Queensland),2003-01-30 15:16:00,2020-07-15, 
1619,2003-01-30 10:26:00,143.2814919,-12.74576817,radio-transmitter, ,#1006146689,20,"Green python Morelia viridis, Cape York Australia",747717,8589890,54S,Australian Eastern Standard Time (Queensland),2003-01-30 20:26:00,2020-07-15, 
1620,2003-02-01 02:04:00,143.2814919,-12.74575913,radio-transmitter, ,#1006146689,20,"Green python Morelia viridis, Cape York Australia",747717,8589891,54S,Australian Eastern Standard Time (Queensland),2003-02-01 12:04:00,2020-07-15, 
1621,2003-02-03 06:05:00,143.2814371,-12.74581382,radio-transmitter, ,#1006146689,20,"Green python Morelia viridis, Cape York Australia",747711,8589885,54S,Australian Eastern Standard Time (Queensland),2003-02-03 16:05:00,2020-07-15, 
1622,2003-02-04 02:14:00,143.2813552,-12.74592296,radio-transmitter, ,#1006146689,20,"Green python Morelia viridis, Cape York Australia",747702,8589873,54S,Australian Eastern Standard Time (Queensland),2003-02-04 12:14:00,2020-07-15, 
1623,2003-02-04 09:04:00,143.2813552,-12.74592296,radio-transmitter, ,#1006146689,20,"Green python Morelia viridis, Cape York Australia",747702,8589873,54S,Australian Eastern Standard Time (Queensland),2003-02-04 19:04:00,2020-07-15, 
1624,2003-02-05 01:42:00,143.2812269,-12.74597829,radio-transmitter, ,#1006146689,20,"Green python Morelia viridis, Cape York Australia",747688,8589867,54S,Australian Eastern Standard Time (Queensland),2003-02-05 11:42:00,2020-07-15, 
1625,2003-02-07 06:46:00,143.2812827,-12.7460501,radio-transmitter, ,#1006146689,20,"Green python Morelia viridis, Cape York Australia",747694,8589859,54S,Australian Eastern Standard Time (Queensland),2003-02-07 16:46:00,2020-07-15, 
1626,2003-02-07 12:21:00,143.2813104,-12.74604986,radio-transmitter, ,#1006146689,20,"Green python Morelia viridis, Cape York Australia",747697,8589859,54S,Australian Eastern Standard Time (Queensland),2003-02-07 22:21:00,2020-07-15, 
1627,2003-02-09 00:43:00,143.281292,-12.74605906,radio-transmitter, ,#1006146689,20,"Green python Morelia viridis, Cape York Australia",747695,8589858,54S,Australian Eastern Standard Time (Queensland),2003-02-09 10:43:00,2020-07-15, 
1628,2003-02-11 06:27:00,143.2813829,-12.74592273,radio-transmitter, ,#1006146689,20,"Green python Morelia viridis, Cape York Australia",747705,8589873,54S,Australian Eastern Standard Time (Queensland),2003-02-11 16:27:00,2020-07-15, 
1629,2003-02-13 01:00:00,143.2813829,-12.74592273,radio-transmitter, ,#1006146689,20,"Green python Morelia viridis, Cape York Australia",747705,8589873,54S,Australian Eastern Standard Time (Queensland),2003-02-13 11:00:00,2020-07-15, 
1630,2003-02-15 01:29:00,143.2813829,-12.74592273,radio-transmitter, ,#1006146689,20,"Green python Morelia viridis, Cape York Australia",747705,8589873,54S,Australian Eastern Standard Time (Queensland),2003-02-15 11:29:00,2020-07-15, 
1631,2003-02-17 00:26:00,143.2813829,-12.74592273,radio-transmitter, ,#1006146689,20,"Green python Morelia viridis, Cape York Australia",747705,8589873,54S,Australian Eastern Standard Time (Queensland),2003-02-17 10:26:00,2020-07-15, 
1632,2003-02-19 01:58:00,143.2813829,-12.74592273,radio-transmitter, ,#1006146689,20,"Green python Morelia viridis, Cape York Australia",747705,8589873,54S,Australian Eastern Standard Time (Queensland),2003-02-19 11:58:00,2020-07-15, 
1633,2003-02-22 05:19:00,143.2808894,-12.74632458,radio-transmitter, ,#1006146689,20,"Green python Morelia viridis, Cape York Australia",747651,8589829,54S,Australian Eastern Standard Time (Queensland),2003-02-22 15:19:00,2020-07-15, 
1634,2003-02-23 00:13:00,143.2808713,-12.74636089,radio-transmitter, ,#1006146689,20,"Green python Morelia viridis, Cape York Australia",747649,8589825,54S,Australian Eastern Standard Time (Queensland),2003-02-23 10:13:00,2020-07-15, 
1635,2003-02-25 04:18:00,143.2808621,-12.74637,radio-transmitter, ,#1006146689,20,"Green python Morelia viridis, Cape York Australia",747648,8589824,54S,Australian Eastern Standard Time (Queensland),2003-02-25 14:18:00,2020-07-15, 
1636,2003-02-27 04:03:00,143.2808358,-12.74651481,radio-transmitter, ,#1006146689,20,"Green python Morelia viridis, Cape York Australia",747645,8589808,54S,Australian Eastern Standard Time (Queensland),2003-02-27 14:03:00,2020-07-15, 
1637,2003-03-01 01:26:00,143.2807439,-12.74653368,radio-transmitter, ,#1006146689,20,"Green python Morelia viridis, Cape York Australia",747635,8589806,54S,Australian Eastern Standard Time (Queensland),2003-03-01 11:26:00,2020-07-15, 
1638,2003-03-04 04:42:00,143.2806984,-12.74658829,radio-transmitter, ,#1006146689,20,"Green python Morelia viridis, Cape York Australia",747630,8589800,54S,Australian Eastern Standard Time (Queensland),2003-03-04 14:42:00,2020-07-15, 
1639,2003-03-07 04:00:00,143.2804639,-12.74713249,radio-transmitter, ,#1006146689,20,"Green python Morelia viridis, Cape York Australia",747604,8589740,54S,Australian Eastern Standard Time (Queensland),2003-03-07 14:00:00,2020-07-15, 
1640,2003-03-09 04:03:00,143.2806517,-12.7465164,radio-transmitter, ,#1006146689,20,"Green python Morelia viridis, Cape York Australia",747625,8589808,54S,Australian Eastern Standard Time (Queensland),2003-03-09 14:03:00,2020-07-15, 
1641,2003-03-11 04:50:00,143.2799437,-12.74661287,radio-transmitter, ,#1006146689,20,"Green python Morelia viridis, Cape York Australia",747548,8589798,54S,Australian Eastern Standard Time (Queensland),2003-03-11 14:50:00,2020-07-15, 
1642,2003-03-12 03:38:00,143.2799344,-12.74659488,radio-transmitter, ,#1006146689,20,"Green python Morelia viridis, Cape York Australia",747547,8589800,54S,Australian Eastern Standard Time (Queensland),2003-03-12 13:38:00,2020-07-15, 
1643,2003-03-13 00:10:00,143.2799344,-12.74659488,radio-transmitter, ,#1006146689,20,"Green python Morelia viridis, Cape York Australia",747547,8589800,54S,Australian Eastern Standard Time (Queensland),2003-03-13 10:10:00,2020-07-15, 
1644,2003-03-14 03:59:00,143.2799344,-12.74659488,radio-transmitter, ,#1006146689,20,"Green python Morelia viridis, Cape York Australia",747547,8589800,54S,Australian Eastern Standard Time (Queensland),2003-03-14 13:59:00,2020-07-15, 
1645,2003-03-15 00:33:00,143.2799344,-12.74659488,radio-transmitter, ,#1006146689,20,"Green python Morelia viridis, Cape York Australia",747547,8589800,54S,Australian Eastern Standard Time (Queensland),2003-03-15 10:33:00,2020-07-15, 
1646,2003-03-16 05:52:00,143.2799529,-12.74660375,radio-transmitter, ,#1006146689,20,"Green python Morelia viridis, Cape York Australia",747549,8589799,54S,Australian Eastern Standard Time (Queensland),2003-03-16 15:52:00,2020-07-15, 
1647,2003-03-17 01:40:00,143.2797964,-12.7466051,radio-transmitter, ,#1006146689,20,"Green python Morelia viridis, Cape York Australia",747532,8589799,54S,Australian Eastern Standard Time (Queensland),2003-03-17 11:40:00,2020-07-15, 
1648,2003-03-26 00:09:00,143.2798512,-12.74655945,radio-transmitter, ,#1006146689,20,"Green python Morelia viridis, Cape York Australia",747538,8589804,54S,Australian Eastern Standard Time (Queensland),2003-03-26 10:09:00,2020-07-15, 
1649,2003-03-28 01:39:00,143.2799424,-12.74645926,radio-transmitter, ,#1006146689,20,"Green python Morelia viridis, Cape York Australia",747548,8589815,54S,Australian Eastern Standard Time (Queensland),2003-03-28 11:39:00,2020-07-15, 
1650,2003-03-29 03:42:00,143.2800071,-12.74649485,radio-transmitter, ,#1006146689,20,"Green python Morelia viridis, Cape York Australia",747555,8589811,54S,Australian Eastern Standard Time (Queensland),2003-03-29 13:42:00,2020-07-15, 
1651,2003-03-29 09:44:00,143.2800071,-12.74649485,radio-transmitter, ,#1006146689,20,"Green python Morelia viridis, Cape York Australia",747555,8589811,54S,Australian Eastern Standard Time (Queensland),2003-03-29 19:44:00,2020-07-15, 
1652,2003-03-31 01:34:00,143.2799794,-12.74648605,radio-transmitter, ,#1006146689,20,"Green python Morelia viridis, Cape York Australia",747552,8589812,54S,Australian Eastern Standard Time (Queensland),2003-03-31 11:34:00,2020-07-15, 
1653,2003-04-01 06:22:00,143.2799794,-12.74648605,radio-transmitter, ,#1006146689,20,"Green python Morelia viridis, Cape York Australia",747552,8589812,54S,Australian Eastern Standard Time (Queensland),2003-04-01 16:22:00,2020-07-15, 
1654,2003-04-01 13:10:00,143.2799333,-12.74647741,radio-transmitter, ,#1006146689,20,"Green python Morelia viridis, Cape York Australia",747547,8589813,54S,Australian Eastern Standard Time (Queensland),2003-04-01 23:10:00,2020-07-15, 
1655,2003-04-02 04:58:00,143.2799796,-12.74650412,radio-transmitter, ,#1006146689,20,"Green python Morelia viridis, Cape York Australia",747552,8589810,54S,Australian Eastern Standard Time (Queensland),2003-04-02 14:58:00,2020-07-15, 
1656,2003-04-03 06:04:00,143.2799796,-12.74650412,radio-transmitter, ,#1006146689,20,"Green python Morelia viridis, Cape York Australia",747552,8589810,54S,Australian Eastern Standard Time (Queensland),2003-04-03 16:04:00,2020-07-15, 
1657,2003-04-03 12:38:00,143.2799796,-12.74650412,radio-transmitter, ,#1006146689,20,"Green python Morelia viridis, Cape York Australia",747552,8589810,54S,Australian Eastern Standard Time (Queensland),2003-04-03 22:38:00,2020-07-15, 
1658,2003-04-04 06:34:00,143.2799796,-12.74650412,radio-transmitter, ,#1006146689,20,"Green python Morelia viridis, Cape York Australia",747552,8589810,54S,Australian Eastern Standard Time (Queensland),2003-04-04 16:34:00,2020-07-15, 
1659,2003-04-05 10:34:00,143.2799796,-12.74650412,radio-transmitter, ,#1006146689,20,"Green python Morelia viridis, Cape York Australia",747552,8589810,54S,Australian Eastern Standard Time (Queensland),2003-04-05 20:34:00,2020-07-15, 
1660,2003-04-07 05:58:00,143.2799796,-12.74650412,radio-transmitter, ,#1006146689,20,"Green python Morelia viridis, Cape York Australia",747552,8589810,54S,Australian Eastern Standard Time (Queensland),2003-04-07 15:58:00,2020-07-15, 
1661,2003-04-07 12:18:00,143.2799796,-12.74650412,radio-transmitter, ,#1006146689,20,"Green python Morelia viridis, Cape York Australia",747552,8589810,54S,Australian Eastern Standard Time (Queensland),2003-04-07 22:18:00,2020-07-15, 
1662,2003-04-09 01:10:00,143.2802919,-12.74642914,radio-transmitter, ,#1006146689,20,"Green python Morelia viridis, Cape York Australia",747586,8589818,54S,Australian Eastern Standard Time (Queensland),2003-04-09 11:10:00,2020-07-15, 
1663,2004-01-07 12:00:00,143.2830796,-12.74110977,radio-transmitter, ,#1006146693,21,"Green python Morelia viridis, Cape York Australia",747894,8590404,54S,Australian Eastern Standard Time (Queensland),2004-01-07 22:00:00,2020-07-15, 
1664,2004-01-08 23:03:00,143.2826492,-12.74135747,radio-transmitter, ,#1006146693,21,"Green python Morelia viridis, Cape York Australia",747847,8590377,54S,Australian Eastern Standard Time (Queensland),2004-01-09 09:03:00,2020-07-15, 
1665,2004-01-09 08:06:00,143.2826492,-12.74135747,radio-transmitter, ,#1006146693,21,"Green python Morelia viridis, Cape York Australia",747847,8590377,54S,Australian Eastern Standard Time (Queensland),2004-01-09 18:06:00,2020-07-15, 
1666,2004-01-09 09:23:00,143.2826402,-12.74138465,radio-transmitter, ,#1006146693,21,"Green python Morelia viridis, Cape York Australia",747846,8590374,54S,Australian Eastern Standard Time (Queensland),2004-01-09 19:23:00,2020-07-15, 
1667,2004-01-10 00:55:00,143.2827319,-12.74134772,radio-transmitter, ,#1006146693,21,"Green python Morelia viridis, Cape York Australia",747856,8590378,54S,Australian Eastern Standard Time (Queensland),2004-01-10 10:55:00,2020-07-15, 
1668,2004-01-10 23:26:00,143.2826952,-12.74135707,radio-transmitter, ,#1006146693,21,"Green python Morelia viridis, Cape York Australia",747852,8590377,54S,Australian Eastern Standard Time (Queensland),2004-01-11 09:26:00,2020-07-15, 
1669,2004-01-12 00:35:00,143.2826675,-12.74134827,radio-transmitter, ,#1006146693,21,"Green python Morelia viridis, Cape York Australia",747849,8590378,54S,Australian Eastern Standard Time (Queensland),2004-01-12 10:35:00,2020-07-15, 
1670,2004-01-12 11:41:00,143.2826675,-12.74134827,radio-transmitter, ,#1006146693,21,"Green python Morelia viridis, Cape York Australia",747849,8590378,54S,Australian Eastern Standard Time (Queensland),2004-01-12 21:41:00,2020-07-15, 
1671,2004-01-12 23:35:00,143.28264,-12.74135755,radio-transmitter, ,#1006146693,21,"Green python Morelia viridis, Cape York Australia",747846,8590377,54S,Australian Eastern Standard Time (Queensland),2004-01-13 09:35:00,2020-07-15, 
1672,2004-01-13 08:20:00,143.28264,-12.74135755,radio-transmitter, ,#1006146693,21,"Green python Morelia viridis, Cape York Australia",747846,8590377,54S,Australian Eastern Standard Time (Queensland),2004-01-13 18:20:00,2020-07-15, 
1673,2004-01-13 23:58:00,143.2825483,-12.74140352,radio-transmitter, ,#1006146693,21,"Green python Morelia viridis, Cape York Australia",747836,8590372,54S,Australian Eastern Standard Time (Queensland),2004-01-14 09:58:00,2020-07-15, 
1674,2004-01-14 09:36:00,143.2826312,-12.7414028,radio-transmitter, ,#1006146693,21,"Green python Morelia viridis, Cape York Australia",747845,8590372,54S,Australian Eastern Standard Time (Queensland),2004-01-14 19:36:00,2020-07-15, 
1675,2004-01-15 10:34:00,143.2826879,-12.74156497,radio-transmitter, ,#1006146693,21,"Green python Morelia viridis, Cape York Australia",747851,8590354,54S,Australian Eastern Standard Time (Queensland),2004-01-15 20:34:00,2020-07-15, 
1676,2004-01-16 01:21:00,143.282798,-12.74152787,radio-transmitter, ,#1006146693,21,"Green python Morelia viridis, Cape York Australia",747863,8590358,54S,Australian Eastern Standard Time (Queensland),2004-01-16 11:21:00,2020-07-15, 
1677,2004-01-16 08:32:00,143.282798,-12.74152787,radio-transmitter, ,#1006146693,21,"Green python Morelia viridis, Cape York Australia",747863,8590358,54S,Australian Eastern Standard Time (Queensland),2004-01-16 18:32:00,2020-07-15, 
1678,2004-01-16 20:35:00,143.282798,-12.74152787,radio-transmitter, ,#1006146693,21,"Green python Morelia viridis, Cape York Australia",747863,8590358,54S,Australian Eastern Standard Time (Queensland),2004-01-17 06:35:00,2020-07-15, 
1679,2004-01-17 08:15:00,143.282798,-12.74152787,radio-transmitter, ,#1006146693,21,"Green python Morelia viridis, Cape York Australia",747863,8590358,54S,Australian Eastern Standard Time (Queensland),2004-01-17 18:15:00,2020-07-15, 
1680,2004-01-18 00:00:00,143.2826604,-12.74158328,radio-transmitter, ,#1006146693,21,"Green python Morelia viridis, Cape York Australia",747848,8590352,54S,Australian Eastern Standard Time (Queensland),2004-01-18 10:00:00,2020-07-15, 
1681,2004-01-18 23:07:00,143.2826604,-12.74158328,radio-transmitter, ,#1006146693,21,"Green python Morelia viridis, Cape York Australia",747848,8590352,54S,Australian Eastern Standard Time (Queensland),2004-01-19 09:07:00,2020-07-15, 
1682,2004-01-20 00:13:00,143.2826604,-12.74158328,radio-transmitter, ,#1006146693,21,"Green python Morelia viridis, Cape York Australia",747848,8590352,54S,Australian Eastern Standard Time (Queensland),2004-01-20 10:13:00,2020-07-15, 
1683,2004-01-21 00:40:00,143.2826883,-12.74161015,radio-transmitter, ,#1006146693,21,"Green python Morelia viridis, Cape York Australia",747851,8590349,54S,Australian Eastern Standard Time (Queensland),2004-01-21 10:40:00,2020-07-15, 
1684,2004-01-21 11:57:00,143.2826883,-12.74161015,radio-transmitter, ,#1006146693,21,"Green python Morelia viridis, Cape York Australia",747851,8590349,54S,Australian Eastern Standard Time (Queensland),2004-01-21 21:57:00,2020-07-15, 
1685,2004-01-22 01:55:00,143.282958,-12.74192409,radio-transmitter, ,#1006146693,21,"Green python Morelia viridis, Cape York Australia",747880,8590314,54S,Australian Eastern Standard Time (Queensland),2004-01-22 11:55:00,2020-07-15, 
1686,2004-01-23 02:17:00,143.2829495,-12.74199646,radio-transmitter, ,#1006146693,21,"Green python Morelia viridis, Cape York Australia",747879,8590306,54S,Australian Eastern Standard Time (Queensland),2004-01-23 12:17:00,2020-07-15, 
1687,2004-01-23 07:45:00,143.2829495,-12.74199646,radio-transmitter, ,#1006146693,21,"Green python Morelia viridis, Cape York Australia",747879,8590306,54S,Australian Eastern Standard Time (Queensland),2004-01-23 17:45:00,2020-07-15, 
1688,2004-01-23 08:58:00,143.2829312,-12.74201469,radio-transmitter, ,#1006146693,21,"Green python Morelia viridis, Cape York Australia",747877,8590304,54S,Australian Eastern Standard Time (Queensland),2004-01-23 18:58:00,2020-07-15, 
1689,2004-01-24 00:40:00,143.2829514,-12.74221331,radio-transmitter, ,#1006146693,21,"Green python Morelia viridis, Cape York Australia",747879,8590282,54S,Australian Eastern Standard Time (Queensland),2004-01-24 10:40:00,2020-07-15, 
1690,2004-01-24 08:54:00,143.2829051,-12.74217757,radio-transmitter, ,#1006146693,21,"Green python Morelia viridis, Cape York Australia",747874,8590286,54S,Australian Eastern Standard Time (Queensland),2004-01-24 18:54:00,2020-07-15, 
1691,2004-01-25 00:45:00,143.2828682,-12.74216885,radio-transmitter, ,#1006146693,21,"Green python Morelia viridis, Cape York Australia",747870,8590287,54S,Australian Eastern Standard Time (Queensland),2004-01-25 10:45:00,2020-07-15, 
1692,2004-01-27 00:47:00,143.2825609,-12.74281308,radio-transmitter, ,#1006146693,21,"Green python Morelia viridis, Cape York Australia",747836,8590216,54S,Australian Eastern Standard Time (Queensland),2004-01-27 10:47:00,2020-07-15, 
1693,2004-01-29 00:04:00,143.2821579,-12.74303343,radio-transmitter, ,#1006146693,21,"Green python Morelia viridis, Cape York Australia",747792,8590192,54S,Australian Eastern Standard Time (Queensland),2004-01-29 10:04:00,2020-07-15, 
1694,2004-01-31 00:25:00,143.2817479,-12.7435159,radio-transmitter, ,#1006146693,21,"Green python Morelia viridis, Cape York Australia",747747,8590139,54S,Australian Eastern Standard Time (Queensland),2004-01-31 10:25:00,2020-07-15, 
1695,2004-02-01 22:42:00,143.2817508,-12.74383215,radio-transmitter, ,#1006146693,21,"Green python Morelia viridis, Cape York Australia",747747,8590104,54S,Australian Eastern Standard Time (Queensland),2004-02-02 08:42:00,2020-07-15, 
1696,2004-02-03 22:47:00,143.2817508,-12.74383215,radio-transmitter, ,#1006146693,21,"Green python Morelia viridis, Cape York Australia",747747,8590104,54S,Australian Eastern Standard Time (Queensland),2004-02-04 08:47:00,2020-07-15, 
1697,2004-02-06 00:13:00,143.2817508,-12.74383215,radio-transmitter, ,#1006146693,21,"Green python Morelia viridis, Cape York Australia",747747,8590104,54S,Australian Eastern Standard Time (Queensland),2004-02-06 10:13:00,2020-07-15, 
1698,2004-02-08 02:43:00,143.2817508,-12.74383215,radio-transmitter, ,#1006146693,21,"Green python Morelia viridis, Cape York Australia",747747,8590104,54S,Australian Eastern Standard Time (Queensland),2004-02-08 12:43:00,2020-07-15, 
1699,2004-02-09 23:27:00,143.2817508,-12.74383215,radio-transmitter, ,#1006146693,21,"Green python Morelia viridis, Cape York Australia",747747,8590104,54S,Australian Eastern Standard Time (Queensland),2004-02-10 09:27:00,2020-07-15, 
1700,2004-02-12 00:19:00,143.2817508,-12.74383215,radio-transmitter, ,#1006146693,21,"Green python Morelia viridis, Cape York Australia",747747,8590104,54S,Australian Eastern Standard Time (Queensland),2004-02-12 10:19:00,2020-07-15, 
1701,2004-02-13 23:53:00,143.2817508,-12.74383215,radio-transmitter, ,#1006146693,21,"Green python Morelia viridis, Cape York Australia",747747,8590104,54S,Australian Eastern Standard Time (Queensland),2004-02-14 09:53:00,2020-07-15, 
1702,2004-02-17 01:56:00,143.2804786,-12.74362625,radio-transmitter, ,#1006146693,21,"Green python Morelia viridis, Cape York Australia",747609,8590128,54S,Australian Eastern Standard Time (Queensland),2004-02-17 11:56:00,2020-07-15, 
1703,2004-02-18 23:47:00,143.2798609,-12.74353217,radio-transmitter, ,#1006146693,21,"Green python Morelia viridis, Cape York Australia",747542,8590139,54S,Australian Eastern Standard Time (Queensland),2004-02-19 09:47:00,2020-07-15, 
1704,2004-02-20 23:23:00,143.2790844,-12.74316837,radio-transmitter, ,#1006146693,21,"Green python Morelia viridis, Cape York Australia",747458,8590180,54S,Australian Eastern Standard Time (Queensland),2004-02-21 09:23:00,2020-07-15, 
1705,2004-02-21 05:40:00,143.2790844,-12.74316837,radio-transmitter, ,#1006146693,21,"Green python Morelia viridis, Cape York Australia",747458,8590180,54S,Australian Eastern Standard Time (Queensland),2004-02-21 15:40:00,2020-07-15, 
1706,2004-02-22 23:44:00,143.2795855,-12.74258573,radio-transmitter, ,#1006146693,21,"Green python Morelia viridis, Cape York Australia",747513,8590244,54S,Australian Eastern Standard Time (Queensland),2004-02-23 09:44:00,2020-07-15, 
1707,2004-02-24 23:27:00,143.2798224,-12.74231259,radio-transmitter, ,#1006146693,21,"Green python Morelia viridis, Cape York Australia",747539,8590274,54S,Australian Eastern Standard Time (Queensland),2004-02-25 09:27:00,2020-07-15, 
1708,2004-02-27 00:42:00,143.2798771,-12.74224887,radio-transmitter, ,#1006146693,21,"Green python Morelia viridis, Cape York Australia",747545,8590281,54S,Australian Eastern Standard Time (Queensland),2004-02-27 10:42:00,2020-07-15, 
1709,2004-03-01 02:45:00,143.2799955,-12.7421123,radio-transmitter, ,#1006146693,21,"Green python Morelia viridis, Cape York Australia",747558,8590296,54S,Australian Eastern Standard Time (Queensland),2004-03-01 12:45:00,2020-07-15, 
1710,2004-03-03 01:03:00,143.2809386,-12.74256503,radio-transmitter, ,#1006146693,21,"Green python Morelia viridis, Cape York Australia",747660,8590245,54S,Australian Eastern Standard Time (Queensland),2004-03-03 11:03:00,2020-07-15, 
1711,2004-03-06 01:35:00,143.2811226,-12.74256344,radio-transmitter, ,#1006146693,21,"Green python Morelia viridis, Cape York Australia",747680,8590245,54S,Australian Eastern Standard Time (Queensland),2004-03-06 11:35:00,2020-07-15, 
1712,2004-03-08 01:33:00,143.2813804,-12.74256121,radio-transmitter, ,#1006146693,21,"Green python Morelia viridis, Cape York Australia",747708,8590245,54S,Australian Eastern Standard Time (Queensland),2004-03-08 11:33:00,2020-07-15, 
1713,2004-03-10 01:53:00,143.2813804,-12.74256121,radio-transmitter, ,#1006146693,21,"Green python Morelia viridis, Cape York Australia",747708,8590245,54S,Australian Eastern Standard Time (Queensland),2004-03-10 11:53:00,2020-07-15, 
1714,2004-03-14 04:45:00,143.2814925,-12.74275001,radio-transmitter, ,#1006146693,21,"Green python Morelia viridis, Cape York Australia",747720,8590224,54S,Australian Eastern Standard Time (Queensland),2004-03-14 14:45:00,2020-07-15, 
1715,2004-03-16 01:37:00,143.2815112,-12.74277696,radio-transmitter, ,#1006146693,21,"Green python Morelia viridis, Cape York Australia",747722,8590221,54S,Australian Eastern Standard Time (Queensland),2004-03-16 11:37:00,2020-07-15, 
1716,2004-03-19 01:56:00,143.2815112,-12.74277696,radio-transmitter, ,#1006146693,21,"Green python Morelia viridis, Cape York Australia",747722,8590221,54S,Australian Eastern Standard Time (Queensland),2004-03-19 11:56:00,2020-07-15, 
1717,2004-03-21 02:04:00,143.2815112,-12.74277696,radio-transmitter, ,#1006146693,21,"Green python Morelia viridis, Cape York Australia",747722,8590221,54S,Australian Eastern Standard Time (Queensland),2004-03-21 12:04:00,2020-07-15, 
1718,2004-03-23 02:20:00,143.2821013,-12.7428803,radio-transmitter, ,#1006146693,21,"Green python Morelia viridis, Cape York Australia",747786,8590209,54S,Australian Eastern Standard Time (Queensland),2004-03-23 12:20:00,2020-07-15, 
1719,2004-03-26 01:15:00,143.2846118,-12.74259658,radio-transmitter, ,#1006146693,21,"Green python Morelia viridis, Cape York Australia",748059,8590238,54S,Australian Eastern Standard Time (Queensland),2004-03-26 11:15:00,2020-07-15, 
1720,2004-03-28 06:22:00,143.284815,-12.74266711,radio-transmitter, ,#1006146693,21,"Green python Morelia viridis, Cape York Australia",748081,8590230,54S,Australian Eastern Standard Time (Queensland),2004-03-28 16:22:00,2020-07-15, 
1721,2004-03-30 01:04:00,143.284971,-12.74261155,radio-transmitter, ,#1006146693,21,"Green python Morelia viridis, Cape York Australia",748098,8590236,54S,Australian Eastern Standard Time (Queensland),2004-03-30 11:04:00,2020-07-15, 
1722,2004-04-01 02:47:00,143.284971,-12.74261155,radio-transmitter, ,#1006146693,21,"Green python Morelia viridis, Cape York Australia",748098,8590236,54S,Australian Eastern Standard Time (Queensland),2004-04-01 12:47:00,2020-07-15, 
1723,2004-04-02 06:17:00,143.284971,-12.74261155,radio-transmitter, ,#1006146693,21,"Green python Morelia viridis, Cape York Australia",748098,8590236,54S,Australian Eastern Standard Time (Queensland),2004-04-02 16:17:00,2020-07-15, 
1724,2004-04-03 07:15:00,143.284971,-12.74261155,radio-transmitter, ,#1006146693,21,"Green python Morelia viridis, Cape York Australia",748098,8590236,54S,Australian Eastern Standard Time (Queensland),2004-04-03 17:15:00,2020-07-15, 
1725,2004-04-04 03:20:00,143.284971,-12.74261155,radio-transmitter, ,#1006146693,21,"Green python Morelia viridis, Cape York Australia",748098,8590236,54S,Australian Eastern Standard Time (Queensland),2004-04-04 13:20:00,2020-07-15, 
1726,2004-04-05 03:37:00,143.284971,-12.74261155,radio-transmitter, ,#1006146693,21,"Green python Morelia viridis, Cape York Australia",748098,8590236,54S,Australian Eastern Standard Time (Queensland),2004-04-05 13:37:00,2020-07-15, 
1727,2004-04-05 21:47:00,143.284971,-12.74261155,radio-transmitter, ,#1006146693,21,"Green python Morelia viridis, Cape York Australia",748098,8590236,54S,Australian Eastern Standard Time (Queensland),2004-04-06 07:47:00,2020-07-15, 
1728,2003-09-15 12:00:00,143.2925874,-12.71226491,radio-transmitter, ,#1006146697,22,"Green python Morelia viridis, Cape York Australia",748955,8593587,54S,Australian Eastern Standard Time (Queensland),2003-09-15 22:00:00,2020-07-15, 
1729,2003-09-20 01:33:00,143.2926149,-12.7122466,radio-transmitter, ,#1006146697,22,"Green python Morelia viridis, Cape York Australia",748958,8593589,54S,Australian Eastern Standard Time (Queensland),2003-09-20 11:33:00,2020-07-15, 
1730,2003-09-20 23:19:00,143.2925509,-12.71230137,radio-transmitter, ,#1006146697,22,"Green python Morelia viridis, Cape York Australia",748951,8593583,54S,Australian Eastern Standard Time (Queensland),2003-09-21 09:19:00,2020-07-15, 
1731,2003-09-22 05:12:00,143.2925509,-12.71230137,radio-transmitter, ,#1006146697,22,"Green python Morelia viridis, Cape York Australia",748951,8593583,54S,Australian Eastern Standard Time (Queensland),2003-09-22 15:12:00,2020-07-15, 
1732,2003-09-23 03:54:00,143.2924784,-12.71241947,radio-transmitter, ,#1006146697,22,"Green python Morelia viridis, Cape York Australia",748943,8593570,54S,Australian Eastern Standard Time (Queensland),2003-09-23 13:54:00,2020-07-15, 
1733,2003-09-24 06:00:00,143.2923685,-12.71248367,radio-transmitter, ,#1006146697,22,"Green python Morelia viridis, Cape York Australia",748931,8593563,54S,Australian Eastern Standard Time (Queensland),2003-09-24 16:00:00,2020-07-15, 
1734,2003-09-25 00:32:00,143.2923685,-12.71248367,radio-transmitter, ,#1006146697,22,"Green python Morelia viridis, Cape York Australia",748931,8593563,54S,Australian Eastern Standard Time (Queensland),2003-09-25 10:32:00,2020-07-15, 
1735,2003-09-26 01:27:00,143.2924612,-12.71255516,radio-transmitter, ,#1006146697,22,"Green python Morelia viridis, Cape York Australia",748941,8593555,54S,Australian Eastern Standard Time (Queensland),2003-09-26 11:27:00,2020-07-15, 
1736,2003-09-26 23:47:00,143.2924429,-12.71257339,radio-transmitter, ,#1006146697,22,"Green python Morelia viridis, Cape York Australia",748939,8593553,54S,Australian Eastern Standard Time (Queensland),2003-09-27 09:47:00,2020-07-15, 
1737,2003-09-28 03:04:00,143.292452,-12.71255524,radio-transmitter, ,#1006146697,22,"Green python Morelia viridis, Cape York Australia",748940,8593555,54S,Australian Eastern Standard Time (Queensland),2003-09-28 13:04:00,2020-07-15, 
1738,2003-09-29 05:39:00,143.292452,-12.71255524,radio-transmitter, ,#1006146697,22,"Green python Morelia viridis, Cape York Australia",748940,8593555,54S,Australian Eastern Standard Time (Queensland),2003-09-29 15:39:00,2020-07-15, 
1739,2003-09-30 21:42:00,143.292452,-12.71255524,radio-transmitter, ,#1006146697,22,"Green python Morelia viridis, Cape York Australia",748940,8593555,54S,Australian Eastern Standard Time (Queensland),2003-10-01 07:42:00,2020-07-15, 
1740,2003-10-02 06:02:00,143.292452,-12.71255524,radio-transmitter, ,#1006146697,22,"Green python Morelia viridis, Cape York Australia",748940,8593555,54S,Australian Eastern Standard Time (Queensland),2003-10-02 16:02:00,2020-07-15, 
1741,2003-10-03 06:53:00,143.292452,-12.71255524,radio-transmitter, ,#1006146697,22,"Green python Morelia viridis, Cape York Australia",748940,8593555,54S,Australian Eastern Standard Time (Queensland),2003-10-03 16:53:00,2020-07-15, 
1742,2003-10-03 12:26:00,143.292452,-12.71255524,radio-transmitter, ,#1006146697,22,"Green python Morelia viridis, Cape York Australia",748940,8593555,54S,Australian Eastern Standard Time (Queensland),2003-10-03 22:26:00,2020-07-15, 
1743,2003-10-04 05:12:00,143.292452,-12.71255524,radio-transmitter, ,#1006146697,22,"Green python Morelia viridis, Cape York Australia",748940,8593555,54S,Australian Eastern Standard Time (Queensland),2003-10-04 15:12:00,2020-07-15, 
1744,2003-10-04 11:29:00,143.292452,-12.71255524,radio-transmitter, ,#1006146697,22,"Green python Morelia viridis, Cape York Australia",748940,8593555,54S,Australian Eastern Standard Time (Queensland),2003-10-04 21:29:00,2020-07-15, 
1745,2003-10-04 21:48:00,143.292452,-12.71255524,radio-transmitter, ,#1006146697,22,"Green python Morelia viridis, Cape York Australia",748940,8593555,54S,Australian Eastern Standard Time (Queensland),2003-10-05 07:48:00,2020-07-15, 
1746,2003-11-06 05:35:00,143.292865,-12.71242516,radio-transmitter, ,#1006146697,22,"Green python Morelia viridis, Cape York Australia",748985,8593569,54S,Australian Eastern Standard Time (Queensland),2003-11-06 15:35:00,2020-07-15, 
1747,2003-11-07 00:05:00,143.2928468,-12.71245243,radio-transmitter, ,#1006146697,22,"Green python Morelia viridis, Cape York Australia",748983,8593566,54S,Australian Eastern Standard Time (Queensland),2003-11-07 10:05:00,2020-07-15, 
1748,2003-11-07 10:57:00,143.2928467,-12.71244339,radio-transmitter, ,#1006146697,22,"Green python Morelia viridis, Cape York Australia",748983,8593567,54S,Australian Eastern Standard Time (Queensland),2003-11-07 20:57:00,2020-07-15, 
1749,2003-11-08 00:49:00,143.2928468,-12.71245243,radio-transmitter, ,#1006146697,22,"Green python Morelia viridis, Cape York Australia",748983,8593566,54S,Australian Eastern Standard Time (Queensland),2003-11-08 10:49:00,2020-07-15, 
1750,2003-11-09 00:02:00,143.292764,-12.71245314,radio-transmitter, ,#1006146697,22,"Green python Morelia viridis, Cape York Australia",748974,8593566,54S,Australian Eastern Standard Time (Queensland),2003-11-09 10:02:00,2020-07-15, 
1751,2003-11-09 11:10:00,143.292764,-12.71245314,radio-transmitter, ,#1006146697,22,"Green python Morelia viridis, Cape York Australia",748974,8593566,54S,Australian Eastern Standard Time (Queensland),2003-11-09 21:10:00,2020-07-15, 
1752,2003-11-10 07:03:00,143.2927273,-12.71247153,radio-transmitter, ,#1006146697,22,"Green python Morelia viridis, Cape York Australia",748970,8593564,54S,Australian Eastern Standard Time (Queensland),2003-11-10 17:03:00,2020-07-15, 
1753,2003-11-10 12:40:00,143.2927182,-12.71248065,radio-transmitter, ,#1006146697,22,"Green python Morelia viridis, Cape York Australia",748969,8593563,54S,Australian Eastern Standard Time (Queensland),2003-11-10 22:40:00,2020-07-15, 
1754,2003-11-11 01:06:00,143.2930249,-12.7117822,radio-transmitter, ,#1006146697,22,"Green python Morelia viridis, Cape York Australia",749003,8593640,54S,Australian Eastern Standard Time (Queensland),2003-11-11 11:06:00,2020-07-15, 
1755,2003-11-11 11:54:00,143.2930514,-12.71165546,radio-transmitter, ,#1006146697,22,"Green python Morelia viridis, Cape York Australia",749006,8593654,54S,Australian Eastern Standard Time (Queensland),2003-11-11 21:54:00,2020-07-15, 
1756,2003-11-12 00:27:00,143.2933719,-12.71147196,radio-transmitter, ,#1006146697,22,"Green python Morelia viridis, Cape York Australia",749041,8593674,54S,Australian Eastern Standard Time (Queensland),2003-11-12 10:27:00,2020-07-15, 
1757,2003-11-13 07:14:00,143.2933719,-12.71147196,radio-transmitter, ,#1006146697,22,"Green python Morelia viridis, Cape York Australia",749041,8593674,54S,Australian Eastern Standard Time (Queensland),2003-11-13 17:14:00,2020-07-15, 
1758,2003-11-14 00:07:00,143.2933628,-12.71149011,radio-transmitter, ,#1006146697,22,"Green python Morelia viridis, Cape York Australia",749040,8593672,54S,Australian Eastern Standard Time (Queensland),2003-11-14 10:07:00,2020-07-15, 
1759,2003-11-14 23:29:00,143.2931408,-12.71136552,radio-transmitter, ,#1006146697,22,"Green python Morelia viridis, Cape York Australia",749016,8593686,54S,Australian Eastern Standard Time (Queensland),2003-11-15 09:29:00,2020-07-15, 
1760,2003-11-16 00:24:00,143.2928651,-12.71141309,radio-transmitter, ,#1006146697,22,"Green python Morelia viridis, Cape York Australia",748986,8593681,54S,Australian Eastern Standard Time (Queensland),2003-11-16 10:24:00,2020-07-15, 
1761,2003-11-16 23:17:00,143.2928468,-12.71142229,radio-transmitter, ,#1006146697,22,"Green python Morelia viridis, Cape York Australia",748984,8593680,54S,Australian Eastern Standard Time (Queensland),2003-11-17 09:17:00,2020-07-15, 
1762,2003-11-18 00:23:00,143.2929589,-12.71161108,radio-transmitter, ,#1006146697,22,"Green python Morelia viridis, Cape York Australia",748996,8593659,54S,Australian Eastern Standard Time (Queensland),2003-11-18 10:23:00,2020-07-15, 
1763,2003-11-19 00:40:00,143.2931646,-12.71196172,radio-transmitter, ,#1006146697,22,"Green python Morelia viridis, Cape York Australia",749018,8593620,54S,Australian Eastern Standard Time (Queensland),2003-11-19 10:40:00,2020-07-15, 
1764,2003-11-19 22:59:00,143.2929642,-12.7121984,radio-transmitter, ,#1006146697,22,"Green python Morelia viridis, Cape York Australia",748996,8593594,54S,Australian Eastern Standard Time (Queensland),2003-11-20 08:59:00,2020-07-15, 
1765,2003-11-20 13:16:00,143.2929368,-12.71221671,radio-transmitter, ,#1006146697,22,"Green python Morelia viridis, Cape York Australia",748993,8593592,54S,Australian Eastern Standard Time (Queensland),2003-11-20 23:16:00,2020-07-15, 
1766,2003-11-20 22:59:00,143.2929642,-12.7121984,radio-transmitter, ,#1006146697,22,"Green python Morelia viridis, Cape York Australia",748996,8593594,54S,Australian Eastern Standard Time (Queensland),2003-11-21 08:59:00,2020-07-15, 
1767,2003-11-21 12:27:00,143.2929368,-12.71221671,radio-transmitter, ,#1006146697,22,"Green python Morelia viridis, Cape York Australia",748993,8593592,54S,Australian Eastern Standard Time (Queensland),2003-11-21 22:27:00,2020-07-15, 
1768,2003-11-22 00:22:00,143.2929642,-12.7121984,radio-transmitter, ,#1006146697,22,"Green python Morelia viridis, Cape York Australia",748996,8593594,54S,Australian Eastern Standard Time (Queensland),2003-11-22 10:22:00,2020-07-15, 
1769,2003-11-22 12:19:00,143.2929368,-12.71221671,radio-transmitter, ,#1006146697,22,"Green python Morelia viridis, Cape York Australia",748993,8593592,54S,Australian Eastern Standard Time (Queensland),2003-11-22 22:19:00,2020-07-15, 
1770,2003-11-23 00:23:00,143.2929642,-12.7121984,radio-transmitter, ,#1006146697,22,"Green python Morelia viridis, Cape York Australia",748996,8593594,54S,Australian Eastern Standard Time (Queensland),2003-11-23 10:23:00,2020-07-15, 
1771,2003-11-24 00:32:00,143.2929548,-12.7121804,radio-transmitter, ,#1006146697,22,"Green python Morelia viridis, Cape York Australia",748995,8593596,54S,Australian Eastern Standard Time (Queensland),2003-11-24 10:32:00,2020-07-15, 
1772,2003-11-24 10:53:00,143.2929548,-12.7121804,radio-transmitter, ,#1006146697,22,"Green python Morelia viridis, Cape York Australia",748995,8593596,54S,Australian Eastern Standard Time (Queensland),2003-11-24 20:53:00,2020-07-15, 
1773,2003-11-24 23:40:00,143.2929548,-12.7121804,radio-transmitter, ,#1006146697,22,"Green python Morelia viridis, Cape York Australia",748995,8593596,54S,Australian Eastern Standard Time (Queensland),2003-11-25 09:40:00,2020-07-15, 
1774,2003-11-25 12:18:00,143.2929548,-12.7121804,radio-transmitter, ,#1006146697,22,"Green python Morelia viridis, Cape York Australia",748995,8593596,54S,Australian Eastern Standard Time (Queensland),2003-11-25 22:18:00,2020-07-15, 
1775,2003-11-25 23:31:00,143.2929732,-12.71218024,radio-transmitter, ,#1006146697,22,"Green python Morelia viridis, Cape York Australia",748997,8593596,54S,Australian Eastern Standard Time (Queensland),2003-11-26 09:31:00,2020-07-15, 
1776,2003-11-26 11:25:00,143.2930102,-12.712198,radio-transmitter, ,#1006146697,22,"Green python Morelia viridis, Cape York Australia",749001,8593594,54S,Australian Eastern Standard Time (Queensland),2003-11-26 21:25:00,2020-07-15, 
1777,2003-11-26 23:16:00,143.2930007,-12.71216193,radio-transmitter, ,#1006146697,22,"Green python Morelia viridis, Cape York Australia",749000,8593598,54S,Australian Eastern Standard Time (Queensland),2003-11-27 09:16:00,2020-07-15, 
1778,2003-11-27 22:29:00,143.2930007,-12.71216193,radio-transmitter, ,#1006146697,22,"Green python Morelia viridis, Cape York Australia",749000,8593598,54S,Australian Eastern Standard Time (Queensland),2003-11-28 08:29:00,2020-07-15, 
1779,2003-11-28 22:43:00,143.2930493,-12.71245068,radio-transmitter, ,#1006146697,22,"Green python Morelia viridis, Cape York Australia",749005,8593566,54S,Australian Eastern Standard Time (Queensland),2003-11-29 08:43:00,2020-07-15, 
1780,2003-11-29 10:32:00,143.2930401,-12.71245076,radio-transmitter, ,#1006146697,22,"Green python Morelia viridis, Cape York Australia",749004,8593566,54S,Australian Eastern Standard Time (Queensland),2003-11-29 20:32:00,2020-07-15, 
1781,2003-11-30 00:06:00,143.2931598,-12.71244972,radio-transmitter, ,#1006146697,22,"Green python Morelia viridis, Cape York Australia",749017,8593566,54S,Australian Eastern Standard Time (Queensland),2003-11-30 10:06:00,2020-07-15, 
1782,2003-11-30 11:07:00,143.2931598,-12.71244972,radio-transmitter, ,#1006146697,22,"Green python Morelia viridis, Cape York Australia",749017,8593566,54S,Australian Eastern Standard Time (Queensland),2003-11-30 21:07:00,2020-07-15, 
1783,2003-11-30 23:05:00,143.2928088,-12.71231721,radio-transmitter, ,#1006146697,22,"Green python Morelia viridis, Cape York Australia",748979,8593581,54S,Australian Eastern Standard Time (Queensland),2003-12-01 09:05:00,2020-07-15, 
1784,2003-12-01 11:59:00,143.2931321,-12.71244092,radio-transmitter, ,#1006146697,22,"Green python Morelia viridis, Cape York Australia",749014,8593567,54S,Australian Eastern Standard Time (Queensland),2003-12-01 21:59:00,2020-07-15, 
1785,2003-12-01 23:20:00,143.2928363,-12.71230794,radio-transmitter, ,#1006146697,22,"Green python Morelia viridis, Cape York Australia",748982,8593582,54S,Australian Eastern Standard Time (Queensland),2003-12-02 09:20:00,2020-07-15, 
1786,2003-12-02 11:33:00,143.2928363,-12.71230794,radio-transmitter, ,#1006146697,22,"Green python Morelia viridis, Cape York Australia",748982,8593582,54S,Australian Eastern Standard Time (Queensland),2003-12-02 21:33:00,2020-07-15, 
1787,2003-12-03 04:54:00,143.2928455,-12.71230786,radio-transmitter, ,#1006146697,22,"Green python Morelia viridis, Cape York Australia",748983,8593582,54S,Australian Eastern Standard Time (Queensland),2003-12-03 14:54:00,2020-07-15, 
1788,2003-12-04 00:17:00,143.2927995,-12.71230826,radio-transmitter, ,#1006146697,22,"Green python Morelia viridis, Cape York Australia",748978,8593582,54S,Australian Eastern Standard Time (Queensland),2003-12-04 10:17:00,2020-07-15, 
1789,2003-12-04 23:57:00,143.2927995,-12.71230826,radio-transmitter, ,#1006146697,22,"Green python Morelia viridis, Cape York Australia",748978,8593582,54S,Australian Eastern Standard Time (Queensland),2003-12-05 09:57:00,2020-07-15, 
1790,2003-12-06 00:44:00,143.2927715,-12.71226332,radio-transmitter, ,#1006146697,22,"Green python Morelia viridis, Cape York Australia",748975,8593587,54S,Australian Eastern Standard Time (Queensland),2003-12-06 10:44:00,2020-07-15, 
1791,2003-12-18 23:12:00,143.2931132,-12.71238687,radio-transmitter, ,#1006146697,22,"Green python Morelia viridis, Cape York Australia",749012,8593573,54S,Australian Eastern Standard Time (Queensland),2003-12-19 09:12:00,2020-07-15, 
1792,2003-12-20 00:02:00,143.2931132,-12.71238687,radio-transmitter, ,#1006146697,22,"Green python Morelia viridis, Cape York Australia",749012,8593573,54S,Australian Eastern Standard Time (Queensland),2003-12-20 10:02:00,2020-07-15, 
1793,2003-12-20 11:59:00,143.2931132,-12.71238687,radio-transmitter, ,#1006146697,22,"Green python Morelia viridis, Cape York Australia",749012,8593573,54S,Australian Eastern Standard Time (Queensland),2003-12-20 21:59:00,2020-07-15, 
1794,2003-12-21 05:43:00,143.2931323,-12.71246803,radio-transmitter, ,#1006146697,22,"Green python Morelia viridis, Cape York Australia",749014,8593564,54S,Australian Eastern Standard Time (Queensland),2003-12-21 15:43:00,2020-07-15, 
1795,2003-12-21 23:10:00,143.2931323,-12.71246803,radio-transmitter, ,#1006146697,22,"Green python Morelia viridis, Cape York Australia",749014,8593564,54S,Australian Eastern Standard Time (Queensland),2003-12-22 09:10:00,2020-07-15, 
1796,2003-12-23 23:03:00,143.2931593,-12.71240454,radio-transmitter, ,#1006146697,22,"Green python Morelia viridis, Cape York Australia",749017,8593571,54S,Australian Eastern Standard Time (Queensland),2003-12-24 09:03:00,2020-07-15, 
1797,2003-12-24 10:40:00,143.2931593,-12.71239551,radio-transmitter, ,#1006146697,22,"Green python Morelia viridis, Cape York Australia",749017,8593572,54S,Australian Eastern Standard Time (Queensland),2003-12-24 20:40:00,2020-07-15, 
1798,2003-12-24 23:53:00,143.2931501,-12.71239559,radio-transmitter, ,#1006146697,22,"Green python Morelia viridis, Cape York Australia",749016,8593572,54S,Australian Eastern Standard Time (Queensland),2003-12-25 09:53:00,2020-07-15, 
1799,2003-12-25 23:18:00,143.2931501,-12.71239559,radio-transmitter, ,#1006146697,22,"Green python Morelia viridis, Cape York Australia",749016,8593572,54S,Australian Eastern Standard Time (Queensland),2003-12-26 09:18:00,2020-07-15, 
1800,2003-12-26 11:25:00,143.2931498,-12.71236848,radio-transmitter, ,#1006146697,22,"Green python Morelia viridis, Cape York Australia",749016,8593575,54S,Australian Eastern Standard Time (Queensland),2003-12-26 21:25:00,2020-07-15, 
1801,2003-12-27 00:35:00,143.2931498,-12.71236848,radio-transmitter, ,#1006146697,22,"Green python Morelia viridis, Cape York Australia",749016,8593575,54S,Australian Eastern Standard Time (Queensland),2003-12-27 10:35:00,2020-07-15, 
1802,2003-12-27 10:17:00,143.2931498,-12.71236848,radio-transmitter, ,#1006146697,22,"Green python Morelia viridis, Cape York Australia",749016,8593575,54S,Australian Eastern Standard Time (Queensland),2003-12-27 20:17:00,2020-07-15, 
1803,2003-12-28 01:18:00,143.2931498,-12.71236848,radio-transmitter, ,#1006146697,22,"Green python Morelia viridis, Cape York Australia",749016,8593575,54S,Australian Eastern Standard Time (Queensland),2003-12-28 11:18:00,2020-07-15, 
1804,2003-12-28 10:48:00,143.2932052,-12.71238607,radio-transmitter, ,#1006146697,22,"Green python Morelia viridis, Cape York Australia",749022,8593573,54S,Australian Eastern Standard Time (Queensland),2003-12-28 20:48:00,2020-07-15, 
1805,2003-12-29 00:12:00,143.2931885,-12.71257598,radio-transmitter, ,#1006146697,22,"Green python Morelia viridis, Cape York Australia",749020,8593552,54S,Australian Eastern Standard Time (Queensland),2003-12-29 10:12:00,2020-07-15, 
1806,2003-12-29 10:30:00,143.2931974,-12.71253976,radio-transmitter, ,#1006146697,22,"Green python Morelia viridis, Cape York Australia",749021,8593556,54S,Australian Eastern Standard Time (Queensland),2003-12-29 20:30:00,2020-07-15, 
1807,2003-12-30 00:23:00,143.2931057,-12.7125767,radio-transmitter, ,#1006146697,22,"Green python Morelia viridis, Cape York Australia",749011,8593552,54S,Australian Eastern Standard Time (Queensland),2003-12-30 10:23:00,2020-07-15, 
1808,2003-12-30 11:24:00,143.2931057,-12.7125767,radio-transmitter, ,#1006146697,22,"Green python Morelia viridis, Cape York Australia",749011,8593552,54S,Australian Eastern Standard Time (Queensland),2003-12-30 21:24:00,2020-07-15, 
1809,2003-12-31 00:36:00,143.2930506,-12.71259525,radio-transmitter, ,#1006146697,22,"Green python Morelia viridis, Cape York Australia",749005,8593550,54S,Australian Eastern Standard Time (Queensland),2003-12-31 10:36:00,2020-07-15, 
1810,2003-12-31 22:20:00,143.2930506,-12.71259525,radio-transmitter, ,#1006146697,22,"Green python Morelia viridis, Cape York Australia",749005,8593550,54S,Australian Eastern Standard Time (Queensland),2004-01-01 08:20:00,2020-07-15, 
1811,2004-01-02 00:39:00,143.2930506,-12.71259525,radio-transmitter, ,#1006146697,22,"Green python Morelia viridis, Cape York Australia",749005,8593550,54S,Australian Eastern Standard Time (Queensland),2004-01-02 10:39:00,2020-07-15, 
1812,2004-01-02 22:03:00,143.2930506,-12.71259525,radio-transmitter, ,#1006146697,22,"Green python Morelia viridis, Cape York Australia",749005,8593550,54S,Australian Eastern Standard Time (Queensland),2004-01-03 08:03:00,2020-07-15, 
1813,2004-01-04 22:58:00,143.2930506,-12.71259525,radio-transmitter, ,#1006146697,22,"Green python Morelia viridis, Cape York Australia",749005,8593550,54S,Australian Eastern Standard Time (Queensland),2004-01-05 08:58:00,2020-07-15, 
1814,2004-01-05 22:44:00,143.2930506,-12.71259525,radio-transmitter, ,#1006146697,22,"Green python Morelia viridis, Cape York Australia",749005,8593550,54S,Australian Eastern Standard Time (Queensland),2004-01-06 08:44:00,2020-07-15, 
1815,2004-01-06 22:53:00,143.2930506,-12.71259525,radio-transmitter, ,#1006146697,22,"Green python Morelia viridis, Cape York Australia",749005,8593550,54S,Australian Eastern Standard Time (Queensland),2004-01-07 08:53:00,2020-07-15, 
1816,2004-01-08 00:46:00,143.2930689,-12.71257702,radio-transmitter, ,#1006146697,22,"Green python Morelia viridis, Cape York Australia",749007,8593552,54S,Australian Eastern Standard Time (Queensland),2004-01-08 10:46:00,2020-07-15, 
1817,2004-01-08 23:41:00,143.2930689,-12.71257702,radio-transmitter, ,#1006146697,22,"Green python Morelia viridis, Cape York Australia",749007,8593552,54S,Australian Eastern Standard Time (Queensland),2004-01-09 09:41:00,2020-07-15, 
1818,2004-01-10 02:20:00,143.2930877,-12.71262203,radio-transmitter, ,#1006146697,22,"Green python Morelia viridis, Cape York Australia",749009,8593547,54S,Australian Eastern Standard Time (Queensland),2004-01-10 12:20:00,2020-07-15, 
1819,2004-01-11 00:30:00,143.2930877,-12.71262203,radio-transmitter, ,#1006146697,22,"Green python Morelia viridis, Cape York Australia",749009,8593547,54S,Australian Eastern Standard Time (Queensland),2004-01-11 10:30:00,2020-07-15, 
1820,2004-01-12 01:02:00,143.2930877,-12.71262203,radio-transmitter, ,#1006146697,22,"Green python Morelia viridis, Cape York Australia",749009,8593547,54S,Australian Eastern Standard Time (Queensland),2004-01-12 11:02:00,2020-07-15, 
1821,2004-01-13 00:05:00,143.2930877,-12.71262203,radio-transmitter, ,#1006146697,22,"Green python Morelia viridis, Cape York Australia",749009,8593547,54S,Australian Eastern Standard Time (Queensland),2004-01-13 10:05:00,2020-07-15, 
1822,2004-01-14 00:32:00,143.2930877,-12.71262203,radio-transmitter, ,#1006146697,22,"Green python Morelia viridis, Cape York Australia",749009,8593547,54S,Australian Eastern Standard Time (Queensland),2004-01-14 10:32:00,2020-07-15, 
1823,2004-01-16 01:07:00,143.2931237,-12.71253136,radio-transmitter, ,#1006146697,22,"Green python Morelia viridis, Cape York Australia",749013,8593557,54S,Australian Eastern Standard Time (Queensland),2004-01-16 11:07:00,2020-07-15, 
1824,2004-01-17 01:40:00,143.2931221,-12.71235968,radio-transmitter, ,#1006146697,22,"Green python Morelia viridis, Cape York Australia",749013,8593576,54S,Australian Eastern Standard Time (Queensland),2004-01-17 11:40:00,2020-07-15, 
1825,2004-01-18 00:31:00,143.2931221,-12.71235968,radio-transmitter, ,#1006146697,22,"Green python Morelia viridis, Cape York Australia",749013,8593576,54S,Australian Eastern Standard Time (Queensland),2004-01-18 10:31:00,2020-07-15, 
1826,2004-01-18 23:58:00,143.2931221,-12.71235968,radio-transmitter, ,#1006146697,22,"Green python Morelia viridis, Cape York Australia",749013,8593576,54S,Australian Eastern Standard Time (Queensland),2004-01-19 09:58:00,2020-07-15, 
1827,2004-01-21 01:47:00,143.2931221,-12.71235968,radio-transmitter, ,#1006146697,22,"Green python Morelia viridis, Cape York Australia",749013,8593576,54S,Australian Eastern Standard Time (Queensland),2004-01-21 11:47:00,2020-07-15, 
1828,2004-01-21 10:26:00,143.2931684,-12.71238639,radio-transmitter, ,#1006146697,22,"Green python Morelia viridis, Cape York Australia",749018,8593573,54S,Australian Eastern Standard Time (Queensland),2004-01-21 20:26:00,2020-07-15, 
1829,2004-01-23 03:18:00,143.2931982,-12.71263011,radio-transmitter, ,#1006146697,22,"Green python Morelia viridis, Cape York Australia",749021,8593546,54S,Australian Eastern Standard Time (Queensland),2004-01-23 13:18:00,2020-07-15, 
1830,2004-01-24 01:37:00,143.2932078,-12.71267521,radio-transmitter, ,#1006146697,22,"Green python Morelia viridis, Cape York Australia",749022,8593541,54S,Australian Eastern Standard Time (Queensland),2004-01-24 11:37:00,2020-07-15, 
1831,2004-01-25 01:39:00,143.2932078,-12.71267521,radio-transmitter, ,#1006146697,22,"Green python Morelia viridis, Cape York Australia",749022,8593541,54S,Australian Eastern Standard Time (Queensland),2004-01-25 11:39:00,2020-07-15, 
1832,2004-01-27 01:46:00,143.2932171,-12.71268417,radio-transmitter, ,#1006146697,22,"Green python Morelia viridis, Cape York Australia",749023,8593540,54S,Australian Eastern Standard Time (Queensland),2004-01-27 11:46:00,2020-07-15, 
1833,2004-01-28 06:25:00,143.2932903,-12.71263835,radio-transmitter, ,#1006146697,22,"Green python Morelia viridis, Cape York Australia",749031,8593545,54S,Australian Eastern Standard Time (Queensland),2004-01-28 16:25:00,2020-07-15, 
1834,2004-01-29 01:40:00,143.293309,-12.7126653,radio-transmitter, ,#1006146697,22,"Green python Morelia viridis, Cape York Australia",749033,8593542,54S,Australian Eastern Standard Time (Queensland),2004-01-29 11:40:00,2020-07-15, 
1835,2004-01-29 12:23:00,143.2933643,-12.71267386,radio-transmitter, ,#1006146697,22,"Green python Morelia viridis, Cape York Australia",749039,8593541,54S,Australian Eastern Standard Time (Queensland),2004-01-29 22:23:00,2020-07-15, 
1836,2004-01-30 04:05:00,143.2933641,-12.71265579,radio-transmitter, ,#1006146697,22,"Green python Morelia viridis, Cape York Australia",749039,8593543,54S,Australian Eastern Standard Time (Queensland),2004-01-30 14:05:00,2020-07-15, 
1837,2004-01-30 10:56:00,143.2933549,-12.71265587,radio-transmitter, ,#1006146697,22,"Green python Morelia viridis, Cape York Australia",749038,8593543,54S,Australian Eastern Standard Time (Queensland),2004-01-30 20:56:00,2020-07-15, 
1838,2004-01-31 01:57:00,143.2933547,-12.71262876,radio-transmitter, ,#1006146697,22,"Green python Morelia viridis, Cape York Australia",749038,8593546,54S,Australian Eastern Standard Time (Queensland),2004-01-31 11:57:00,2020-07-15, 
1839,2004-01-31 11:01:00,143.2933639,-12.71263772,radio-transmitter, ,#1006146697,22,"Green python Morelia viridis, Cape York Australia",749039,8593545,54S,Australian Eastern Standard Time (Queensland),2004-01-31 21:01:00,2020-07-15, 
1840,2004-02-01 01:36:00,143.2936785,-12.71281572,radio-transmitter, ,#1006146697,22,"Green python Morelia viridis, Cape York Australia",749073,8593525,54S,Australian Eastern Standard Time (Queensland),2004-02-01 11:36:00,2020-07-15, 
1841,2004-02-02 00:23:00,143.2936878,-12.71283371,radio-transmitter, ,#1006146697,22,"Green python Morelia viridis, Cape York Australia",749074,8593523,54S,Australian Eastern Standard Time (Queensland),2004-02-02 10:23:00,2020-07-15, 
1842,2004-02-02 10:55:00,143.2937614,-12.71282404,radio-transmitter, ,#1006146697,22,"Green python Morelia viridis, Cape York Australia",749082,8593524,54S,Australian Eastern Standard Time (Queensland),2004-02-02 20:55:00,2020-07-15, 
1843,2004-02-03 00:55:00,143.2938259,-12.71283252,radio-transmitter, ,#1006146697,22,"Green python Morelia viridis, Cape York Australia",749089,8593523,54S,Australian Eastern Standard Time (Queensland),2004-02-03 10:55:00,2020-07-15, 
1844,2004-02-04 02:36:00,143.2938354,-12.71285955,radio-transmitter, ,#1006146697,22,"Green python Morelia viridis, Cape York Australia",749090,8593520,54S,Australian Eastern Standard Time (Queensland),2004-02-04 12:36:00,2020-07-15, 
1845,2004-02-05 04:30:00,143.2937987,-12.71287794,radio-transmitter, ,#1006146697,22,"Green python Morelia viridis, Cape York Australia",749086,8593518,54S,Australian Eastern Standard Time (Queensland),2004-02-05 14:30:00,2020-07-15, 
1846,2004-02-08 01:30:00,143.2932608,-12.71345188,radio-transmitter, ,#1006146697,22,"Green python Morelia viridis, Cape York Australia",749027,8593455,54S,Australian Eastern Standard Time (Queensland),2004-02-08 11:30:00,2020-07-15, 
1847,2004-02-10 01:34:00,143.2931055,-12.71358877,radio-transmitter, ,#1006146697,22,"Green python Morelia viridis, Cape York Australia",749010,8593440,54S,Australian Eastern Standard Time (Queensland),2004-02-10 11:34:00,2020-07-15, 
1848,2004-02-12 02:15:00,143.2930043,-12.71358964,radio-transmitter, ,#1006146697,22,"Green python Morelia viridis, Cape York Australia",748999,8593440,54S,Australian Eastern Standard Time (Queensland),2004-02-12 12:15:00,2020-07-15, 
1849,2004-02-14 01:54:00,143.2930395,-12.71340861,radio-transmitter, ,#1006146697,22,"Green python Morelia viridis, Cape York Australia",749003,8593460,54S,Australian Eastern Standard Time (Queensland),2004-02-14 11:54:00,2020-07-15, 
1850,2004-02-16 01:11:00,143.2930395,-12.71340861,radio-transmitter, ,#1006146697,22,"Green python Morelia viridis, Cape York Australia",749003,8593460,54S,Australian Eastern Standard Time (Queensland),2004-02-16 11:11:00,2020-07-15, 
1851,2004-02-17 23:57:00,143.2931314,-12.71338974,radio-transmitter, ,#1006146697,22,"Green python Morelia viridis, Cape York Australia",749013,8593462,54S,Australian Eastern Standard Time (Queensland),2004-02-18 09:57:00,2020-07-15, 
1852,2004-02-21 01:15:00,143.2931314,-12.71338974,radio-transmitter, ,#1006146697,22,"Green python Morelia viridis, Cape York Australia",749013,8593462,54S,Australian Eastern Standard Time (Queensland),2004-02-21 11:15:00,2020-07-15, 
1853,2004-02-23 01:06:00,143.2931222,-12.71339886,radio-transmitter, ,#1006146697,22,"Green python Morelia viridis, Cape York Australia",749012,8593461,54S,Australian Eastern Standard Time (Queensland),2004-02-23 11:06:00,2020-07-15, 
1854,2004-02-25 00:48:00,143.2931219,-12.71336272,radio-transmitter, ,#1006146697,22,"Green python Morelia viridis, Cape York Australia",749012,8593465,54S,Australian Eastern Standard Time (Queensland),2004-02-25 10:48:00,2020-07-15, 
1855,2004-02-26 23:21:00,143.2931219,-12.71336272,radio-transmitter, ,#1006146697,22,"Green python Morelia viridis, Cape York Australia",749012,8593465,54S,Australian Eastern Standard Time (Queensland),2004-02-27 09:21:00,2020-07-15, 
1856,2004-02-29 04:53:00,143.2929843,-12.71443923,radio-transmitter, ,#1006146697,22,"Green python Morelia viridis, Cape York Australia",748996,8593346,54S,Australian Eastern Standard Time (Queensland),2004-02-29 14:53:00,2020-07-15, 
1857,2004-03-01 23:52:00,143.2929857,-12.71459284,radio-transmitter, ,#1006146697,22,"Green python Morelia viridis, Cape York Australia",748996,8593329,54S,Australian Eastern Standard Time (Queensland),2004-03-02 09:52:00,2020-07-15, 
1858,2004-03-05 01:05:00,143.2931051,-12.7155858,radio-transmitter, ,#1006146697,22,"Green python Morelia viridis, Cape York Australia",749008,8593219,54S,Australian Eastern Standard Time (Queensland),2004-03-05 11:05:00,2020-07-15, 
1859,2004-03-07 01:08:00,143.2932182,-12.71588302,radio-transmitter, ,#1006146697,22,"Green python Morelia viridis, Cape York Australia",749020,8593186,54S,Australian Eastern Standard Time (Queensland),2004-03-07 11:08:00,2020-07-15, 
1860,2004-03-09 01:23:00,143.292639,-12.71493018,radio-transmitter, ,#1006146697,22,"Green python Morelia viridis, Cape York Australia",748958,8593292,54S,Australian Eastern Standard Time (Queensland),2004-03-09 11:23:00,2020-07-15, 
1861,2004-03-11 01:32:00,143.292639,-12.71493018,radio-transmitter, ,#1006146697,22,"Green python Morelia viridis, Cape York Australia",748958,8593292,54S,Australian Eastern Standard Time (Queensland),2004-03-11 11:32:00,2020-07-15, 
1862,2004-03-14 01:29:00,143.2927538,-12.71439604,radio-transmitter, ,#1006146697,22,"Green python Morelia viridis, Cape York Australia",748971,8593351,54S,Australian Eastern Standard Time (Queensland),2004-03-14 11:29:00,2020-07-15, 
1863,2004-03-15 00:26:00,143.2927534,-12.71435087,radio-transmitter, ,#1006146697,22,"Green python Morelia viridis, Cape York Australia",748971,8593356,54S,Australian Eastern Standard Time (Queensland),2004-03-15 10:26:00,2020-07-15, 
1864,2004-03-18 02:47:00,143.2927534,-12.71435087,radio-transmitter, ,#1006146697,22,"Green python Morelia viridis, Cape York Australia",748971,8593356,54S,Australian Eastern Standard Time (Queensland),2004-03-18 12:47:00,2020-07-15, 
1865,2004-03-21 00:13:00,143.2927534,-12.71435087,radio-transmitter, ,#1006146697,22,"Green python Morelia viridis, Cape York Australia",748971,8593356,54S,Australian Eastern Standard Time (Queensland),2004-03-21 10:13:00,2020-07-15, 
1866,2004-03-22 02:35:00,143.2927534,-12.71435087,radio-transmitter, ,#1006146697,22,"Green python Morelia viridis, Cape York Australia",748971,8593356,54S,Australian Eastern Standard Time (Queensland),2004-03-22 12:35:00,2020-07-15, 
1867,2004-03-24 01:46:00,143.292491,-12.71279889,radio-transmitter, ,#1006146697,22,"Green python Morelia viridis, Cape York Australia",748944,8593528,54S,Australian Eastern Standard Time (Queensland),2004-03-24 11:46:00,2020-07-15, 
1868,2004-03-26 03:02:00,143.2926799,-12.71231833,radio-transmitter, ,#1006146697,22,"Green python Morelia viridis, Cape York Australia",748965,8593581,54S,Australian Eastern Standard Time (Queensland),2004-03-26 13:02:00,2020-07-15, 
1869,2004-03-28 05:56:00,143.2927715,-12.71226332,radio-transmitter, ,#1006146697,22,"Green python Morelia viridis, Cape York Australia",748975,8593587,54S,Australian Eastern Standard Time (Queensland),2004-03-28 15:56:00,2020-07-15, 
1870,2004-03-30 00:41:00,143.2928359,-12.71226276,radio-transmitter, ,#1006146697,22,"Green python Morelia viridis, Cape York Australia",748982,8593587,54S,Australian Eastern Standard Time (Queensland),2004-03-30 10:41:00,2020-07-15, 
1871,2004-04-01 02:23:00,143.2928359,-12.71226276,radio-transmitter, ,#1006146697,22,"Green python Morelia viridis, Cape York Australia",748982,8593587,54S,Australian Eastern Standard Time (Queensland),2004-04-01 12:23:00,2020-07-15, 
1872,2003-01-03 12:36:00,143.2850734,-12.72424877,radio-transmitter, ,#1006146701,23,"Green python Morelia viridis, Cape York Australia",748127,8592268,54S,Australian Eastern Standard Time (Queensland),2003-01-03 22:36:00,2020-07-15, 
1873,2003-01-14 03:15:00,143.2850741,-12.72433009,radio-transmitter, ,#1006146701,23,"Green python Morelia viridis, Cape York Australia",748127,8592259,54S,Australian Eastern Standard Time (Queensland),2003-01-14 13:15:00,2020-07-15, 
1874,2003-01-16 02:16:00,143.2848906,-12.72439493,radio-transmitter, ,#1006146701,23,"Green python Morelia viridis, Cape York Australia",748107,8592252,54S,Australian Eastern Standard Time (Queensland),2003-01-16 12:16:00,2020-07-15, 
1875,2003-01-16 05:45:00,143.2848998,-12.72439485,radio-transmitter, ,#1006146701,23,"Green python Morelia viridis, Cape York Australia",748108,8592252,54S,Australian Eastern Standard Time (Queensland),2003-01-16 15:45:00,2020-07-15, 
1876,2003-01-18 00:00:00,143.2849098,-12.72448512,radio-transmitter, ,#1006146701,23,"Green python Morelia viridis, Cape York Australia",748109,8592242,54S,Australian Eastern Standard Time (Queensland),2003-01-18 10:00:00,2020-07-15, 
1877,2003-01-18 01:25:00,143.2849096,-12.72445802,radio-transmitter, ,#1006146701,23,"Green python Morelia viridis, Cape York Australia",748109,8592245,54S,Australian Eastern Standard Time (Queensland),2003-01-18 11:25:00,2020-07-15, 
1878,2003-01-19 01:32:00,143.2848914,-12.72447625,radio-transmitter, ,#1006146701,23,"Green python Morelia viridis, Cape York Australia",748107,8592243,54S,Australian Eastern Standard Time (Queensland),2003-01-19 11:32:00,2020-07-15, 
1879,2003-01-20 01:54:00,143.2849819,-12.72430378,radio-transmitter, ,#1006146701,23,"Green python Morelia viridis, Cape York Australia",748117,8592262,54S,Australian Eastern Standard Time (Queensland),2003-01-20 11:54:00,2020-07-15, 
1880,2003-01-23 05:55:00,143.2849999,-12.72425844,radio-transmitter, ,#1006146701,23,"Green python Morelia viridis, Cape York Australia",748119,8592267,54S,Australian Eastern Standard Time (Queensland),2003-01-23 15:55:00,2020-07-15, 
1881,2003-01-24 07:55:00,143.2849438,-12.72416856,radio-transmitter, ,#1006146701,23,"Green python Morelia viridis, Cape York Australia",748113,8592277,54S,Australian Eastern Standard Time (Queensland),2003-01-24 17:55:00,2020-07-15, 
1882,2003-01-25 05:10:00,143.2849438,-12.72416856,radio-transmitter, ,#1006146701,23,"Green python Morelia viridis, Cape York Australia",748113,8592277,54S,Australian Eastern Standard Time (Queensland),2003-01-25 15:10:00,2020-07-15, 
1883,2003-01-26 06:05:00,143.2850824,-12.72422158,radio-transmitter, ,#1006146701,23,"Green python Morelia viridis, Cape York Australia",748128,8592271,54S,Australian Eastern Standard Time (Queensland),2003-01-26 16:05:00,2020-07-15, 
1884,2003-01-26 23:50:00,143.2850824,-12.72422158,radio-transmitter, ,#1006146701,23,"Green python Morelia viridis, Cape York Australia",748128,8592271,54S,Australian Eastern Standard Time (Queensland),2003-01-27 09:50:00,2020-07-15, 
1885,2003-01-28 07:05:00,143.2850265,-12.72414977,radio-transmitter, ,#1006146701,23,"Green python Morelia viridis, Cape York Australia",748122,8592279,54S,Australian Eastern Standard Time (Queensland),2003-01-28 17:05:00,2020-07-15, 
1886,2003-01-29 07:50:00,143.2850264,-12.72414074,radio-transmitter, ,#1006146701,23,"Green python Morelia viridis, Cape York Australia",748122,8592280,54S,Australian Eastern Standard Time (Queensland),2003-01-29 17:50:00,2020-07-15, 
1887,2003-01-30 06:36:00,143.2850173,-12.72414985,radio-transmitter, ,#1006146701,23,"Green python Morelia viridis, Cape York Australia",748121,8592279,54S,Australian Eastern Standard Time (Queensland),2003-01-30 16:36:00,2020-07-15, 
1888,2003-01-31 22:57:00,143.2850897,-12.72401368,radio-transmitter, ,#1006146701,23,"Green python Morelia viridis, Cape York Australia",748129,8592294,54S,Australian Eastern Standard Time (Queensland),2003-02-01 08:57:00,2020-07-15, 
1889,2003-02-03 02:30:00,143.2850991,-12.72403167,radio-transmitter, ,#1006146701,23,"Green python Morelia viridis, Cape York Australia",748130,8592292,54S,Australian Eastern Standard Time (Queensland),2003-02-03 12:30:00,2020-07-15, 
1890,2003-02-04 06:35:00,143.2848762,-12.72380769,radio-transmitter, ,#1006146701,23,"Green python Morelia viridis, Cape York Australia",748106,8592317,54S,Australian Eastern Standard Time (Queensland),2003-02-04 16:35:00,2020-07-15, 
1891,2003-02-05 03:18:00,143.2850334,-12.72389669,radio-transmitter, ,#1006146701,23,"Green python Morelia viridis, Cape York Australia",748123,8592307,54S,Australian Eastern Standard Time (Queensland),2003-02-05 13:18:00,2020-07-15, 
1892,2003-02-06 07:55:00,143.2849527,-12.72413234,radio-transmitter, ,#1006146701,23,"Green python Morelia viridis, Cape York Australia",748114,8592281,54S,Australian Eastern Standard Time (Queensland),2003-02-06 17:55:00,2020-07-15, 
1893,2003-02-07 11:37:00,143.2849806,-12.7241592,radio-transmitter, ,#1006146701,23,"Green python Morelia viridis, Cape York Australia",748117,8592278,54S,Australian Eastern Standard Time (Queensland),2003-02-07 21:37:00,2020-07-15, 
1894,2003-02-09 02:05:00,143.2850174,-12.72415889,radio-transmitter, ,#1006146701,23,"Green python Morelia viridis, Cape York Australia",748121,8592278,54S,Australian Eastern Standard Time (Queensland),2003-02-09 12:05:00,2020-07-15, 
1895,2003-02-11 07:20:00,143.2850358,-12.72415873,radio-transmitter, ,#1006146701,23,"Green python Morelia viridis, Cape York Australia",748123,8592278,54S,Australian Eastern Standard Time (Queensland),2003-02-11 17:20:00,2020-07-15, 
1896,2003-02-13 03:00:00,143.2851185,-12.72413994,radio-transmitter, ,#1006146701,23,"Green python Morelia viridis, Cape York Australia",748132,8592280,54S,Australian Eastern Standard Time (Queensland),2003-02-13 13:00:00,2020-07-15, 
1897,2003-02-15 02:35:00,143.2852128,-12.72439215,radio-transmitter, ,#1006146701,23,"Green python Morelia viridis, Cape York Australia",748142,8592252,54S,Australian Eastern Standard Time (Queensland),2003-02-15 12:35:00,2020-07-15, 
1898,2003-02-16 22:42:00,143.2852312,-12.72439199,radio-transmitter, ,#1006146701,23,"Green python Morelia viridis, Cape York Australia",748144,8592252,54S,Australian Eastern Standard Time (Queensland),2003-02-17 08:42:00,2020-07-15, 
1899,2003-02-21 00:00:00,143.2851944,-12.72439231,radio-transmitter, ,#1006146701,23,"Green python Morelia viridis, Cape York Australia",748140,8592252,54S,Australian Eastern Standard Time (Queensland),2003-02-21 10:00:00,2020-07-15, 
1900,2003-02-22 06:20:00,143.2849465,-12.72446674,radio-transmitter, ,#1006146701,23,"Green python Morelia viridis, Cape York Australia",748113,8592244,54S,Australian Eastern Standard Time (Queensland),2003-02-22 16:20:00,2020-07-15, 
1901,2003-02-24 00:58:00,143.2849465,-12.72446674,radio-transmitter, ,#1006146701,23,"Green python Morelia viridis, Cape York Australia",748113,8592244,54S,Australian Eastern Standard Time (Queensland),2003-02-24 10:58:00,2020-07-15, 
1902,2003-02-25 05:34:00,143.2852409,-12.72444612,radio-transmitter, ,#1006146701,23,"Green python Morelia viridis, Cape York Australia",748145,8592246,54S,Australian Eastern Standard Time (Queensland),2003-02-25 15:34:00,2020-07-15, 
1903,2003-02-27 05:14:00,143.2851124,-12.72449241,radio-transmitter, ,#1006146701,23,"Green python Morelia viridis, Cape York Australia",748131,8592241,54S,Australian Eastern Standard Time (Queensland),2003-02-27 15:14:00,2020-07-15, 
1904,2003-03-01 00:43:00,143.2851676,-12.72449194,radio-transmitter, ,#1006146701,23,"Green python Morelia viridis, Cape York Australia",748137,8592241,54S,Australian Eastern Standard Time (Queensland),2003-03-01 10:43:00,2020-07-15, 
1905,2003-03-04 05:42:00,143.285168,-12.72453711,radio-transmitter, ,#1006146701,23,"Green python Morelia viridis, Cape York Australia",748137,8592236,54S,Australian Eastern Standard Time (Queensland),2003-03-04 15:42:00,2020-07-15, 
1906,2003-03-07 05:32:00,143.285168,-12.72453711,radio-transmitter, ,#1006146701,23,"Green python Morelia viridis, Cape York Australia",748137,8592236,54S,Australian Eastern Standard Time (Queensland),2003-03-07 15:32:00,2020-07-15, 
1907,2003-03-09 05:15:00,143.285168,-12.72453711,radio-transmitter, ,#1006146701,23,"Green python Morelia viridis, Cape York Australia",748137,8592236,54S,Australian Eastern Standard Time (Queensland),2003-03-09 15:15:00,2020-07-15, 
1908,2003-03-13 01:13:00,143.2848703,-12.72417823,radio-transmitter, ,#1006146701,23,"Green python Morelia viridis, Cape York Australia",748105,8592276,54S,Australian Eastern Standard Time (Queensland),2003-03-13 11:13:00,2020-07-15, 
1909,2003-03-15 02:07:00,143.2853269,-12.72480683,radio-transmitter, ,#1006146701,23,"Green python Morelia viridis, Cape York Australia",748154,8592206,54S,Australian Eastern Standard Time (Queensland),2003-03-15 12:07:00,2020-07-15, 
1910,2003-03-17 03:00:00,143.2851753,-12.72432018,radio-transmitter, ,#1006146701,23,"Green python Morelia viridis, Cape York Australia",748138,8592260,54S,Australian Eastern Standard Time (Queensland),2003-03-17 13:00:00,2020-07-15, 
1911,2003-03-27 05:34:00,143.2851457,-12.72409453,radio-transmitter, ,#1006146701,23,"Green python Morelia viridis, Cape York Australia",748135,8592285,54S,Australian Eastern Standard Time (Queensland),2003-03-27 15:34:00,2020-07-15, 
1912,2003-03-29 04:53:00,143.2851452,-12.72404031,radio-transmitter, ,#1006146701,23,"Green python Morelia viridis, Cape York Australia",748135,8592291,54S,Australian Eastern Standard Time (Queensland),2003-03-29 14:53:00,2020-07-15, 
1913,2003-03-29 10:08:00,143.2851085,-12.72404967,radio-transmitter, ,#1006146701,23,"Green python Morelia viridis, Cape York Australia",748131,8592290,54S,Australian Eastern Standard Time (Queensland),2003-03-29 20:08:00,2020-07-15, 
1914,2003-04-01 05:00:00,143.2850443,-12.72408636,radio-transmitter, ,#1006146701,23,"Green python Morelia viridis, Cape York Australia",748124,8592286,54S,Australian Eastern Standard Time (Queensland),2003-04-01 15:00:00,2020-07-15, 
1915,2003-04-03 04:00:00,143.2850446,-12.72411347,radio-transmitter, ,#1006146701,23,"Green python Morelia viridis, Cape York Australia",748124,8592283,54S,Australian Eastern Standard Time (Queensland),2003-04-03 14:00:00,2020-07-15, 
1916,2003-04-04 05:32:00,143.2851469,-12.72423006,radio-transmitter, ,#1006146701,23,"Green python Morelia viridis, Cape York Australia",748135,8592270,54S,Australian Eastern Standard Time (Queensland),2003-04-04 15:32:00,2020-07-15, 
1917,2003-04-07 04:32:00,143.2851564,-12.72426612,radio-transmitter, ,#1006146701,23,"Green python Morelia viridis, Cape York Australia",748136,8592266,54S,Australian Eastern Standard Time (Queensland),2003-04-07 14:32:00,2020-07-15, 
1918,2003-04-09 04:53:00,143.285168,-12.72453711,radio-transmitter, ,#1006146701,23,"Green python Morelia viridis, Cape York Australia",748137,8592236,54S,Australian Eastern Standard Time (Queensland),2003-04-09 14:53:00,2020-07-15, 
1919,2003-04-09 23:41:00,143.285168,-12.72453711,radio-transmitter, ,#1006146701,23,"Green python Morelia viridis, Cape York Australia",748137,8592236,54S,Australian Eastern Standard Time (Queensland),2003-04-10 09:41:00,2020-07-15, 
1920,2003-04-11 03:32:00,143.285168,-12.72453711,radio-transmitter, ,#1006146701,23,"Green python Morelia viridis, Cape York Australia",748137,8592236,54S,Australian Eastern Standard Time (Queensland),2003-04-11 13:32:00,2020-07-15, 
1921,2003-04-12 01:38:00,143.285168,-12.72453711,radio-transmitter, ,#1006146701,23,"Green python Morelia viridis, Cape York Australia",748137,8592236,54S,Australian Eastern Standard Time (Queensland),2003-04-12 11:38:00,2020-07-15, 
1922,2003-05-25 01:30:00,143.2862762,-12.72596433,radio-transmitter, ,#1006146701,23,"Green python Morelia viridis, Cape York Australia",748256,8592077,54S,Australian Eastern Standard Time (Queensland),2003-05-25 11:30:00,2020-07-15, 
1923,2003-01-09 12:00:00,143.2869565,-12.75561576,radio-transmitter, ,#1006146705,24,"Green python Morelia viridis, Cape York Australia",748301,8588795,54S,Australian Eastern Standard Time (Queensland),2003-01-09 22:00:00,2020-07-15, 
1924,2003-01-14 01:30:00,143.2870576,-12.75559681,radio-transmitter, ,#1006146705,24,"Green python Morelia viridis, Cape York Australia",748312,8588797,54S,Australian Eastern Standard Time (Queensland),2003-01-14 11:30:00,2020-07-15, 
1925,2003-01-15 02:34:00,143.2872234,-12.75561345,radio-transmitter, ,#1006146705,24,"Green python Morelia viridis, Cape York Australia",748330,8588795,54S,Australian Eastern Standard Time (Queensland),2003-01-15 12:34:00,2020-07-15, 
1926,2003-01-15 21:55:00,143.2872234,-12.75561345,radio-transmitter, ,#1006146705,24,"Green python Morelia viridis, Cape York Australia",748330,8588795,54S,Australian Eastern Standard Time (Queensland),2003-01-16 07:55:00,2020-07-15, 
1927,2003-01-17 00:20:00,143.2872502,-12.75552285,radio-transmitter, ,#1006146705,24,"Green python Morelia viridis, Cape York Australia",748333,8588805,54S,Australian Eastern Standard Time (Queensland),2003-01-17 10:20:00,2020-07-15, 
1928,2003-01-17 23:40:00,143.287287,-12.75552253,radio-transmitter, ,#1006146705,24,"Green python Morelia viridis, Cape York Australia",748337,8588805,54S,Australian Eastern Standard Time (Queensland),2003-01-18 09:40:00,2020-07-15, 
1929,2003-01-18 23:22:00,143.287287,-12.75552253,radio-transmitter, ,#1006146705,24,"Green python Morelia viridis, Cape York Australia",748337,8588805,54S,Australian Eastern Standard Time (Queensland),2003-01-19 09:22:00,2020-07-15, 
1930,2003-01-21 02:44:00,143.287287,-12.75552253,radio-transmitter, ,#1006146705,24,"Green python Morelia viridis, Cape York Australia",748337,8588805,54S,Australian Eastern Standard Time (Queensland),2003-01-21 12:44:00,2020-07-15, 
1931,2003-01-23 04:34:00,143.2872958,-12.75547727,radio-transmitter, ,#1006146705,24,"Green python Morelia viridis, Cape York Australia",748338,8588810,54S,Australian Eastern Standard Time (Queensland),2003-01-23 14:34:00,2020-07-15, 
1932,2003-01-24 05:45:00,143.2873138,-12.75543194,radio-transmitter, ,#1006146705,24,"Green python Morelia viridis, Cape York Australia",748340,8588815,54S,Australian Eastern Standard Time (Queensland),2003-01-24 15:45:00,2020-07-15, 
1933,2003-01-24 23:23:00,143.2873138,-12.75543194,radio-transmitter, ,#1006146705,24,"Green python Morelia viridis, Cape York Australia",748340,8588815,54S,Australian Eastern Standard Time (Queensland),2003-01-25 09:23:00,2020-07-15, 
1934,2003-01-26 04:21:00,143.2873138,-12.75543194,radio-transmitter, ,#1006146705,24,"Green python Morelia viridis, Cape York Australia",748340,8588815,54S,Australian Eastern Standard Time (Queensland),2003-01-26 14:21:00,2020-07-15, 
1935,2003-01-26 13:25:00,143.2873235,-12.75548607,radio-transmitter, ,#1006146705,24,"Green python Morelia viridis, Cape York Australia",748341,8588809,54S,Australian Eastern Standard Time (Queensland),2003-01-26 23:25:00,2020-07-15, 
1936,2003-01-27 03:04:00,143.2873235,-12.75548607,radio-transmitter, ,#1006146705,24,"Green python Morelia viridis, Cape York Australia",748341,8588809,54S,Australian Eastern Standard Time (Queensland),2003-01-27 13:04:00,2020-07-15, 
1937,2003-01-28 04:38:00,143.2873147,-12.75552229,radio-transmitter, ,#1006146705,24,"Green python Morelia viridis, Cape York Australia",748340,8588805,54S,Australian Eastern Standard Time (Queensland),2003-01-28 14:38:00,2020-07-15, 
1938,2003-01-29 06:00:00,143.2873327,-12.75547696,radio-transmitter, ,#1006146705,24,"Green python Morelia viridis, Cape York Australia",748342,8588810,54S,Australian Eastern Standard Time (Queensland),2003-01-29 16:00:00,2020-07-15, 
1939,2003-01-30 03:50:00,143.2873327,-12.75547696,radio-transmitter, ,#1006146705,24,"Green python Morelia viridis, Cape York Australia",748342,8588810,54S,Australian Eastern Standard Time (Queensland),2003-01-30 13:50:00,2020-07-15, 
1940,2003-02-01 02:27:00,143.2873327,-12.75547696,radio-transmitter, ,#1006146705,24,"Green python Morelia viridis, Cape York Australia",748342,8588810,54S,Australian Eastern Standard Time (Queensland),2003-02-01 12:27:00,2020-07-15, 
1941,2003-02-03 05:30:00,143.2873052,-12.75549527,radio-transmitter, ,#1006146705,24,"Green python Morelia viridis, Cape York Australia",748339,8588808,54S,Australian Eastern Standard Time (Queensland),2003-02-03 15:30:00,2020-07-15, 
1942,2003-02-04 23:58:00,143.2873235,-12.75548607,radio-transmitter, ,#1006146705,24,"Green python Morelia viridis, Cape York Australia",748341,8588809,54S,Australian Eastern Standard Time (Queensland),2003-02-05 09:58:00,2020-07-15, 
1943,2003-02-05 23:48:00,143.2873235,-12.75548607,radio-transmitter, ,#1006146705,24,"Green python Morelia viridis, Cape York Australia",748341,8588809,54S,Australian Eastern Standard Time (Queensland),2003-02-06 09:48:00,2020-07-15, 
1944,2003-02-07 04:52:00,143.2873515,-12.75552197,radio-transmitter, ,#1006146705,24,"Green python Morelia viridis, Cape York Australia",748344,8588805,54S,Australian Eastern Standard Time (Queensland),2003-02-07 14:52:00,2020-07-15, 
1945,2003-02-08 02:00:00,143.2873324,-12.75544985,radio-transmitter, ,#1006146705,24,"Green python Morelia viridis, Cape York Australia",748342,8588813,54S,Australian Eastern Standard Time (Queensland),2003-02-08 12:00:00,2020-07-15, 
1946,2003-02-08 22:52:00,143.2873874,-12.75542226,radio-transmitter, ,#1006146705,24,"Green python Morelia viridis, Cape York Australia",748348,8588816,54S,Australian Eastern Standard Time (Queensland),2003-02-09 08:52:00,2020-07-15, 
1947,2003-02-10 07:15:00,143.2874149,-12.75541299,radio-transmitter, ,#1006146705,24,"Green python Morelia viridis, Cape York Australia",748351,8588817,54S,Australian Eastern Standard Time (Queensland),2003-02-10 17:15:00,2020-07-15, 
1948,2003-02-11 04:38:00,143.2878128,-12.75563545,radio-transmitter, ,#1006146705,24,"Green python Morelia viridis, Cape York Australia",748394,8588792,54S,Australian Eastern Standard Time (Queensland),2003-02-11 14:38:00,2020-07-15, 
1949,2003-02-12 23:40:00,143.2878925,-12.75631249,radio-transmitter, ,#1006146705,24,"Green python Morelia viridis, Cape York Australia",748402,8588717,54S,Australian Eastern Standard Time (Queensland),2003-02-13 09:40:00,2020-07-15, 
1950,2003-02-14 00:07:00,143.2879023,-12.75637566,radio-transmitter, ,#1006146705,24,"Green python Morelia viridis, Cape York Australia",748403,8588710,54S,Australian Eastern Standard Time (Queensland),2003-02-14 10:07:00,2020-07-15, 
1951,2003-02-15 00:55:00,143.2879023,-12.75637566,radio-transmitter, ,#1006146705,24,"Green python Morelia viridis, Cape York Australia",748403,8588710,54S,Australian Eastern Standard Time (Queensland),2003-02-15 10:55:00,2020-07-15, 
1952,2003-02-16 01:05:00,143.2879302,-12.75640253,radio-transmitter, ,#1006146705,24,"Green python Morelia viridis, Cape York Australia",748406,8588707,54S,Australian Eastern Standard Time (Queensland),2003-02-16 11:05:00,2020-07-15, 
1953,2003-02-17 02:09:00,143.2879302,-12.75640253,radio-transmitter, ,#1006146705,24,"Green python Morelia viridis, Cape York Australia",748406,8588707,54S,Australian Eastern Standard Time (Queensland),2003-02-17 12:09:00,2020-07-15, 
1954,2003-02-18 00:55:00,143.2879302,-12.75640253,radio-transmitter, ,#1006146705,24,"Green python Morelia viridis, Cape York Australia",748406,8588707,54S,Australian Eastern Standard Time (Queensland),2003-02-18 10:55:00,2020-07-15, 
1955,2003-02-19 00:05:00,143.2879487,-12.75642044,radio-transmitter, ,#1006146705,24,"Green python Morelia viridis, Cape York Australia",748408,8588705,54S,Australian Eastern Standard Time (Queensland),2003-02-19 10:05:00,2020-07-15, 
1956,2003-02-22 04:00:00,143.2884298,-12.75668736,radio-transmitter, ,#1006146705,24,"Green python Morelia viridis, Cape York Australia",748460,8588675,54S,Australian Eastern Standard Time (Queensland),2003-02-22 14:00:00,2020-07-15, 
1957,2003-02-24 01:57:00,143.2884028,-12.75675085,radio-transmitter, ,#1006146705,24,"Green python Morelia viridis, Cape York Australia",748457,8588668,54S,Australian Eastern Standard Time (Queensland),2003-02-24 11:57:00,2020-07-15, 
1958,2003-02-25 06:18:00,143.2884308,-12.75679579,radio-transmitter, ,#1006146705,24,"Green python Morelia viridis, Cape York Australia",748460,8588663,54S,Australian Eastern Standard Time (Queensland),2003-02-25 16:18:00,2020-07-15, 
1959,2003-02-27 07:34:00,143.2884308,-12.75679579,radio-transmitter, ,#1006146705,24,"Green python Morelia viridis, Cape York Australia",748460,8588663,54S,Australian Eastern Standard Time (Queensland),2003-02-27 17:34:00,2020-07-15, 
1960,2003-03-02 06:46:00,143.288329,-12.75673342,radio-transmitter, ,#1006146705,24,"Green python Morelia viridis, Cape York Australia",748449,8588670,54S,Australian Eastern Standard Time (Queensland),2003-03-02 16:46:00,2020-07-15, 
1961,2003-03-04 07:07:00,143.2882357,-12.75659868,radio-transmitter, ,#1006146705,24,"Green python Morelia viridis, Cape York Australia",748439,8588685,54S,Australian Eastern Standard Time (Queensland),2003-03-04 17:07:00,2020-07-15, 
1962,2003-03-05 06:10:00,143.2882357,-12.75659868,radio-transmitter, ,#1006146705,24,"Green python Morelia viridis, Cape York Australia",748439,8588685,54S,Australian Eastern Standard Time (Queensland),2003-03-05 16:10:00,2020-07-15, 
1963,2003-03-07 07:00:00,143.2882357,-12.75659868,radio-transmitter, ,#1006146705,24,"Green python Morelia viridis, Cape York Australia",748439,8588685,54S,Australian Eastern Standard Time (Queensland),2003-03-07 17:00:00,2020-07-15, 
1964,2003-03-10 00:23:00,143.2890324,-12.75613092,radio-transmitter, ,#1006146705,24,"Green python Morelia viridis, Cape York Australia",748526,8588736,54S,Australian Eastern Standard Time (Queensland),2003-03-10 10:23:00,2020-07-15, 
1965,2003-03-11 07:12:00,143.2892849,-12.75554138,radio-transmitter, ,#1006146705,24,"Green python Morelia viridis, Cape York Australia",748554,8588801,54S,Australian Eastern Standard Time (Queensland),2003-03-11 17:12:00,2020-07-15, 
1966,2003-03-13 02:58:00,143.2892838,-12.75542391,radio-transmitter, ,#1006146705,24,"Green python Morelia viridis, Cape York Australia",748554,8588814,54S,Australian Eastern Standard Time (Queensland),2003-03-13 12:58:00,2020-07-15, 
1967,2003-03-15 03:17:00,143.2892838,-12.75542391,radio-transmitter, ,#1006146705,24,"Green python Morelia viridis, Cape York Australia",748554,8588814,54S,Australian Eastern Standard Time (Queensland),2003-03-15 13:17:00,2020-07-15, 
1968,2003-03-17 05:00:00,143.2887068,-12.75574518,radio-transmitter, ,#1006146705,24,"Green python Morelia viridis, Cape York Australia",748491,8588779,54S,Australian Eastern Standard Time (Queensland),2003-03-17 15:00:00,2020-07-15, 
1969,2003-03-25 07:13:00,143.2878502,-12.75671949,radio-transmitter, ,#1006146705,24,"Green python Morelia viridis, Cape York Australia",748397,8588672,54S,Australian Eastern Standard Time (Queensland),2003-03-25 17:13:00,2020-07-15, 
1970,2003-03-28 02:12:00,143.2876588,-12.75693802,radio-transmitter, ,#1006146705,24,"Green python Morelia viridis, Cape York Australia",748376,8588648,54S,Australian Eastern Standard Time (Queensland),2003-03-28 12:12:00,2020-07-15, 
1971,2003-03-31 02:29:00,143.2875758,-12.75692067,radio-transmitter, ,#1006146705,24,"Green python Morelia viridis, Cape York Australia",748367,8588650,54S,Australian Eastern Standard Time (Queensland),2003-03-31 12:29:00,2020-07-15, 
1972,2003-04-02 05:47:00,143.2875758,-12.75692067,radio-transmitter, ,#1006146705,24,"Green python Morelia viridis, Cape York Australia",748367,8588650,54S,Australian Eastern Standard Time (Queensland),2003-04-02 15:47:00,2020-07-15, 
1973,2003-04-04 06:50:00,143.2875395,-12.75698423,radio-transmitter, ,#1006146705,24,"Green python Morelia viridis, Cape York Australia",748363,8588643,54S,Australian Eastern Standard Time (Queensland),2003-04-04 16:50:00,2020-07-15, 
1974,2003-04-06 06:46:00,143.287513,-12.75710194,radio-transmitter, ,#1006146705,24,"Green python Morelia viridis, Cape York Australia",748360,8588630,54S,Australian Eastern Standard Time (Queensland),2003-04-06 16:46:00,2020-07-15, 
1975,2003-04-08 05:55:00,143.2873489,-12.75728408,radio-transmitter, ,#1006146705,24,"Green python Morelia viridis, Cape York Australia",748342,8588610,54S,Australian Eastern Standard Time (Queensland),2003-04-08 15:55:00,2020-07-15, 
1976,2003-04-10 04:53:00,143.2873489,-12.75728408,radio-transmitter, ,#1006146705,24,"Green python Morelia viridis, Cape York Australia",748342,8588610,54S,Australian Eastern Standard Time (Queensland),2003-04-10 14:53:00,2020-07-15, 
1977,2003-04-11 05:50:00,143.2873489,-12.75728408,radio-transmitter, ,#1006146705,24,"Green python Morelia viridis, Cape York Australia",748342,8588610,54S,Australian Eastern Standard Time (Queensland),2003-04-11 15:50:00,2020-07-15, 
1978,2003-04-12 03:15:00,143.2873489,-12.75728408,radio-transmitter, ,#1006146705,24,"Green python Morelia viridis, Cape York Australia",748342,8588610,54S,Australian Eastern Standard Time (Queensland),2003-04-12 13:15:00,2020-07-15, 
1979,2003-05-22 06:10:00,143.2864014,-12.75736458,radio-transmitter, ,#1006146705,24,"Green python Morelia viridis, Cape York Australia",748239,8588602,54S,Australian Eastern Standard Time (Queensland),2003-05-22 16:10:00,2020-07-15, 
1980,2004-01-04 12:00:00,143.2836661,-12.74184569,radio-transmitter, ,#1006146709,25,"Green python Morelia viridis, Cape York Australia",747957,8590322,54S,Australian Eastern Standard Time (Queensland),2004-01-04 22:00:00,2020-07-15, 
1981,2004-01-08 22:56:00,143.2839395,-12.74152706,radio-transmitter, ,#1006146709,25,"Green python Morelia viridis, Cape York Australia",747987,8590357,54S,Australian Eastern Standard Time (Queensland),2004-01-09 08:56:00,2020-07-15, 
1982,2004-01-10 01:07:00,143.2842165,-12.74162406,radio-transmitter, ,#1006146709,25,"Green python Morelia viridis, Cape York Australia",748017,8590346,54S,Australian Eastern Standard Time (Queensland),2004-01-10 11:07:00,2020-07-15, 
1983,2004-01-10 10:28:00,143.2842165,-12.74162406,radio-transmitter, ,#1006146709,25,"Green python Morelia viridis, Cape York Australia",748017,8590346,54S,Australian Eastern Standard Time (Queensland),2004-01-10 20:28:00,2020-07-15, 
1984,2004-01-10 23:14:00,143.2842165,-12.74162406,radio-transmitter, ,#1006146709,25,"Green python Morelia viridis, Cape York Australia",748017,8590346,54S,Australian Eastern Standard Time (Queensland),2004-01-11 09:14:00,2020-07-15, 
1985,2004-01-12 00:22:00,143.2842165,-12.74162406,radio-transmitter, ,#1006146709,25,"Green python Morelia viridis, Cape York Australia",748017,8590346,54S,Australian Eastern Standard Time (Queensland),2004-01-12 10:22:00,2020-07-15, 
1986,2004-01-12 11:28:00,143.2842536,-12.74165989,radio-transmitter, ,#1006146709,25,"Green python Morelia viridis, Cape York Australia",748021,8590342,54S,Australian Eastern Standard Time (Queensland),2004-01-12 21:28:00,2020-07-15, 
1987,2004-01-12 23:21:00,143.2844483,-12.74181182,radio-transmitter, ,#1006146709,25,"Green python Morelia viridis, Cape York Australia",748042,8590325,54S,Australian Eastern Standard Time (Queensland),2004-01-13 09:21:00,2020-07-15, 
1988,2004-01-13 10:38:00,143.2844857,-12.74187476,radio-transmitter, ,#1006146709,25,"Green python Morelia viridis, Cape York Australia",748046,8590318,54S,Australian Eastern Standard Time (Queensland),2004-01-13 20:38:00,2020-07-15, 
1989,2004-01-13 23:30:00,143.2844483,-12.74181182,radio-transmitter, ,#1006146709,25,"Green python Morelia viridis, Cape York Australia",748042,8590325,54S,Australian Eastern Standard Time (Queensland),2004-01-14 09:30:00,2020-07-15, 
1990,2004-01-16 02:04:00,143.2844483,-12.74181182,radio-transmitter, ,#1006146709,25,"Green python Morelia viridis, Cape York Australia",748042,8590325,54S,Australian Eastern Standard Time (Queensland),2004-01-16 12:04:00,2020-07-15, 
1991,2004-01-17 00:56:00,143.2844483,-12.74181182,radio-transmitter, ,#1006146709,25,"Green python Morelia viridis, Cape York Australia",748042,8590325,54S,Australian Eastern Standard Time (Queensland),2004-01-17 10:56:00,2020-07-15, 
1992,2004-01-17 23:44:00,143.2844483,-12.74181182,radio-transmitter, ,#1006146709,25,"Green python Morelia viridis, Cape York Australia",748042,8590325,54S,Australian Eastern Standard Time (Queensland),2004-01-18 09:44:00,2020-07-15, 
1993,2004-01-18 23:21:00,143.2844483,-12.74181182,radio-transmitter, ,#1006146709,25,"Green python Morelia viridis, Cape York Australia",748042,8590325,54S,Australian Eastern Standard Time (Queensland),2004-01-19 09:21:00,2020-07-15, 
1994,2004-01-19 23:58:00,143.2846324,-12.74181023,radio-transmitter, ,#1006146709,25,"Green python Morelia viridis, Cape York Australia",748062,8590325,54S,Australian Eastern Standard Time (Queensland),2004-01-20 09:58:00,2020-07-15, 
1995,2004-01-21 00:52:00,143.2848008,-12.74211602,radio-transmitter, ,#1006146709,25,"Green python Morelia viridis, Cape York Australia",748080,8590291,54S,Australian Eastern Standard Time (Queensland),2004-01-21 10:52:00,2020-07-15, 
1996,2004-01-22 01:57:00,143.2849627,-12.74168991,radio-transmitter, ,#1006146709,25,"Green python Morelia viridis, Cape York Australia",748098,8590338,54S,Australian Eastern Standard Time (Queensland),2004-01-22 11:57:00,2020-07-15, 
1997,2004-01-22 03:06:00,143.2849627,-12.74168991,radio-transmitter, ,#1006146709,25,"Green python Morelia viridis, Cape York Australia",748098,8590338,54S,Australian Eastern Standard Time (Queensland),2004-01-22 13:06:00,2020-07-15, 
1998,2004-01-23 02:30:00,143.2853236,-12.74189463,radio-transmitter, ,#1006146709,25,"Green python Morelia viridis, Cape York Australia",748137,8590315,54S,Australian Eastern Standard Time (Queensland),2004-01-23 12:30:00,2020-07-15, 
1999,2004-01-24 00:47:00,143.2853236,-12.74189463,radio-transmitter, ,#1006146709,25,"Green python Morelia viridis, Cape York Australia",748137,8590315,54S,Australian Eastern Standard Time (Queensland),2004-01-24 10:47:00,2020-07-15, 
2000,2004-01-24 08:15:00,143.2853237,-12.74190366,radio-transmitter, ,#1006146709,25,"Green python Morelia viridis, Cape York Australia",748137,8590314,54S,Australian Eastern Standard Time (Queensland),2004-01-24 18:15:00,2020-07-15, 
2001,2004-01-25 01:00:00,143.285384,-12.74144229,radio-transmitter, ,#1006146709,25,"Green python Morelia viridis, Cape York Australia",748144,8590365,54S,Australian Eastern Standard Time (Queensland),2004-01-25 11:00:00,2020-07-15, 
2002,2004-01-26 23:57:00,143.2854763,-12.74147763,radio-transmitter, ,#1006146709,25,"Green python Morelia viridis, Cape York Australia",748154,8590361,54S,Australian Eastern Standard Time (Queensland),2004-01-27 09:57:00,2020-07-15, 
2003,2004-01-28 05:17:00,143.2854763,-12.74147763,radio-transmitter, ,#1006146709,25,"Green python Morelia viridis, Cape York Australia",748154,8590361,54S,Australian Eastern Standard Time (Queensland),2004-01-28 15:17:00,2020-07-15, 
2004,2004-01-29 01:05:00,143.2854763,-12.74147763,radio-transmitter, ,#1006146709,25,"Green python Morelia viridis, Cape York Australia",748154,8590361,54S,Australian Eastern Standard Time (Queensland),2004-01-29 11:05:00,2020-07-15, 
2005,2004-01-30 04:55:00,143.2854763,-12.74147763,radio-transmitter, ,#1006146709,25,"Green python Morelia viridis, Cape York Australia",748154,8590361,54S,Australian Eastern Standard Time (Queensland),2004-01-30 14:55:00,2020-07-15, 
2006,2004-01-31 01:32:00,143.2850412,-12.74120127,radio-transmitter, ,#1006146709,25,"Green python Morelia viridis, Cape York Australia",748107,8590392,54S,Australian Eastern Standard Time (Queensland),2004-01-31 11:32:00,2020-07-15, 
2007,2004-02-01 00:43:00,143.284986,-12.74120174,radio-transmitter, ,#1006146709,25,"Green python Morelia viridis, Cape York Australia",748101,8590392,54S,Australian Eastern Standard Time (Queensland),2004-02-01 10:43:00,2020-07-15, 
2008,2004-02-01 23:50:00,143.2849403,-12.74123828,radio-transmitter, ,#1006146709,25,"Green python Morelia viridis, Cape York Australia",748096,8590388,54S,Australian Eastern Standard Time (Queensland),2004-02-02 09:50:00,2020-07-15, 
2009,2004-02-03 00:15:00,143.2849305,-12.74117511,radio-transmitter, ,#1006146709,25,"Green python Morelia viridis, Cape York Australia",748095,8590395,54S,Australian Eastern Standard Time (Queensland),2004-02-03 10:15:00,2020-07-15, 
2010,2004-02-03 02:00:00,143.2849403,-12.74123828,radio-transmitter, ,#1006146709,25,"Green python Morelia viridis, Cape York Australia",748096,8590388,54S,Australian Eastern Standard Time (Queensland),2004-02-03 12:00:00,2020-07-15, 
2011,2004-02-04 00:14:00,143.284729,-12.74128529,radio-transmitter, ,#1006146709,25,"Green python Morelia viridis, Cape York Australia",748073,8590383,54S,Australian Eastern Standard Time (Queensland),2004-02-04 10:14:00,2020-07-15, 
2012,2004-02-05 04:02:00,143.2846826,-12.74124955,radio-transmitter, ,#1006146709,25,"Green python Morelia viridis, Cape York Australia",748068,8590387,54S,Australian Eastern Standard Time (Queensland),2004-02-05 14:02:00,2020-07-15, 
2013,2004-02-08 00:07:00,143.2840289,-12.74123712,radio-transmitter, ,#1006146709,25,"Green python Morelia viridis, Cape York Australia",747997,8590389,54S,Australian Eastern Standard Time (Queensland),2004-02-08 10:07:00,2020-07-15, 
2014,2004-02-10 00:43:00,143.2840017,-12.74128254,radio-transmitter, ,#1006146709,25,"Green python Morelia viridis, Cape York Australia",747994,8590384,54S,Australian Eastern Standard Time (Queensland),2004-02-10 10:43:00,2020-07-15, 
2015,2004-02-11 01:13:00,143.2829129,-12.74202388,radio-transmitter, ,#1006146709,25,"Green python Morelia viridis, Cape York Australia",747875,8590303,54S,Australian Eastern Standard Time (Queensland),2004-02-11 11:13:00,2020-07-15, 
2016,2004-02-12 01:18:00,143.2836256,-12.74143036,radio-transmitter, ,#1006146709,25,"Green python Morelia viridis, Cape York Australia",747953,8590368,54S,Australian Eastern Standard Time (Queensland),2004-02-12 11:18:00,2020-07-15, 
2017,2004-02-12 23:26:00,143.2834805,-12.7416756,radio-transmitter, ,#1006146709,25,"Green python Morelia viridis, Cape York Australia",747937,8590341,54S,Australian Eastern Standard Time (Queensland),2004-02-13 09:26:00,2020-07-15, 
2018,2004-02-14 00:23:00,143.2831981,-12.74200335,radio-transmitter, ,#1006146709,25,"Green python Morelia viridis, Cape York Australia",747906,8590305,54S,Australian Eastern Standard Time (Queensland),2004-02-14 10:23:00,2020-07-15, 
2019,2004-02-15 02:02:00,143.2829778,-12.74207754,radio-transmitter, ,#1006146709,25,"Green python Morelia viridis, Cape York Australia",747882,8590297,54S,Australian Eastern Standard Time (Queensland),2004-02-15 12:02:00,2020-07-15, 
2020,2004-02-15 11:56:00,143.2829596,-12.74209577,radio-transmitter, ,#1006146709,25,"Green python Morelia viridis, Cape York Australia",747880,8590295,54S,Australian Eastern Standard Time (Queensland),2004-02-15 21:56:00,2020-07-15, 
2021,2004-02-16 00:28:00,143.2829596,-12.74209577,radio-transmitter, ,#1006146709,25,"Green python Morelia viridis, Cape York Australia",747880,8590295,54S,Australian Eastern Standard Time (Queensland),2004-02-16 10:28:00,2020-07-15, 
2022,2004-02-16 10:55:00,143.2829596,-12.74209577,radio-transmitter, ,#1006146709,25,"Green python Morelia viridis, Cape York Australia",747880,8590295,54S,Australian Eastern Standard Time (Queensland),2004-02-16 20:55:00,2020-07-15, 
2023,2004-02-17 00:48:00,143.2829687,-12.74208665,radio-transmitter, ,#1006146709,25,"Green python Morelia viridis, Cape York Australia",747881,8590296,54S,Australian Eastern Standard Time (Queensland),2004-02-17 10:48:00,2020-07-15, 
2024,2004-02-17 23:13:00,143.2829596,-12.74209577,radio-transmitter, ,#1006146709,25,"Green python Morelia viridis, Cape York Australia",747880,8590295,54S,Australian Eastern Standard Time (Queensland),2004-02-18 09:13:00,2020-07-15, 
2025,2004-02-18 11:29:00,143.2829596,-12.74209577,radio-transmitter, ,#1006146709,25,"Green python Morelia viridis, Cape York Australia",747880,8590295,54S,Australian Eastern Standard Time (Queensland),2004-02-18 21:29:00,2020-07-15, 
2026,2004-02-19 00:59:00,143.2829595,-12.74208673,radio-transmitter, ,#1006146709,25,"Green python Morelia viridis, Cape York Australia",747880,8590296,54S,Australian Eastern Standard Time (Queensland),2004-02-19 10:59:00,2020-07-15, 
2027,2004-02-19 10:37:00,143.2829686,-12.74207762,radio-transmitter, ,#1006146709,25,"Green python Morelia viridis, Cape York Australia",747881,8590297,54S,Australian Eastern Standard Time (Queensland),2004-02-19 20:37:00,2020-07-15, 
2028,2004-02-20 04:49:00,143.2829595,-12.74208673,radio-transmitter, ,#1006146709,25,"Green python Morelia viridis, Cape York Australia",747880,8590296,54S,Australian Eastern Standard Time (Queensland),2004-02-20 14:49:00,2020-07-15, 
2029,2004-02-21 00:27:00,143.2828948,-12.74206018,radio-transmitter, ,#1006146709,25,"Green python Morelia viridis, Cape York Australia",747873,8590299,54S,Australian Eastern Standard Time (Queensland),2004-02-21 10:27:00,2020-07-15, 
2030,2004-02-21 11:12:00,143.2828948,-12.74206018,radio-transmitter, ,#1006146709,25,"Green python Morelia viridis, Cape York Australia",747873,8590299,54S,Australian Eastern Standard Time (Queensland),2004-02-21 21:12:00,2020-07-15, 
2031,2004-02-22 03:02:00,143.2828948,-12.74206018,radio-transmitter, ,#1006146709,25,"Green python Morelia viridis, Cape York Australia",747873,8590299,54S,Australian Eastern Standard Time (Queensland),2004-02-22 13:02:00,2020-07-15, 
2032,2004-02-22 10:52:00,143.2828948,-12.74206018,radio-transmitter, ,#1006146709,25,"Green python Morelia viridis, Cape York Australia",747873,8590299,54S,Australian Eastern Standard Time (Queensland),2004-02-22 20:52:00,2020-07-15, 
2033,2004-02-23 00:27:00,143.2828948,-12.74206018,radio-transmitter, ,#1006146709,25,"Green python Morelia viridis, Cape York Australia",747873,8590299,54S,Australian Eastern Standard Time (Queensland),2004-02-23 10:27:00,2020-07-15, 
2034,2004-02-25 00:10:00,143.2829129,-12.74202388,radio-transmitter, ,#1006146709,25,"Green python Morelia viridis, Cape York Australia",747875,8590303,54S,Australian Eastern Standard Time (Queensland),2004-02-25 10:10:00,2020-07-15, 
2035,2004-02-25 23:09:00,143.2828674,-12.74207849,radio-transmitter, ,#1006146709,25,"Green python Morelia viridis, Cape York Australia",747870,8590297,54S,Australian Eastern Standard Time (Queensland),2004-02-26 09:09:00,2020-07-15, 
2036,2004-02-26 23:44:00,143.2828763,-12.74205131,radio-transmitter, ,#1006146709,25,"Green python Morelia viridis, Cape York Australia",747871,8590300,54S,Australian Eastern Standard Time (Queensland),2004-02-27 09:44:00,2020-07-15, 
2037,2004-02-29 04:08:00,143.2828763,-12.74205131,radio-transmitter, ,#1006146709,25,"Green python Morelia viridis, Cape York Australia",747871,8590300,54S,Australian Eastern Standard Time (Queensland),2004-02-29 14:08:00,2020-07-15, 
2038,2004-03-01 23:15:00,143.2829404,-12.74201461,radio-transmitter, ,#1006146709,25,"Green python Morelia viridis, Cape York Australia",747878,8590304,54S,Australian Eastern Standard Time (Queensland),2004-03-02 09:15:00,2020-07-15, 
2039,2004-03-06 01:57:00,143.2817557,-12.74232303,radio-transmitter, ,#1006146709,25,"Green python Morelia viridis, Cape York Australia",747749,8590271,54S,Australian Eastern Standard Time (Queensland),2004-03-06 11:57:00,2020-07-15, 
2040,2004-03-08 01:41:00,143.2817382,-12.74243162,radio-transmitter, ,#1006146709,25,"Green python Morelia viridis, Cape York Australia",747747,8590259,54S,Australian Eastern Standard Time (Queensland),2004-03-08 11:41:00,2020-07-15, 
2041,2004-03-10 02:02:00,143.2817431,-12.74297376,radio-transmitter, ,#1006146709,25,"Green python Morelia viridis, Cape York Australia",747747,8590199,54S,Australian Eastern Standard Time (Queensland),2004-03-10 12:02:00,2020-07-15, 
2042,2004-03-14 05:05:00,143.2817463,-12.74333519,radio-transmitter, ,#1006146709,25,"Green python Morelia viridis, Cape York Australia",747747,8590159,54S,Australian Eastern Standard Time (Queensland),2004-03-14 15:05:00,2020-07-15, 
2043,2004-03-16 01:55:00,143.2817463,-12.74333519,radio-transmitter, ,#1006146709,25,"Green python Morelia viridis, Cape York Australia",747747,8590159,54S,Australian Eastern Standard Time (Queensland),2004-03-16 11:55:00,2020-07-15, 
2044,2004-03-19 02:04:00,143.2817463,-12.74333519,radio-transmitter, ,#1006146709,25,"Green python Morelia viridis, Cape York Australia",747747,8590159,54S,Australian Eastern Standard Time (Queensland),2004-03-19 12:04:00,2020-07-15, 
2045,2004-03-21 02:15:00,143.2817099,-12.74338068,radio-transmitter, ,#1006146709,25,"Green python Morelia viridis, Cape York Australia",747743,8590154,54S,Australian Eastern Standard Time (Queensland),2004-03-21 12:15:00,2020-07-15, 
2046,2004-03-23 02:29:00,143.2817099,-12.74338068,radio-transmitter, ,#1006146709,25,"Green python Morelia viridis, Cape York Australia",747743,8590154,54S,Australian Eastern Standard Time (Queensland),2004-03-23 12:29:00,2020-07-15, 
2047,2004-03-25 01:05:00,143.2813682,-12.74428727,radio-transmitter, ,#1006146709,25,"Green python Morelia viridis, Cape York Australia",747705,8590054,54S,Australian Eastern Standard Time (Queensland),2004-03-25 11:05:00,2020-07-15, 
2048,2004-03-27 00:53:00,143.281563,-12.74444824,radio-transmitter, ,#1006146709,25,"Green python Morelia viridis, Cape York Australia",747726,8590036,54S,Australian Eastern Standard Time (Queensland),2004-03-27 10:53:00,2020-07-15, 
2049,2004-03-29 00:58:00,143.2817478,-12.74452798,radio-transmitter, ,#1006146709,25,"Green python Morelia viridis, Cape York Australia",747746,8590027,54S,Australian Eastern Standard Time (Queensland),2004-03-29 10:58:00,2020-07-15, 
2050,2004-03-31 01:03:00,143.2817482,-12.74354301,radio-transmitter, ,#1006146709,25,"Green python Morelia viridis, Cape York Australia",747747,8590136,54S,Australian Eastern Standard Time (Queensland),2004-03-31 11:03:00,2020-07-15, 
2051,2004-04-02 00:52:00,143.2819101,-12.7431169,radio-transmitter, ,#1006146709,25,"Green python Morelia viridis, Cape York Australia",747765,8590183,54S,Australian Eastern Standard Time (Queensland),2004-04-02 10:52:00,2020-07-15, 
2052,2004-04-03 00:26:00,143.2819931,-12.74313426,radio-transmitter, ,#1006146709,25,"Green python Morelia viridis, Cape York Australia",747774,8590181,54S,Australian Eastern Standard Time (Queensland),2004-04-03 10:26:00,2020-07-15, 
2053,2003-12-21 12:00:00,143.2838973,-12.74299131,radio-transmitter, ,#1006146713,26,"Green python Morelia viridis, Cape York Australia",747981,8590195,54S,Australian Eastern Standard Time (Queensland),2003-12-21 22:00:00,2020-07-15, 
2054,2003-12-25 00:24:00,143.2839059,-12.74291895,radio-transmitter, ,#1006146713,26,"Green python Morelia viridis, Cape York Australia",747982,8590203,54S,Australian Eastern Standard Time (Queensland),2003-12-25 10:24:00,2020-07-15, 
2055,2003-12-25 23:50:00,143.2839059,-12.74291895,radio-transmitter, ,#1006146713,26,"Green python Morelia viridis, Cape York Australia",747982,8590203,54S,Australian Eastern Standard Time (Queensland),2003-12-26 09:50:00,2020-07-15, 
2056,2003-12-26 11:45:00,143.2838967,-12.74291902,radio-transmitter, ,#1006146713,26,"Green python Morelia viridis, Cape York Australia",747981,8590203,54S,Australian Eastern Standard Time (Queensland),2003-12-26 21:45:00,2020-07-15, 
2057,2003-12-27 00:58:00,143.2839059,-12.74291895,radio-transmitter, ,#1006146713,26,"Green python Morelia viridis, Cape York Australia",747982,8590203,54S,Australian Eastern Standard Time (Queensland),2003-12-27 10:58:00,2020-07-15, 
2058,2003-12-27 10:40:00,143.2839057,-12.74290087,radio-transmitter, ,#1006146713,26,"Green python Morelia viridis, Cape York Australia",747982,8590205,54S,Australian Eastern Standard Time (Queensland),2003-12-27 20:40:00,2020-07-15, 
2059,2003-12-28 01:43:00,143.2838962,-12.74286481,radio-transmitter, ,#1006146713,26,"Green python Morelia viridis, Cape York Australia",747981,8590209,54S,Australian Eastern Standard Time (Queensland),2003-12-28 11:43:00,2020-07-15, 
2060,2003-12-28 11:12:00,143.2838512,-12.74298267,radio-transmitter, ,#1006146713,26,"Green python Morelia viridis, Cape York Australia",747976,8590196,54S,Australian Eastern Standard Time (Queensland),2003-12-28 21:12:00,2020-07-15, 
2061,2003-12-29 00:43:00,143.2838512,-12.74298267,radio-transmitter, ,#1006146713,26,"Green python Morelia viridis, Cape York Australia",747976,8590196,54S,Australian Eastern Standard Time (Queensland),2003-12-29 10:43:00,2020-07-15, 
2062,2003-12-29 10:51:00,143.2838512,-12.74298267,radio-transmitter, ,#1006146713,26,"Green python Morelia viridis, Cape York Australia",747976,8590196,54S,Australian Eastern Standard Time (Queensland),2003-12-29 20:51:00,2020-07-15, 
2063,2003-12-30 00:57:00,143.2838608,-12.74301873,radio-transmitter, ,#1006146713,26,"Green python Morelia viridis, Cape York Australia",747977,8590192,54S,Australian Eastern Standard Time (Queensland),2003-12-30 10:57:00,2020-07-15, 
2064,2003-12-30 11:12:00,143.2838608,-12.74301873,radio-transmitter, ,#1006146713,26,"Green python Morelia viridis, Cape York Australia",747977,8590192,54S,Australian Eastern Standard Time (Queensland),2003-12-30 21:12:00,2020-07-15, 
2065,2003-12-31 00:03:00,143.28387,-12.74301866,radio-transmitter, ,#1006146713,26,"Green python Morelia viridis, Cape York Australia",747978,8590192,54S,Australian Eastern Standard Time (Queensland),2003-12-31 10:03:00,2020-07-15, 
2066,2003-12-31 11:51:00,143.2838608,-12.74301873,radio-transmitter, ,#1006146713,26,"Green python Morelia viridis, Cape York Australia",747977,8590192,54S,Australian Eastern Standard Time (Queensland),2003-12-31 21:51:00,2020-07-15, 
2067,2003-12-31 22:53:00,143.2838608,-12.74301873,radio-transmitter, ,#1006146713,26,"Green python Morelia viridis, Cape York Australia",747977,8590192,54S,Australian Eastern Standard Time (Queensland),2004-01-01 08:53:00,2020-07-15, 
2068,2004-01-01 11:05:00,143.2838608,-12.74301873,radio-transmitter, ,#1006146713,26,"Green python Morelia viridis, Cape York Australia",747977,8590192,54S,Australian Eastern Standard Time (Queensland),2004-01-01 21:05:00,2020-07-15, 
2069,2004-01-02 01:04:00,143.2838152,-12.74307335,radio-transmitter, ,#1006146713,26,"Green python Morelia viridis, Cape York Australia",747972,8590186,54S,Australian Eastern Standard Time (Queensland),2004-01-02 11:04:00,2020-07-15, 
2070,2004-01-02 22:36:00,143.2838149,-12.7430372,radio-transmitter, ,#1006146713,26,"Green python Morelia viridis, Cape York Australia",747972,8590190,54S,Australian Eastern Standard Time (Queensland),2004-01-03 08:36:00,2020-07-15, 
2071,2004-01-04 23:38:00,143.2837772,-12.74293813,radio-transmitter, ,#1006146713,26,"Green python Morelia viridis, Cape York Australia",747968,8590201,54S,Australian Eastern Standard Time (Queensland),2004-01-05 09:38:00,2020-07-15, 
2072,2004-01-06 23:23:00,143.2837592,-12.74298347,radio-transmitter, ,#1006146713,26,"Green python Morelia viridis, Cape York Australia",747966,8590196,54S,Australian Eastern Standard Time (Queensland),2004-01-07 09:23:00,2020-07-15, 
2073,2004-01-08 00:09:00,143.2837882,-12.74313683,radio-transmitter, ,#1006146713,26,"Green python Morelia viridis, Cape York Australia",747969,8590179,54S,Australian Eastern Standard Time (Queensland),2004-01-08 10:09:00,2020-07-15, 
2074,2004-01-08 22:50:00,143.2837882,-12.74313683,radio-transmitter, ,#1006146713,26,"Green python Morelia viridis, Cape York Australia",747969,8590179,54S,Australian Eastern Standard Time (Queensland),2004-01-09 08:50:00,2020-07-15, 
2075,2004-01-10 01:18:00,143.2837608,-12.74316418,radio-transmitter, ,#1006146713,26,"Green python Morelia viridis, Cape York Australia",747966,8590176,54S,Australian Eastern Standard Time (Queensland),2004-01-10 11:18:00,2020-07-15, 
2076,2004-01-10 23:21:00,143.2837608,-12.74316418,radio-transmitter, ,#1006146713,26,"Green python Morelia viridis, Cape York Australia",747966,8590176,54S,Australian Eastern Standard Time (Queensland),2004-01-11 09:21:00,2020-07-15, 
2077,2004-01-12 00:26:00,143.2837518,-12.74318233,radio-transmitter, ,#1006146713,26,"Green python Morelia viridis, Cape York Australia",747965,8590174,54S,Australian Eastern Standard Time (Queensland),2004-01-12 10:26:00,2020-07-15, 
2078,2004-01-12 11:34:00,143.2837518,-12.74318233,radio-transmitter, ,#1006146713,26,"Green python Morelia viridis, Cape York Australia",747965,8590174,54S,Australian Eastern Standard Time (Queensland),2004-01-12 21:34:00,2020-07-15, 
2079,2004-01-12 23:28:00,143.2837608,-12.74316418,radio-transmitter, ,#1006146713,26,"Green python Morelia viridis, Cape York Australia",747966,8590176,54S,Australian Eastern Standard Time (Queensland),2004-01-13 09:28:00,2020-07-15, 
2080,2004-01-17 01:02:00,143.2837608,-12.74316418,radio-transmitter, ,#1006146713,26,"Green python Morelia viridis, Cape York Australia",747966,8590176,54S,Australian Eastern Standard Time (Queensland),2004-01-17 11:02:00,2020-07-15, 
2081,2004-01-22 01:40:00,143.2837982,-12.74322711,radio-transmitter, ,#1006146713,26,"Green python Morelia viridis, Cape York Australia",747970,8590169,54S,Australian Eastern Standard Time (Queensland),2004-01-22 11:40:00,2020-07-15, 
2082,2004-01-23 02:06:00,143.2838076,-12.7432451,radio-transmitter, ,#1006146713,26,"Green python Morelia viridis, Cape York Australia",747971,8590167,54S,Australian Eastern Standard Time (Queensland),2004-01-23 12:06:00,2020-07-15, 
2083,2004-01-23 07:40:00,143.2838076,-12.7432451,radio-transmitter, ,#1006146713,26,"Green python Morelia viridis, Cape York Australia",747971,8590167,54S,Australian Eastern Standard Time (Queensland),2004-01-23 17:40:00,2020-07-15, 
2084,2004-01-23 23:52:00,143.2838076,-12.7432451,radio-transmitter, ,#1006146713,26,"Green python Morelia viridis, Cape York Australia",747971,8590167,54S,Australian Eastern Standard Time (Queensland),2004-01-24 09:52:00,2020-07-15, 
2085,2004-01-24 09:02:00,143.283807,-12.74318185,radio-transmitter, ,#1006146713,26,"Green python Morelia viridis, Cape York Australia",747971,8590174,54S,Australian Eastern Standard Time (Queensland),2004-01-24 19:02:00,2020-07-15, 
2086,2004-01-25 00:38:00,143.2838162,-12.74318177,radio-transmitter, ,#1006146713,26,"Green python Morelia viridis, Cape York Australia",747972,8590174,54S,Australian Eastern Standard Time (Queensland),2004-01-25 10:38:00,2020-07-15, 
2087,2004-01-27 00:07:00,143.2838162,-12.74318177,radio-transmitter, ,#1006146713,26,"Green python Morelia viridis, Cape York Australia",747972,8590174,54S,Australian Eastern Standard Time (Queensland),2004-01-27 10:07:00,2020-07-15, 
2088,2004-01-28 02:54:00,143.2838162,-12.74318177,radio-transmitter, ,#1006146713,26,"Green python Morelia viridis, Cape York Australia",747972,8590174,54S,Australian Eastern Standard Time (Queensland),2004-01-28 12:54:00,2020-07-15, 
2089,2004-01-29 00:48:00,143.2838162,-12.74318177,radio-transmitter, ,#1006146713,26,"Green python Morelia viridis, Cape York Australia",747972,8590174,54S,Australian Eastern Standard Time (Queensland),2004-01-29 10:48:00,2020-07-15, 
2090,2004-01-29 12:41:00,143.2838162,-12.74318177,radio-transmitter, ,#1006146713,26,"Green python Morelia viridis, Cape York Australia",747972,8590174,54S,Australian Eastern Standard Time (Queensland),2004-01-29 22:41:00,2020-07-15, 
2091,2004-01-30 05:03:00,143.2838162,-12.74318177,radio-transmitter, ,#1006146713,26,"Green python Morelia viridis, Cape York Australia",747972,8590174,54S,Australian Eastern Standard Time (Queensland),2004-01-30 15:03:00,2020-07-15, 
2092,2004-01-30 10:38:00,143.2838349,-12.74320872,radio-transmitter, ,#1006146713,26,"Green python Morelia viridis, Cape York Australia",747974,8590171,54S,Australian Eastern Standard Time (Queensland),2004-01-30 20:38:00,2020-07-15, 
2093,2004-01-31 01:15:00,143.2837423,-12.7431553,radio-transmitter, ,#1006146713,26,"Green python Morelia viridis, Cape York Australia",747964,8590177,54S,Australian Eastern Standard Time (Queensland),2004-01-31 11:15:00,2020-07-15, 
2094,2004-01-31 10:44:00,143.283751,-12.74310101,radio-transmitter, ,#1006146713,26,"Green python Morelia viridis, Cape York Australia",747965,8590183,54S,Australian Eastern Standard Time (Queensland),2004-01-31 20:44:00,2020-07-15, 
2095,2004-02-01 00:25:00,143.2839883,-12.74287305,radio-transmitter, ,#1006146713,26,"Green python Morelia viridis, Cape York Australia",747991,8590208,54S,Australian Eastern Standard Time (Queensland),2004-02-01 10:25:00,2020-07-15, 
2096,2004-02-01 12:04:00,143.2839791,-12.7428641,radio-transmitter, ,#1006146713,26,"Green python Morelia viridis, Cape York Australia",747990,8590209,54S,Australian Eastern Standard Time (Queensland),2004-02-01 22:04:00,2020-07-15, 
2097,2004-02-01 23:34:00,143.2839699,-12.74286417,radio-transmitter, ,#1006146713,26,"Green python Morelia viridis, Cape York Australia",747989,8590209,54S,Australian Eastern Standard Time (Queensland),2004-02-02 09:34:00,2020-07-15, 
2098,2004-02-02 10:32:00,143.2839514,-12.74286433,radio-transmitter, ,#1006146713,26,"Green python Morelia viridis, Cape York Australia",747987,8590209,54S,Australian Eastern Standard Time (Queensland),2004-02-02 20:32:00,2020-07-15, 
2099,2004-02-02 23:57:00,143.2839699,-12.74286417,radio-transmitter, ,#1006146713,26,"Green python Morelia viridis, Cape York Australia",747989,8590209,54S,Australian Eastern Standard Time (Queensland),2004-02-03 09:57:00,2020-07-15, 
2100,2004-02-03 23:55:00,143.2839883,-12.74287305,radio-transmitter, ,#1006146713,26,"Green python Morelia viridis, Cape York Australia",747991,8590208,54S,Australian Eastern Standard Time (Queensland),2004-02-04 09:55:00,2020-07-15, 
2101,2004-02-05 03:47:00,143.2839883,-12.74287305,radio-transmitter, ,#1006146713,26,"Green python Morelia viridis, Cape York Australia",747991,8590208,54S,Australian Eastern Standard Time (Queensland),2004-02-05 13:47:00,2020-07-15, 
2102,2004-02-06 23:33:00,143.2839703,-12.74291839,radio-transmitter, ,#1006146713,26,"Green python Morelia viridis, Cape York Australia",747989,8590203,54S,Australian Eastern Standard Time (Queensland),2004-02-07 09:33:00,2020-07-15, 
2103,2004-02-08 00:37:00,143.2839703,-12.74291839,radio-transmitter, ,#1006146713,26,"Green python Morelia viridis, Cape York Australia",747989,8590203,54S,Australian Eastern Standard Time (Queensland),2004-02-08 10:37:00,2020-07-15, 
2104,2004-02-10 00:24:00,143.2839434,-12.74299091,radio-transmitter, ,#1006146713,26,"Green python Morelia viridis, Cape York Australia",747986,8590195,54S,Australian Eastern Standard Time (Queensland),2004-02-10 10:24:00,2020-07-15, 
2105,2004-02-10 23:13:00,143.2839434,-12.74299091,radio-transmitter, ,#1006146713,26,"Green python Morelia viridis, Cape York Australia",747986,8590195,54S,Australian Eastern Standard Time (Queensland),2004-02-11 09:13:00,2020-07-15, 
2106,2004-02-12 01:02:00,143.2839623,-12.74304497,radio-transmitter, ,#1006146713,26,"Green python Morelia viridis, Cape York Australia",747988,8590189,54S,Australian Eastern Standard Time (Queensland),2004-02-12 11:02:00,2020-07-15, 
2107,2004-02-12 23:58:00,143.2839892,-12.74297244,radio-transmitter, ,#1006146713,26,"Green python Morelia viridis, Cape York Australia",747991,8590197,54S,Australian Eastern Standard Time (Queensland),2004-02-13 09:58:00,2020-07-15, 
2108,2004-02-14 00:35:00,143.2839892,-12.74297244,radio-transmitter, ,#1006146713,26,"Green python Morelia viridis, Cape York Australia",747991,8590197,54S,Australian Eastern Standard Time (Queensland),2004-02-14 10:35:00,2020-07-15, 
2109,2004-02-14 10:39:00,143.2839892,-12.74297244,radio-transmitter, ,#1006146713,26,"Green python Morelia viridis, Cape York Australia",747991,8590197,54S,Australian Eastern Standard Time (Queensland),2004-02-14 20:39:00,2020-07-15, 
2110,2004-02-15 01:09:00,143.2839887,-12.74290919,radio-transmitter, ,#1006146713,26,"Green python Morelia viridis, Cape York Australia",747991,8590204,54S,Australian Eastern Standard Time (Queensland),2004-02-15 11:09:00,2020-07-15, 
2111,2004-02-15 11:43:00,143.2839887,-12.74290919,radio-transmitter, ,#1006146713,26,"Green python Morelia viridis, Cape York Australia",747991,8590204,54S,Australian Eastern Standard Time (Queensland),2004-02-15 21:43:00,2020-07-15, 
2112,2004-02-16 00:19:00,143.2839796,-12.74292734,radio-transmitter, ,#1006146713,26,"Green python Morelia viridis, Cape York Australia",747990,8590202,54S,Australian Eastern Standard Time (Queensland),2004-02-16 10:19:00,2020-07-15, 
2113,2004-02-16 11:02:00,143.2839796,-12.74292734,radio-transmitter, ,#1006146713,26,"Green python Morelia viridis, Cape York Australia",747990,8590202,54S,Australian Eastern Standard Time (Queensland),2004-02-16 21:02:00,2020-07-15, 
2114,2004-02-17 00:37:00,143.2839807,-12.74304481,radio-transmitter, ,#1006146713,26,"Green python Morelia viridis, Cape York Australia",747990,8590189,54S,Australian Eastern Standard Time (Queensland),2004-02-17 10:37:00,2020-07-15, 
2115,2004-02-17 23:04:00,143.2839808,-12.74306288,radio-transmitter, ,#1006146713,26,"Green python Morelia viridis, Cape York Australia",747990,8590187,54S,Australian Eastern Standard Time (Queensland),2004-02-18 09:04:00,2020-07-15, 
2116,2004-02-18 11:33:00,143.2839808,-12.74306288,radio-transmitter, ,#1006146713,26,"Green python Morelia viridis, Cape York Australia",747990,8590187,54S,Australian Eastern Standard Time (Queensland),2004-02-18 21:33:00,2020-07-15, 
2117,2004-02-19 00:47:00,143.2839717,-12.743072,radio-transmitter, ,#1006146713,26,"Green python Morelia viridis, Cape York Australia",747989,8590186,54S,Australian Eastern Standard Time (Queensland),2004-02-19 10:47:00,2020-07-15, 
2118,2004-02-19 10:44:00,143.2839808,-12.74305384,radio-transmitter, ,#1006146713,26,"Green python Morelia viridis, Cape York Australia",747990,8590188,54S,Australian Eastern Standard Time (Queensland),2004-02-19 20:44:00,2020-07-15, 
2119,2004-02-20 01:56:00,143.2840366,-12.74311662,radio-transmitter, ,#1006146713,26,"Green python Morelia viridis, Cape York Australia",747996,8590181,54S,Australian Eastern Standard Time (Queensland),2004-02-20 11:56:00,2020-07-15, 
2120,2003-01-19 12:00:00,143.2869473,-12.75561584,radio-transmitter, ,#1006146717,27,"Green python Morelia viridis, Cape York Australia",748300,8588795,54S,Australian Eastern Standard Time (Queensland),2003-01-19 22:00:00,2020-07-15, 
2121,2003-01-24 06:04:00,143.287129,-12.75535221,radio-transmitter, ,#1006146717,27,"Green python Morelia viridis, Cape York Australia",748320,8588824,54S,Australian Eastern Standard Time (Queensland),2003-01-24 16:04:00,2020-07-15, 
2122,2003-01-24 23:28:00,143.2870928,-12.75541578,radio-transmitter, ,#1006146717,27,"Green python Morelia viridis, Cape York Australia",748316,8588817,54S,Australian Eastern Standard Time (Queensland),2003-01-25 09:28:00,2020-07-15, 
2123,2003-01-26 04:30:00,143.2871116,-12.7554608,radio-transmitter, ,#1006146717,27,"Green python Morelia viridis, Cape York Australia",748318,8588812,54S,Australian Eastern Standard Time (Queensland),2003-01-26 14:30:00,2020-07-15, 
2124,2003-01-26 13:18:00,143.287102,-12.75542473,radio-transmitter, ,#1006146717,27,"Green python Morelia viridis, Cape York Australia",748317,8588816,54S,Australian Eastern Standard Time (Queensland),2003-01-26 23:18:00,2020-07-15, 
2125,2003-01-27 02:54:00,143.2870653,-12.75543409,radio-transmitter, ,#1006146717,27,"Green python Morelia viridis, Cape York Australia",748313,8588815,54S,Australian Eastern Standard Time (Queensland),2003-01-27 12:54:00,2020-07-15, 
2126,2003-01-28 04:45:00,143.2870469,-12.75543425,radio-transmitter, ,#1006146717,27,"Green python Morelia viridis, Cape York Australia",748311,8588815,54S,Australian Eastern Standard Time (Queensland),2003-01-28 14:45:00,2020-07-15, 
2127,2003-01-29 06:05:00,143.2870471,-12.75545232,radio-transmitter, ,#1006146717,27,"Green python Morelia viridis, Cape York Australia",748311,8588813,54S,Australian Eastern Standard Time (Queensland),2003-01-29 16:05:00,2020-07-15, 
2128,2003-01-30 04:00:00,143.2870013,-12.75547982,radio-transmitter, ,#1006146717,27,"Green python Morelia viridis, Cape York Australia",748306,8588810,54S,Australian Eastern Standard Time (Queensland),2003-01-30 14:00:00,2020-07-15, 
2129,2003-02-01 02:24:00,143.2870013,-12.75547982,radio-transmitter, ,#1006146717,27,"Green python Morelia viridis, Cape York Australia",748306,8588810,54S,Australian Eastern Standard Time (Queensland),2003-02-01 12:24:00,2020-07-15, 
2130,2003-02-03 05:39:00,143.2874183,-12.75579249,radio-transmitter, ,#1006146717,27,"Green python Morelia viridis, Cape York Australia",748351,8588775,54S,Australian Eastern Standard Time (Queensland),2003-02-03 15:39:00,2020-07-15, 
2131,2003-02-05 00:08:00,143.2871825,-12.75618309,radio-transmitter, ,#1006146717,27,"Green python Morelia viridis, Cape York Australia",748325,8588732,54S,Australian Eastern Standard Time (Queensland),2003-02-05 10:08:00,2020-07-15, 
2132,2003-02-05 23:36:00,143.2862,-12.75749283,radio-transmitter, ,#1006146717,27,"Green python Morelia viridis, Cape York Australia",748217,8588588,54S,Australian Eastern Standard Time (Queensland),2003-02-06 09:36:00,2020-07-15, 
2133,2003-02-07 04:40:00,143.2857871,-12.75764098,radio-transmitter, ,#1006146717,27,"Green python Morelia viridis, Cape York Australia",748172,8588572,54S,Australian Eastern Standard Time (Queensland),2003-02-07 14:40:00,2020-07-15, 
2134,2003-02-07 12:35:00,143.285787,-12.75763195,radio-transmitter, ,#1006146717,27,"Green python Morelia viridis, Cape York Australia",748172,8588573,54S,Australian Eastern Standard Time (Queensland),2003-02-07 22:35:00,2020-07-15, 
2135,2003-02-08 01:46:00,143.2856162,-12.75808524,radio-transmitter, ,#1006146717,27,"Green python Morelia viridis, Cape York Australia",748153,8588523,54S,Australian Eastern Standard Time (Queensland),2003-02-08 11:46:00,2020-07-15, 
2136,2003-02-08 08:50:00,143.2856254,-12.7580942,radio-transmitter, ,#1006146717,27,"Green python Morelia viridis, Cape York Australia",748154,8588522,54S,Australian Eastern Standard Time (Queensland),2003-02-08 18:50:00,2020-07-15, 
2137,2003-02-08 22:42:00,143.2856162,-12.75809428,radio-transmitter, ,#1006146717,27,"Green python Morelia viridis, Cape York Australia",748153,8588522,54S,Australian Eastern Standard Time (Queensland),2003-02-09 08:42:00,2020-07-15, 
2138,2003-02-09 12:40:00,143.2855339,-12.75814921,radio-transmitter, ,#1006146717,27,"Green python Morelia viridis, Cape York Australia",748144,8588516,54S,Australian Eastern Standard Time (Queensland),2003-02-09 22:40:00,2020-07-15, 
2139,2003-02-10 07:28:00,143.2855339,-12.75814921,radio-transmitter, ,#1006146717,27,"Green python Morelia viridis, Cape York Australia",748144,8588516,54S,Australian Eastern Standard Time (Queensland),2003-02-10 17:28:00,2020-07-15, 
2140,2003-02-11 04:25:00,143.2855339,-12.75814921,radio-transmitter, ,#1006146717,27,"Green python Morelia viridis, Cape York Australia",748144,8588516,54S,Australian Eastern Standard Time (Queensland),2003-02-11 14:25:00,2020-07-15, 
2141,2003-02-12 23:26:00,143.2854968,-12.75812242,radio-transmitter, ,#1006146717,27,"Green python Morelia viridis, Cape York Australia",748140,8588519,54S,Australian Eastern Standard Time (Queensland),2003-02-13 09:26:00,2020-07-15, 
2142,2003-02-13 09:00:00,143.2854967,-12.75811338,radio-transmitter, ,#1006146717,27,"Green python Morelia viridis, Cape York Australia",748140,8588520,54S,Australian Eastern Standard Time (Queensland),2003-02-13 19:00:00,2020-07-15, 
2143,2003-02-13 12:00:00,143.2852755,-12.75807915,radio-transmitter, ,#1006146717,27,"Green python Morelia viridis, Cape York Australia",748116,8588524,54S,Australian Eastern Standard Time (Queensland),2003-02-13 22:00:00,2020-07-15, 
2144,2003-02-13 23:49:00,143.2849707,-12.75797335,radio-transmitter, ,#1006146717,27,"Green python Morelia viridis, Cape York Australia",748083,8588536,54S,Australian Eastern Standard Time (Queensland),2003-02-14 09:49:00,2020-07-15, 
2145,2003-02-15 00:40:00,143.2849799,-12.75797327,radio-transmitter, ,#1006146717,27,"Green python Morelia viridis, Cape York Australia",748084,8588536,54S,Australian Eastern Standard Time (Queensland),2003-02-15 10:40:00,2020-07-15, 
2146,2003-02-15 08:05:00,143.2849707,-12.75797335,radio-transmitter, ,#1006146717,27,"Green python Morelia viridis, Cape York Australia",748083,8588536,54S,Australian Eastern Standard Time (Queensland),2003-02-15 18:05:00,2020-07-15, 
2147,2003-02-16 00:35:00,143.2845544,-12.75774201,radio-transmitter, ,#1006146717,27,"Green python Morelia viridis, Cape York Australia",748038,8588562,54S,Australian Eastern Standard Time (Queensland),2003-02-16 10:35:00,2020-07-15, 
2148,2003-02-17 02:22:00,143.2840258,-12.75731283,radio-transmitter, ,#1006146717,27,"Green python Morelia viridis, Cape York Australia",747981,8588610,54S,Australian Eastern Standard Time (Queensland),2003-02-17 12:22:00,2020-07-15, 
2149,2003-02-18 00:27:00,143.2840236,-12.75706887,radio-transmitter, ,#1006146717,27,"Green python Morelia viridis, Cape York Australia",747981,8588637,54S,Australian Eastern Standard Time (Queensland),2003-02-18 10:27:00,2020-07-15, 
2150,2003-02-18 23:30:00,143.2837057,-12.7565204,radio-transmitter, ,#1006146717,27,"Green python Morelia viridis, Cape York Australia",747947,8588698,54S,Australian Eastern Standard Time (Queensland),2003-02-19 09:30:00,2020-07-15, 
2151,2003-02-20 22:52:00,143.2837042,-12.75635776,radio-transmitter, ,#1006146717,27,"Green python Morelia viridis, Cape York Australia",747947,8588716,54S,Australian Eastern Standard Time (Queensland),2003-02-21 08:52:00,2020-07-15, 
2152,2003-02-22 03:30:00,143.2835364,-12.75509412,radio-transmitter, ,#1006146717,27,"Green python Morelia viridis, Cape York Australia",747930,8588856,54S,Australian Eastern Standard Time (Queensland),2003-02-22 13:30:00,2020-07-15, 
2153,2003-02-24 02:16:00,143.2835362,-12.75507605,radio-transmitter, ,#1006146717,27,"Green python Morelia viridis, Cape York Australia",747930,8588858,54S,Australian Eastern Standard Time (Queensland),2003-02-24 12:16:00,2020-07-15, 
2154,2003-02-25 06:48:00,143.2835544,-12.75505782,radio-transmitter, ,#1006146717,27,"Green python Morelia viridis, Cape York Australia",747932,8588860,54S,Australian Eastern Standard Time (Queensland),2003-02-25 16:48:00,2020-07-15, 
2155,2003-02-26 06:14:00,143.2835363,-12.75508508,radio-transmitter, ,#1006146717,27,"Green python Morelia viridis, Cape York Australia",747930,8588857,54S,Australian Eastern Standard Time (Queensland),2003-02-26 16:14:00,2020-07-15, 
2156,2003-02-28 01:05:00,143.2835363,-12.75508508,radio-transmitter, ,#1006146717,27,"Green python Morelia viridis, Cape York Australia",747930,8588857,54S,Australian Eastern Standard Time (Queensland),2003-02-28 11:05:00,2020-07-15, 
2157,2003-03-01 02:26:00,143.2835729,-12.75505766,radio-transmitter, ,#1006146717,27,"Green python Morelia viridis, Cape York Australia",747934,8588860,54S,Australian Eastern Standard Time (Queensland),2003-03-01 12:26:00,2020-07-15, 
2158,2003-03-02 07:18:00,143.2835729,-12.75505766,radio-transmitter, ,#1006146717,27,"Green python Morelia viridis, Cape York Australia",747934,8588860,54S,Australian Eastern Standard Time (Queensland),2003-03-02 17:18:00,2020-07-15, 
2159,2003-03-04 07:39:00,143.2835729,-12.75505766,radio-transmitter, ,#1006146717,27,"Green python Morelia viridis, Cape York Australia",747934,8588860,54S,Australian Eastern Standard Time (Queensland),2003-03-04 17:39:00,2020-07-15, 
2160,2003-03-05 06:30:00,143.2835729,-12.75505766,radio-transmitter, ,#1006146717,27,"Green python Morelia viridis, Cape York Australia",747934,8588860,54S,Australian Eastern Standard Time (Queensland),2003-03-05 16:30:00,2020-07-15, 
2161,2003-03-06 05:21:00,143.2834904,-12.75510355,radio-transmitter, ,#1006146717,27,"Green python Morelia viridis, Cape York Australia",747925,8588855,54S,Australian Eastern Standard Time (Queensland),2003-03-06 15:21:00,2020-07-15, 
2162,2003-03-07 07:16:00,143.2834716,-12.75505853,radio-transmitter, ,#1006146717,27,"Green python Morelia viridis, Cape York Australia",747923,8588860,54S,Australian Eastern Standard Time (Queensland),2003-03-07 17:16:00,2020-07-15, 
2163,2003-03-11 06:06:00,143.2832011,-12.75466327,radio-transmitter, ,#1006146717,27,"Green python Morelia viridis, Cape York Australia",747894,8588904,54S,Australian Eastern Standard Time (Queensland),2003-03-11 16:06:00,2020-07-15, 
2164,2003-03-13 03:26:00,143.2832449,-12.75441891,radio-transmitter, ,#1006146717,27,"Green python Morelia viridis, Cape York Australia",747899,8588931,54S,Australian Eastern Standard Time (Queensland),2003-03-13 13:26:00,2020-07-15, 
2165,2003-03-15 03:37:00,143.2832449,-12.75441891,radio-transmitter, ,#1006146717,27,"Green python Morelia viridis, Cape York Australia",747899,8588931,54S,Australian Eastern Standard Time (Queensland),2003-03-15 13:37:00,2020-07-15, 
2166,2003-03-17 05:36:00,143.2832449,-12.75441891,radio-transmitter, ,#1006146717,27,"Green python Morelia viridis, Cape York Australia",747899,8588931,54S,Australian Eastern Standard Time (Queensland),2003-03-17 15:36:00,2020-07-15, 
2167,2003-03-25 04:42:00,143.2832157,-12.75423844,radio-transmitter, ,#1006146717,27,"Green python Morelia viridis, Cape York Australia",747896,8588951,54S,Australian Eastern Standard Time (Queensland),2003-03-25 14:42:00,2020-07-15, 
2168,2003-03-28 02:33:00,143.2832158,-12.75425651,radio-transmitter, ,#1006146717,27,"Green python Morelia viridis, Cape York Australia",747896,8588949,54S,Australian Eastern Standard Time (Queensland),2003-03-28 12:33:00,2020-07-15, 
2169,2003-03-31 02:48:00,143.2832158,-12.75425651,radio-transmitter, ,#1006146717,27,"Green python Morelia viridis, Cape York Australia",747896,8588949,54S,Australian Eastern Standard Time (Queensland),2003-03-31 12:48:00,2020-07-15, 
2170,2003-04-02 06:10:00,143.2832155,-12.75422036,radio-transmitter, ,#1006146717,27,"Green python Morelia viridis, Cape York Australia",747896,8588953,54S,Australian Eastern Standard Time (Queensland),2003-04-02 16:10:00,2020-07-15, 
2171,2003-04-04 07:04:00,143.2832155,-12.75422036,radio-transmitter, ,#1006146717,27,"Green python Morelia viridis, Cape York Australia",747896,8588953,54S,Australian Eastern Standard Time (Queensland),2003-04-04 17:04:00,2020-07-15, 
2172,2003-04-06 06:58:00,143.2832155,-12.75422036,radio-transmitter, ,#1006146717,27,"Green python Morelia viridis, Cape York Australia",747896,8588953,54S,Australian Eastern Standard Time (Queensland),2003-04-06 16:58:00,2020-07-15, 
2173,2003-04-08 06:09:00,143.2832155,-12.75422036,radio-transmitter, ,#1006146717,27,"Green python Morelia viridis, Cape York Australia",747896,8588953,54S,Australian Eastern Standard Time (Queensland),2003-04-08 16:09:00,2020-07-15, 
2174,2003-04-10 04:16:00,143.2832156,-12.7542294,radio-transmitter, ,#1006146717,27,"Green python Morelia viridis, Cape York Australia",747896,8588952,54S,Australian Eastern Standard Time (Queensland),2003-04-10 14:16:00,2020-07-15, 
2175,2003-04-12 03:31:00,143.2832156,-12.7542294,radio-transmitter, ,#1006146717,27,"Green python Morelia viridis, Cape York Australia",747896,8588952,54S,Australian Eastern Standard Time (Queensland),2003-04-12 13:31:00,2020-07-15, 
2176,2003-05-22 00:42:00,143.2835938,-12.75328635,radio-transmitter, ,#1006146717,27,"Green python Morelia viridis, Cape York Australia",747938,8589056,54S,Australian Eastern Standard Time (Queensland),2003-05-22 10:42:00,2020-07-15, 
2177,2003-01-09 12:00:00,143.2432672,-12.74131486,radio-transmitter, ,1-Tag,1,"Green python Morelia viridis, Cape York Australia",743569,8590419,54S,Australian Eastern Standard Time (Queensland),2003-01-09 22:00:00,2020-07-15, 
2178,2003-01-15 01:50:00,143.243543,-12.74126734,radio-transmitter, ,1-Tag,1,"Green python Morelia viridis, Cape York Australia",743599,8590424,54S,Australian Eastern Standard Time (Queensland),2003-01-15 11:50:00,2020-07-15, 
2179,2003-01-15 22:49:00,143.2437437,-12.74105779,radio-transmitter, ,1-Tag,1,"Green python Morelia viridis, Cape York Australia",743621,8590447,54S,Australian Eastern Standard Time (Queensland),2003-01-16 08:49:00,2020-07-15, 
2180,2003-01-22 07:50:00,143.2432184,-12.7451739,radio-transmitter, ,1-Tag,1,"Green python Morelia viridis, Cape York Australia",743560,8589992,54S,Australian Eastern Standard Time (Queensland),2003-01-22 17:50:00,2020-07-15, 
2181,2003-01-24 02:43:00,143.2431004,-12.74537371,radio-transmitter, ,1-Tag,1,"Green python Morelia viridis, Cape York Australia",743547,8589970,54S,Australian Eastern Standard Time (Queensland),2003-01-24 12:43:00,2020-07-15, 
2182,2003-01-25 01:26:00,143.2432213,-12.74550823,radio-transmitter, ,1-Tag,1,"Green python Morelia viridis, Cape York Australia",743560,8589955,54S,Australian Eastern Standard Time (Queensland),2003-01-25 11:26:00,2020-07-15, 
2183,2003-01-27 06:40:00,143.2431852,-12.74558987,radio-transmitter, ,1-Tag,1,"Green python Morelia viridis, Cape York Australia",743556,8589946,54S,Australian Eastern Standard Time (Queensland),2003-01-27 16:40:00,2020-07-15, 
2184,2003-01-29 02:30:00,143.2432684,-12.74563434,radio-transmitter, ,1-Tag,1,"Green python Morelia viridis, Cape York Australia",743565,8589941,54S,Australian Eastern Standard Time (Queensland),2003-01-29 12:30:00,2020-07-15, 
2185,2003-01-31 05:00:00,143.2433432,-12.74576022,radio-transmitter, ,1-Tag,1,"Green python Morelia viridis, Cape York Australia",743573,8589927,54S,Australian Eastern Standard Time (Queensland),2003-01-31 15:00:00,2020-07-15, 
2186,2003-02-02 06:36:00,143.2431966,-12.74584279,radio-transmitter, ,1-Tag,1,"Green python Morelia viridis, Cape York Australia",743557,8589918,54S,Australian Eastern Standard Time (Queensland),2003-02-02 16:36:00,2020-07-15, 
2187,2003-02-04 00:37:00,143.2431508,-12.74586126,radio-transmitter, ,1-Tag,1,"Green python Morelia viridis, Cape York Australia",743552,8589916,54S,Australian Eastern Standard Time (Queensland),2003-02-04 10:37:00,2020-07-15, 
2188,2003-02-06 02:16:00,143.243137,-12.74534629,radio-transmitter, ,1-Tag,1,"Green python Morelia viridis, Cape York Australia",743551,8589973,54S,Australian Eastern Standard Time (Queensland),2003-02-06 12:16:00,2020-07-15, 
2189,2003-02-08 04:50:00,143.2428609,-12.74534863,radio-transmitter, ,1-Tag,1,"Green python Morelia viridis, Cape York Australia",743521,8589973,54S,Australian Eastern Standard Time (Queensland),2003-02-08 14:50:00,2020-07-15, 
2190,2003-02-10 04:52:00,143.2425013,-12.74528842,radio-transmitter, ,1-Tag,1,"Green python Morelia viridis, Cape York Australia",743482,8589980,54S,Australian Eastern Standard Time (Queensland),2003-02-10 14:52:00,2020-07-15, 
2191,2003-02-12 06:35:00,143.2425013,-12.74528842,radio-transmitter, ,1-Tag,1,"Green python Morelia viridis, Cape York Australia",743482,8589980,54S,Australian Eastern Standard Time (Queensland),2003-02-12 16:35:00,2020-07-15, 
2192,2003-02-14 02:17:00,143.242453,-12.74502677,radio-transmitter, ,1-Tag,1,"Green python Morelia viridis, Cape York Australia",743477,8590009,54S,Australian Eastern Standard Time (Queensland),2003-02-14 12:17:00,2020-07-15, 
2193,2003-02-16 03:05:00,143.2425908,-12.74185376,radio-transmitter, ,1-Tag,1,"Green python Morelia viridis, Cape York Australia",743495,8590360,54S,Australian Eastern Standard Time (Queensland),2003-02-16 13:05:00,2020-07-15, 
2194,2003-02-18 03:30:00,143.2431039,-12.74158734,radio-transmitter, ,1-Tag,1,"Green python Morelia viridis, Cape York Australia",743551,8590389,54S,Australian Eastern Standard Time (Queensland),2003-02-18 13:30:00,2020-07-15, 
2195,2003-02-26 22:35:00,143.2431316,-12.74158711,radio-transmitter, ,1-Tag,1,"Green python Morelia viridis, Cape York Australia",743554,8590389,54S,Australian Eastern Standard Time (Queensland),2003-02-27 08:35:00,2020-07-15, 
2196,2003-03-02 05:19:00,143.2431315,-12.74157807,radio-transmitter, ,1-Tag,1,"Green python Morelia viridis, Cape York Australia",743554,8590390,54S,Australian Eastern Standard Time (Queensland),2003-03-02 15:19:00,2020-07-15, 
2197,2003-03-14 06:08:00,143.2433184,-12.74189277,radio-transmitter, ,1-Tag,1,"Green python Morelia viridis, Cape York Australia",743574,8590355,54S,Australian Eastern Standard Time (Queensland),2003-03-14 16:08:00,2020-07-15, 
2198,2003-03-16 06:12:00,143.2437765,-12.74165393,radio-transmitter, ,1-Tag,1,"Green python Morelia viridis, Cape York Australia",743624,8590381,54S,Australian Eastern Standard Time (Queensland),2003-03-16 16:12:00,2020-07-15, 
2199,2003-03-25 03:58:00,143.2437679,-12.74171726,radio-transmitter, ,1-Tag,1,"Green python Morelia viridis, Cape York Australia",743623,8590374,54S,Australian Eastern Standard Time (Queensland),2003-03-25 13:58:00,2020-07-15, 
2200,2003-03-26 00:37:00,143.2437765,-12.74165393,radio-transmitter, ,1-Tag,1,"Green python Morelia viridis, Cape York Australia",743624,8590381,54S,Australian Eastern Standard Time (Queensland),2003-03-26 10:37:00,2020-07-15, 
2201,2003-03-28 00:24:00,143.2437679,-12.74171726,radio-transmitter, ,1-Tag,1,"Green python Morelia viridis, Cape York Australia",743623,8590374,54S,Australian Eastern Standard Time (Queensland),2003-03-28 10:24:00,2020-07-15, 
2202,2003-03-31 00:35:00,143.2437853,-12.74159964,radio-transmitter, ,1-Tag,1,"Green python Morelia viridis, Cape York Australia",743625,8590387,54S,Australian Eastern Standard Time (Queensland),2003-03-31 10:35:00,2020-07-15, 
2203,2003-04-02 04:16:00,143.2437036,-12.74173588,radio-transmitter, ,1-Tag,1,"Green python Morelia viridis, Cape York Australia",743616,8590372,54S,Australian Eastern Standard Time (Queensland),2003-04-02 14:16:00,2020-07-15, 
2204,2003-04-06 06:00:00,143.2437183,-12.74131103,radio-transmitter, ,1-Tag,1,"Green python Morelia viridis, Cape York Australia",743618,8590419,54S,Australian Eastern Standard Time (Queensland),2003-04-06 16:00:00,2020-07-15, 
2205,2003-04-08 03:47:00,143.2436892,-12.74114862,radio-transmitter, ,1-Tag,1,"Green python Morelia viridis, Cape York Australia",743615,8590437,54S,Australian Eastern Standard Time (Queensland),2003-04-08 13:47:00,2020-07-15, 
2206,2003-04-10 05:35:00,143.2448069,-12.7415729,radio-transmitter, ,1-Tag,1,"Green python Morelia viridis, Cape York Australia",743736,8590389,54S,Australian Eastern Standard Time (Queensland),2003-04-10 15:35:00,2020-07-15, 
2207,2003-04-11 04:42:00,143.2448068,-12.74156386,radio-transmitter, ,1-Tag,1,"Green python Morelia viridis, Cape York Australia",743736,8590390,54S,Australian Eastern Standard Time (Queensland),2003-04-11 14:42:00,2020-07-15, 
2208,2003-04-12 02:15:00,143.2448087,-12.74178072,radio-transmitter, ,1-Tag,1,"Green python Morelia viridis, Cape York Australia",743736,8590366,54S,Australian Eastern Standard Time (Queensland),2003-04-12 12:15:00,2020-07-15, 
2209,2003-05-26 04:48:00,143.2454832,-12.74206417,radio-transmitter, ,1-Tag,1,"Green python Morelia viridis, Cape York Australia",743809,8590334,54S,Australian Eastern Standard Time (Queensland),2003-05-26 14:48:00,2020-07-15, 
2210,2003-05-27 02:42:00,143.2456118,-12.74203597,radio-transmitter, ,1-Tag,1,"Green python Morelia viridis, Cape York Australia",743823,8590337,54S,Australian Eastern Standard Time (Queensland),2003-05-27 12:42:00,2020-07-15, 
2211,2003-05-28 02:20:00,143.2450134,-12.74203201,radio-transmitter, ,1-Tag,1,"Green python Morelia viridis, Cape York Australia",743758,8590338,54S,Australian Eastern Standard Time (Queensland),2003-05-28 12:20:00,2020-07-15, 
2212,2003-05-29 01:22:00,143.2448103,-12.74196144,radio-transmitter, ,1-Tag,1,"Green python Morelia viridis, Cape York Australia",743736,8590346,54S,Australian Eastern Standard Time (Queensland),2003-05-29 11:22:00,2020-07-15, 
2213,2003-05-30 06:50:00,143.2447547,-12.74191673,radio-transmitter, ,1-Tag,1,"Green python Morelia viridis, Cape York Australia",743730,8590351,54S,Australian Eastern Standard Time (Queensland),2003-05-30 16:50:00,2020-07-15, 
2214,2003-05-31 02:50:00,143.2447276,-12.74198022,radio-transmitter, ,1-Tag,1,"Green python Morelia viridis, Cape York Australia",743727,8590344,54S,Australian Eastern Standard Time (Queensland),2003-05-31 12:50:00,2020-07-15, 
2215,2003-06-01 02:40:00,143.2447732,-12.74192561,radio-transmitter, ,1-Tag,1,"Green python Morelia viridis, Cape York Australia",743732,8590350,54S,Australian Eastern Standard Time (Queensland),2003-06-01 12:40:00,2020-07-15, 
2216,2003-06-02 00:55:00,143.2447267,-12.74187178,radio-transmitter, ,1-Tag,1,"Green python Morelia viridis, Cape York Australia",743727,8590356,54S,Australian Eastern Standard Time (Queensland),2003-06-02 10:55:00,2020-07-15, 
2217,2003-06-03 02:15:00,143.2445879,-12.74179163,radio-transmitter, ,1-Tag,1,"Green python Morelia viridis, Cape York Australia",743712,8590365,54S,Australian Eastern Standard Time (Queensland),2003-06-03 12:15:00,2020-07-15, 
2218,2003-06-04 04:26:00,143.2444596,-12.74186501,radio-transmitter, ,1-Tag,1,"Green python Morelia viridis, Cape York Australia",743698,8590357,54S,Australian Eastern Standard Time (Queensland),2003-06-04 14:26:00,2020-07-15, 
2219,2003-09-10 04:58:00,143.2449786,-12.74225822,radio-transmitter, ,1-Tag,1,"Green python Morelia viridis, Cape York Australia",743754,8590313,54S,Australian Eastern Standard Time (Queensland),2003-09-10 14:58:00,2020-07-15, 
2220,2003-09-11 23:03:00,143.2446447,-12.74092364,radio-transmitter, ,1-Tag,1,"Green python Morelia viridis, Cape York Australia",743719,8590461,54S,Australian Eastern Standard Time (Queensland),2003-09-12 09:03:00,2020-07-15, 
2221,2003-09-12 23:34:00,143.2443301,-12.74074558,radio-transmitter, ,1-Tag,1,"Green python Morelia viridis, Cape York Australia",743685,8590481,54S,Australian Eastern Standard Time (Queensland),2003-09-13 09:34:00,2020-07-15, 
2222,2003-09-14 06:55:00,143.2443301,-12.74074558,radio-transmitter, ,1-Tag,1,"Green python Morelia viridis, Cape York Australia",743685,8590481,54S,Australian Eastern Standard Time (Queensland),2003-09-14 16:55:00,2020-07-15, 
2223,2003-09-14 22:42:00,143.2443301,-12.74074558,radio-transmitter, ,1-Tag,1,"Green python Morelia viridis, Cape York Australia",743685,8590481,54S,Australian Eastern Standard Time (Queensland),2003-09-15 08:42:00,2020-07-15, 
2224,2003-09-15 22:36:00,143.2442569,-12.74080042,radio-transmitter, ,1-Tag,1,"Green python Morelia viridis, Cape York Australia",743677,8590475,54S,Australian Eastern Standard Time (Queensland),2003-09-16 08:36:00,2020-07-15, 
2225,2003-09-16 23:07:00,143.2442569,-12.74079138,radio-transmitter, ,1-Tag,1,"Green python Morelia viridis, Cape York Australia",743677,8590476,54S,Australian Eastern Standard Time (Queensland),2003-09-17 09:07:00,2020-07-15, 
2226,2003-09-17 06:44:00,143.2442569,-12.74079138,radio-transmitter, ,1-Tag,1,"Green python Morelia viridis, Cape York Australia",743677,8590476,54S,Australian Eastern Standard Time (Queensland),2003-09-17 16:44:00,2020-07-15, 
2227,2003-09-20 02:36:00,143.2442569,-12.74079138,radio-transmitter, ,1-Tag,1,"Green python Morelia viridis, Cape York Australia",743677,8590476,54S,Australian Eastern Standard Time (Queensland),2003-09-20 12:36:00,2020-07-15, 
2228,2003-09-20 22:52:00,143.2442904,-12.7414598,radio-transmitter, ,1-Tag,1,"Green python Morelia viridis, Cape York Australia",743680,8590402,54S,Australian Eastern Standard Time (Queensland),2003-09-21 08:52:00,2020-07-15, 
2229,2003-09-22 04:50:00,143.2442904,-12.7414598,radio-transmitter, ,1-Tag,1,"Green python Morelia viridis, Cape York Australia",743680,8590402,54S,Australian Eastern Standard Time (Queensland),2003-09-22 14:50:00,2020-07-15, 
2230,2003-09-22 23:30:00,143.2442904,-12.7414598,radio-transmitter, ,1-Tag,1,"Green python Morelia viridis, Cape York Australia",743680,8590402,54S,Australian Eastern Standard Time (Queensland),2003-09-23 09:30:00,2020-07-15, 
2231,2003-09-24 07:00:00,143.2448274,-12.74181671,radio-transmitter, ,1-Tag,1,"Green python Morelia viridis, Cape York Australia",743738,8590362,54S,Australian Eastern Standard Time (Queensland),2003-09-24 17:00:00,2020-07-15, 
2232,2003-09-24 23:32:00,143.2453043,-12.74161386,radio-transmitter, ,1-Tag,1,"Green python Morelia viridis, Cape York Australia",743790,8590384,54S,Australian Eastern Standard Time (Queensland),2003-09-25 09:32:00,2020-07-15, 
2233,2003-09-26 02:24:00,143.2454516,-12.74161261,radio-transmitter, ,1-Tag,1,"Green python Morelia viridis, Cape York Australia",743806,8590384,54S,Australian Eastern Standard Time (Queensland),2003-09-26 12:24:00,2020-07-15, 
2234,2003-09-26 23:15:00,143.2454698,-12.74158534,radio-transmitter, ,1-Tag,1,"Green python Morelia viridis, Cape York Australia",743808,8590387,54S,Australian Eastern Standard Time (Queensland),2003-09-27 09:15:00,2020-07-15, 
2235,2003-09-28 02:57:00,143.245497,-12.74153993,radio-transmitter, ,1-Tag,1,"Green python Morelia viridis, Cape York Australia",743811,8590392,54S,Australian Eastern Standard Time (Queensland),2003-09-28 12:57:00,2020-07-15, 
2236,2003-09-29 07:44:00,143.2455514,-12.7414491,radio-transmitter, ,1-Tag,1,"Green python Morelia viridis, Cape York Australia",743817,8590402,54S,Australian Eastern Standard Time (Queensland),2003-09-29 17:44:00,2020-07-15, 
2237,2003-10-02 02:58:00,143.2455972,-12.7414216,radio-transmitter, ,1-Tag,1,"Green python Morelia viridis, Cape York Australia",743822,8590405,54S,Australian Eastern Standard Time (Queensland),2003-10-02 12:58:00,2020-07-15, 
2238,2003-10-04 00:49:00,143.24557,-12.74146702,radio-transmitter, ,1-Tag,1,"Green python Morelia viridis, Cape York Australia",743819,8590400,54S,Australian Eastern Standard Time (Queensland),2003-10-04 10:49:00,2020-07-15, 
2239,2003-10-04 22:13:00,143.24557,-12.74146702,radio-transmitter, ,1-Tag,1,"Green python Morelia viridis, Cape York Australia",743819,8590400,54S,Australian Eastern Standard Time (Queensland),2003-10-05 08:13:00,2020-07-15, 
2240,2003-11-06 07:05:00,143.24557,-12.74146702,radio-transmitter, ,1-Tag,1,"Green python Morelia viridis, Cape York Australia",743819,8590400,54S,Australian Eastern Standard Time (Queensland),2003-11-06 17:05:00,2020-07-15, 
2241,2003-11-07 23:32:00,143.2455284,-12.74092517,radio-transmitter, ,1-Tag,1,"Green python Morelia viridis, Cape York Australia",743815,8590460,54S,Australian Eastern Standard Time (Queensland),2003-11-08 09:32:00,2020-07-15, 
2242,2003-11-10 05:53:00,143.2453983,-12.74078169,radio-transmitter, ,1-Tag,1,"Green python Morelia viridis, Cape York Australia",743801,8590476,54S,Australian Eastern Standard Time (Queensland),2003-11-10 15:53:00,2020-07-15, 
2243,2003-11-11 23:35:00,143.2453983,-12.74078169,radio-transmitter, ,1-Tag,1,"Green python Morelia viridis, Cape York Australia",743801,8590476,54S,Australian Eastern Standard Time (Queensland),2003-11-12 09:35:00,2020-07-15, 
2244,2003-11-13 23:31:00,143.2453983,-12.74078169,radio-transmitter, ,1-Tag,1,"Green python Morelia viridis, Cape York Australia",743801,8590476,54S,Australian Eastern Standard Time (Queensland),2003-11-14 09:31:00,2020-07-15, 
2245,2003-11-15 23:45:00,143.2453983,-12.74078169,radio-transmitter, ,1-Tag,1,"Green python Morelia viridis, Cape York Australia",743801,8590476,54S,Australian Eastern Standard Time (Queensland),2003-11-16 09:45:00,2020-07-15, 
2246,2003-11-17 23:40:00,143.2453983,-12.74078169,radio-transmitter, ,1-Tag,1,"Green python Morelia viridis, Cape York Australia",743801,8590476,54S,Australian Eastern Standard Time (Queensland),2003-11-18 09:40:00,2020-07-15, 
2247,2003-11-19 22:20:00,143.2451577,-12.74064819,radio-transmitter, ,1-Tag,1,"Green python Morelia viridis, Cape York Australia",743775,8590491,54S,Australian Eastern Standard Time (Queensland),2003-11-20 08:20:00,2020-07-15, 
2248,2003-11-21 23:54:00,143.2448068,-12.74052465,radio-transmitter, ,1-Tag,1,"Green python Morelia viridis, Cape York Australia",743737,8590505,54S,Australian Eastern Standard Time (Queensland),2003-11-22 09:54:00,2020-07-15, 
2249,2003-11-24 00:00:00,143.2443764,-12.74078133,radio-transmitter, ,1-Tag,1,"Green python Morelia viridis, Cape York Australia",743690,8590477,54S,Australian Eastern Standard Time (Queensland),2003-11-24 10:00:00,2020-07-15, 
2250,2003-11-25 23:06:00,143.2444325,-12.74088026,radio-transmitter, ,1-Tag,1,"Green python Morelia viridis, Cape York Australia",743696,8590466,54S,Australian Eastern Standard Time (Queensland),2003-11-26 09:06:00,2020-07-15, 
2251,2003-11-27 23:44:00,143.2443509,-12.7410165,radio-transmitter, ,1-Tag,1,"Green python Morelia viridis, Cape York Australia",743687,8590451,54S,Australian Eastern Standard Time (Queensland),2003-11-28 09:44:00,2020-07-15, 
2252,2003-11-29 23:23:00,143.2443509,-12.7410165,radio-transmitter, ,1-Tag,1,"Green python Morelia viridis, Cape York Australia",743687,8590451,54S,Australian Eastern Standard Time (Queensland),2003-11-30 09:23:00,2020-07-15, 
2253,2003-12-02 01:30:00,143.2444048,-12.74087145,radio-transmitter, ,1-Tag,1,"Green python Morelia viridis, Cape York Australia",743693,8590467,54S,Australian Eastern Standard Time (Queensland),2003-12-02 11:30:00,2020-07-15, 
2254,2003-12-03 23:52:00,143.2444048,-12.74087145,radio-transmitter, ,1-Tag,1,"Green python Morelia viridis, Cape York Australia",743693,8590467,54S,Australian Eastern Standard Time (Queensland),2003-12-04 09:52:00,2020-07-15, 
2255,2003-12-05 23:52:00,143.2444048,-12.74087145,radio-transmitter, ,1-Tag,1,"Green python Morelia viridis, Cape York Australia",743693,8590467,54S,Australian Eastern Standard Time (Queensland),2003-12-06 09:52:00,2020-07-15, 
2256,2003-12-19 01:37:00,143.2444233,-12.74088033,radio-transmitter, ,1-Tag,1,"Green python Morelia viridis, Cape York Australia",743695,8590466,54S,Australian Eastern Standard Time (Queensland),2003-12-19 11:37:00,2020-07-15, 
2257,2003-12-22 00:23:00,143.2433285,-12.74200112,radio-transmitter, ,1-Tag,1,"Green python Morelia viridis, Cape York Australia",743575,8590343,54S,Australian Eastern Standard Time (Queensland),2003-12-22 10:23:00,2020-07-15, 
2258,2003-12-24 00:06:00,143.2433288,-12.74203727,radio-transmitter, ,1-Tag,1,"Green python Morelia viridis, Cape York Australia",743575,8590339,54S,Australian Eastern Standard Time (Queensland),2003-12-24 10:06:00,2020-07-15, 
2259,2003-12-26 00:56:00,143.2430741,-12.74238282,radio-transmitter, ,1-Tag,1,"Green python Morelia viridis, Cape York Australia",743547,8590301,54S,Australian Eastern Standard Time (Queensland),2003-12-26 10:56:00,2020-07-15, 
2260,2003-12-28 00:37:00,143.2429906,-12.74231123,radio-transmitter, ,1-Tag,1,"Green python Morelia viridis, Cape York Australia",743538,8590309,54S,Australian Eastern Standard Time (Queensland),2003-12-28 10:37:00,2020-07-15, 
2261,2003-12-29 23:46:00,143.2436372,-12.74151053,radio-transmitter, ,1-Tag,1,"Green python Morelia viridis, Cape York Australia",743609,8590397,54S,Australian Eastern Standard Time (Queensland),2003-12-30 09:46:00,2020-07-15, 
2262,2004-01-01 01:08:00,143.2436001,-12.74148373,radio-transmitter, ,1-Tag,1,"Green python Morelia viridis, Cape York Australia",743605,8590400,54S,Australian Eastern Standard Time (Queensland),2004-01-01 11:08:00,2020-07-15, 
2263,2004-01-03 00:02:00,143.2435357,-12.74148428,radio-transmitter, ,1-Tag,1,"Green python Morelia viridis, Cape York Australia",743598,8590400,54S,Australian Eastern Standard Time (Queensland),2004-01-03 10:02:00,2020-07-15, 
2264,2004-01-05 01:09:00,143.2435087,-12.7415568,radio-transmitter, ,1-Tag,1,"Green python Morelia viridis, Cape York Australia",743595,8590392,54S,Australian Eastern Standard Time (Queensland),2004-01-05 11:09:00,2020-07-15, 
2265,2004-01-07 22:53:00,143.2435087,-12.7415568,radio-transmitter, ,1-Tag,1,"Green python Morelia viridis, Cape York Australia",743595,8590392,54S,Australian Eastern Standard Time (Queensland),2004-01-08 08:53:00,2020-07-15, 
2266,2004-01-09 22:58:00,143.2435087,-12.7415568,radio-transmitter, ,1-Tag,1,"Green python Morelia viridis, Cape York Australia",743595,8590392,54S,Australian Eastern Standard Time (Queensland),2004-01-10 08:58:00,2020-07-15, 
2267,2004-01-11 23:09:00,143.2436176,-12.74137514,radio-transmitter, ,1-Tag,1,"Green python Morelia viridis, Cape York Australia",743607,8590412,54S,Australian Eastern Standard Time (Queensland),2004-01-12 09:09:00,2020-07-15, 
2268,2004-01-13 22:05:00,143.2438557,-12.74123758,radio-transmitter, ,1-Tag,1,"Green python Morelia viridis, Cape York Australia",743633,8590427,54S,Australian Eastern Standard Time (Queensland),2004-01-14 08:05:00,2020-07-15, 
2269,2004-01-16 03:07:00,143.2438557,-12.74123758,radio-transmitter, ,1-Tag,1,"Green python Morelia viridis, Cape York Australia",743633,8590427,54S,Australian Eastern Standard Time (Queensland),2004-01-16 13:07:00,2020-07-15, 
2270,2004-01-17 22:32:00,143.2438373,-12.74123773,radio-transmitter, ,1-Tag,1,"Green python Morelia viridis, Cape York Australia",743631,8590427,54S,Australian Eastern Standard Time (Queensland),2004-01-18 08:32:00,2020-07-15, 
2271,2004-01-19 00:36:00,143.2439393,-12.7413182,radio-transmitter, ,1-Tag,1,"Green python Morelia viridis, Cape York Australia",743642,8590418,54S,Australian Eastern Standard Time (Queensland),2004-01-19 10:36:00,2020-07-15, 
2272,2004-01-20 22:50:00,143.2439041,-12.74149923,radio-transmitter, ,1-Tag,1,"Green python Morelia viridis, Cape York Australia",743638,8590398,54S,Australian Eastern Standard Time (Queensland),2004-01-21 08:50:00,2020-07-15, 
2273,2004-01-23 00:29:00,143.2439587,-12.74143551,radio-transmitter, ,1-Tag,1,"Green python Morelia viridis, Cape York Australia",743644,8590405,54S,Australian Eastern Standard Time (Queensland),2004-01-23 10:29:00,2020-07-15, 
2274,2004-01-24 22:53:00,143.2439395,-12.7413453,radio-transmitter, ,1-Tag,1,"Green python Morelia viridis, Cape York Australia",743642,8590415,54S,Australian Eastern Standard Time (Queensland),2004-01-25 08:53:00,2020-07-15, 
2275,2004-01-26 22:37:00,143.2439395,-12.7413453,radio-transmitter, ,1-Tag,1,"Green python Morelia viridis, Cape York Australia",743642,8590415,54S,Australian Eastern Standard Time (Queensland),2004-01-27 08:37:00,2020-07-15, 
2276,2004-01-28 23:28:00,143.2440306,-12.74123609,radio-transmitter, ,1-Tag,1,"Green python Morelia viridis, Cape York Australia",743652,8590427,54S,Australian Eastern Standard Time (Queensland),2004-01-29 09:28:00,2020-07-15, 
2277,2004-01-30 23:42:00,143.2444256,-12.74218158,radio-transmitter, ,1-Tag,1,"Green python Morelia viridis, Cape York Australia",743694,8590322,54S,Australian Eastern Standard Time (Queensland),2004-01-31 09:42:00,2020-07-15, 
2278,2004-01-31 02:24:00,143.2438562,-12.74129179,radio-transmitter, ,1-Tag,1,"Green python Morelia viridis, Cape York Australia",743633,8590421,54S,Australian Eastern Standard Time (Queensland),2004-01-31 12:24:00,2020-07-15, 
2279,2004-02-01 22:10:00,143.244792,-12.74197967,radio-transmitter, ,1-Tag,1,"Green python Morelia viridis, Cape York Australia",743734,8590344,54S,Australian Eastern Standard Time (Queensland),2004-02-02 08:10:00,2020-07-15, 
2280,2004-02-04 05:52:00,143.2451775,-12.74184085,radio-transmitter, ,1-Tag,1,"Green python Morelia viridis, Cape York Australia",743776,8590359,54S,Australian Eastern Standard Time (Queensland),2004-02-04 15:52:00,2020-07-15, 
2281,2004-02-05 23:44:00,143.2451482,-12.74165133,radio-transmitter, ,1-Tag,1,"Green python Morelia viridis, Cape York Australia",743773,8590380,54S,Australian Eastern Standard Time (Queensland),2004-02-06 09:44:00,2020-07-15, 
2282,2004-02-08 03:42:00,143.2451482,-12.74165133,radio-transmitter, ,1-Tag,1,"Green python Morelia viridis, Cape York Australia",743773,8590380,54S,Australian Eastern Standard Time (Queensland),2004-02-08 13:42:00,2020-07-15, 
2283,2004-02-09 22:54:00,143.2450377,-12.74165227,radio-transmitter, ,1-Tag,1,"Green python Morelia viridis, Cape York Australia",743761,8590380,54S,Australian Eastern Standard Time (Queensland),2004-02-10 08:54:00,2020-07-15, 
2284,2004-02-11 23:15:00,143.2449993,-12.74147186,radio-transmitter, ,1-Tag,1,"Green python Morelia viridis, Cape York Australia",743757,8590400,54S,Australian Eastern Standard Time (Queensland),2004-02-12 09:15:00,2020-07-15, 
2285,2004-02-13 23:05:00,143.2448946,-12.74108418,radio-transmitter, ,1-Tag,1,"Green python Morelia viridis, Cape York Australia",743746,8590443,54S,Australian Eastern Standard Time (Queensland),2004-02-14 09:05:00,2020-07-15, 
2286,2004-02-15 23:42:00,143.2447834,-12.74099475,radio-transmitter, ,1-Tag,1,"Green python Morelia viridis, Cape York Australia",743734,8590453,54S,Australian Eastern Standard Time (Queensland),2004-02-16 09:42:00,2020-07-15, 
2287,2004-02-18 23:02:00,143.2445891,-12.74088796,radio-transmitter, ,1-Tag,1,"Green python Morelia viridis, Cape York Australia",743713,8590465,54S,Australian Eastern Standard Time (Queensland),2004-02-19 09:02:00,2020-07-15, 
2288,2004-02-20 22:44:00,143.2445891,-12.74088796,radio-transmitter, ,1-Tag,1,"Green python Morelia viridis, Cape York Australia",743713,8590465,54S,Australian Eastern Standard Time (Queensland),2004-02-21 08:44:00,2020-07-15, 
2289,2004-02-22 22:56:00,143.2443115,-12.74072766,radio-transmitter, ,1-Tag,1,"Green python Morelia viridis, Cape York Australia",743683,8590483,54S,Australian Eastern Standard Time (Queensland),2004-02-23 08:56:00,2020-07-15, 
2290,2004-02-24 22:38:00,143.2442201,-12.74080073,radio-transmitter, ,1-Tag,1,"Green python Morelia viridis, Cape York Australia",743673,8590475,54S,Australian Eastern Standard Time (Queensland),2004-02-25 08:38:00,2020-07-15, 
2291,2004-02-27 23:47:00,143.2439632,-12.74089327,radio-transmitter, ,1-Tag,1,"Green python Morelia viridis, Cape York Australia",743645,8590465,54S,Australian Eastern Standard Time (Queensland),2004-02-28 09:47:00,2020-07-15, 
2292,2004-03-01 01:54:00,143.2439632,-12.74089327,radio-transmitter, ,1-Tag,1,"Green python Morelia viridis, Cape York Australia",743645,8590465,54S,Australian Eastern Standard Time (Queensland),2004-03-01 11:54:00,2020-07-15, 
2293,2004-03-03 00:17:00,143.2439632,-12.74089327,radio-transmitter, ,1-Tag,1,"Green python Morelia viridis, Cape York Australia",743645,8590465,54S,Australian Eastern Standard Time (Queensland),2004-03-03 10:17:00,2020-07-15, 
2294,2004-03-06 00:27:00,143.2439632,-12.74089327,radio-transmitter, ,1-Tag,1,"Green python Morelia viridis, Cape York Australia",743645,8590465,54S,Australian Eastern Standard Time (Queensland),2004-03-06 10:27:00,2020-07-15, 
2295,2004-03-08 00:34:00,143.2439632,-12.74089327,radio-transmitter, ,1-Tag,1,"Green python Morelia viridis, Cape York Australia",743645,8590465,54S,Australian Eastern Standard Time (Queensland),2004-03-08 10:34:00,2020-07-15, 
2296,2004-03-10 00:34:00,143.2439632,-12.74089327,radio-transmitter, ,1-Tag,1,"Green python Morelia viridis, Cape York Australia",743645,8590465,54S,Australian Eastern Standard Time (Queensland),2004-03-10 10:34:00,2020-07-15, 
2297,2004-03-14 06:07:00,143.2436596,-12.74091392,radio-transmitter, ,1-Tag,1,"Green python Morelia viridis, Cape York Australia",743612,8590463,54S,Australian Eastern Standard Time (Queensland),2004-03-14 16:07:00,2020-07-15, 
2298,2004-03-16 02:51:00,143.2434745,-12.74080705,radio-transmitter, ,1-Tag,1,"Green python Morelia viridis, Cape York Australia",743592,8590475,54S,Australian Eastern Standard Time (Queensland),2004-03-16 12:51:00,2020-07-15, 
2299,2004-03-19 03:15:00,143.2435839,-12.74067961,radio-transmitter, ,1-Tag,1,"Green python Morelia viridis, Cape York Australia",743604,8590489,54S,Australian Eastern Standard Time (Queensland),2004-03-19 13:15:00,2020-07-15, 
2300,2004-03-21 03:34:00,143.243875,-12.74133681,radio-transmitter, ,1-Tag,1,"Green python Morelia viridis, Cape York Australia",743635,8590416,54S,Australian Eastern Standard Time (Queensland),2004-03-21 13:34:00,2020-07-15, 
2301,2004-03-23 03:23:00,143.2438195,-12.74131018,radio-transmitter, ,1-Tag,1,"Green python Morelia viridis, Cape York Australia",743629,8590419,54S,Australian Eastern Standard Time (Queensland),2004-03-23 13:23:00,2020-07-15, 
2302,2004-03-25 02:45:00,143.2437656,-12.74145522,radio-transmitter, ,1-Tag,1,"Green python Morelia viridis, Cape York Australia",743623,8590403,54S,Australian Eastern Standard Time (Queensland),2004-03-25 12:45:00,2020-07-15, 
2303,2004-03-27 02:52:00,143.2438195,-12.74131018,radio-transmitter, ,1-Tag,1,"Green python Morelia viridis, Cape York Australia",743629,8590419,54S,Australian Eastern Standard Time (Queensland),2004-03-27 12:52:00,2020-07-15, 
2304,2004-03-29 02:42:00,143.2438195,-12.74131018,radio-transmitter, ,1-Tag,1,"Green python Morelia viridis, Cape York Australia",743629,8590419,54S,Australian Eastern Standard Time (Queensland),2004-03-29 12:42:00,2020-07-15, 
2305,2004-04-01 06:29:00,143.2439844,-12.74121841,radio-transmitter, ,1-Tag,1,"Green python Morelia viridis, Cape York Australia",743647,8590429,54S,Australian Eastern Standard Time (Queensland),2004-04-01 16:29:00,2020-07-15, 